Route_Link,Route_Name,Bus_names,Departingtime,Total_duration,Boardingtime,Star_Ratings,Prices,Seats_Available,Bus_type
https://www.redbus.in/bus-tickets/hyderabad-to-vijayawada,Hyderabad to Vijayawada,FRESHBUS,12:00,07h 10m,19:10,4.8,355,32 Seats available,Electric A/C Seater (2+2)
https://www.redbus.in/bus-tickets/hyderabad-to-vijayawada,Hyderabad to Vijayawada,FRESHBUS,12:40,07h 00m,19:40,4.7,355,36 Seats available,Electric A/C Seater (2+2)
https://www.redbus.in/bus-tickets/hyderabad-to-vijayawada,Hyderabad to Vijayawada,IntrCity SmartBus,23:10,07h 05m,06:15,4.6,INR 449,32 Seats available,A/C Seater / Sleeper (2+1)
https://www.redbus.in/bus-tickets/hyderabad-to-vijayawada,Hyderabad to Vijayawada,AdYolo Bus,22:46,06h 38m,05:24,3.6,INR 1760,44 Seats available,A/C Seater/Sleeper (2+1)
https://www.redbus.in/bus-tickets/hyderabad-to-vijayawada,Hyderabad to Vijayawada,FRESHBUS,10:15,07h 10m,17:25,4.7,355,8 Seats available,Electric A/C Seater (2+2)
https://www.redbus.in/bus-tickets/hyderabad-to-vijayawada,Hyderabad to Vijayawada,FRESHBUS,16:35,07h 30m,00:05,4.7,341,41 Seats available,Electric A/C Seater (2+2)
https://www.redbus.in/bus-tickets/hyderabad-to-vijayawada,Hyderabad to Vijayawada,FRESHBUS,22:35,06h 50m,05:25,4.6,413,20 Seats available,Electric A/C Seater (2+2)
https://www.redbus.in/bus-tickets/hyderabad-to-vijayawada,Hyderabad to Vijayawada,AdZingbus Plus,21:55,07h 50m,05:45,4.0,403,34 Seats available,Bharat Benz A/C Seater /Sleeper (2+1)
https://www.redbus.in/bus-tickets/hyderabad-to-vijayawada,Hyderabad to Vijayawada,FRESHBUS,11:10,07h 05m,18:15,4.6,355,33 Seats available,Electric A/C Seater (2+2)
https://www.redbus.in/bus-tickets/hyderabad-to-vijayawada,Hyderabad to Vijayawada,FRESHBUS,23:40,06h 50m,06:30,4.5,395,26 Seats available,Electric A/C Seater (2+2)
https://www.redbus.in/bus-tickets/hyderabad-to-vijayawada,Hyderabad to Vijayawada,FRESHBUS,23:59,06h 31m,06:30,4.4,395,35 Seats available,Electric A/C Seater (2+2)
https://www.redbus.in/bus-tickets/hyderabad-to-vijayawada,Hyderabad to Vijayawada,Sri Durga Malleswari Travels,23:10,06h 15m,05:25,4.4,630,3 Seats available,A/C Sleeper (2+1)
https://www.redbus.in/bus-tickets/hyderabad-to-vijayawada,Hyderabad to Vijayawada,IntrCity SmartBus,23:45,06h 25m,06:10,4.6,INR 519,25 Seats available,A/C Seater / Sleeper (2+1)
https://www.redbus.in/bus-tickets/hyderabad-to-vijayawada,Hyderabad to Vijayawada,IntrCity SmartBus,23:30,07h 20m,06:50,4.6,INR 689,21 Seats available,AC Sleeper (2+1)
https://www.redbus.in/bus-tickets/hyderabad-to-vijayawada,Hyderabad to Vijayawada,NueGo,21:30,07h 15m,04:45,4.5,332,18 Seats available,Electric A/C Seater (2+2)
https://www.redbus.in/bus-tickets/hyderabad-to-vijayawada,Hyderabad to Vijayawada,IntrCity SmartBus,23:05,06h 55m,06:00,4.4,INR 459,32 Seats available,A/C Seater / Sleeper (2+1)
https://www.redbus.in/bus-tickets/hyderabad-to-vijayawada,Hyderabad to Vijayawada,IntrCity SmartBus,00:01,05h 44m,05:45,4.5,INR 759,22 Seats available,AC Sleeper (2+1)
https://www.redbus.in/bus-tickets/hyderabad-to-vijayawada,Hyderabad to Vijayawada,IntrCity SmartBus,23:45,06h 45m,06:30,4.6,INR 449,25 Seats available,A/C Seater / Sleeper (2+1)
https://www.redbus.in/bus-tickets/hyderabad-to-vijayawada,Hyderabad to Vijayawada,NueGo,16:00,07h 00m,23:00,4.4,332,13 Seats available,Electric A/C Seater (2+2)
https://www.redbus.in/bus-tickets/hyderabad-to-vijayawada,Hyderabad to Vijayawada,IntrCity SmartBus,23:25,06h 45m,06:10,4.4,INR 729,21 Seats available,Scania AC Multi Axle Sleeper (2+1)
https://www.redbus.in/bus-tickets/hyderabad-to-vijayawada,Hyderabad to Vijayawada,Sri Sanvi Tours and Travels,23:12,05h 41m,04:53,4.4,989,20 Seats available,A/C Sleeper (2+1)
https://www.redbus.in/bus-tickets/hyderabad-to-vijayawada,Hyderabad to Vijayawada,NueGo,22:00,07h 10m,05:10,4.3,479,15 Seats available,Electric A/C Seater/Sleeper (2+1)
https://www.redbus.in/bus-tickets/hyderabad-to-vijayawada,Hyderabad to Vijayawada,Sri Durga Malleswari Travels,23:10,05h 25m,04:35,4.2,675,14 Seats available,A/C Sleeper (2+1)
https://www.redbus.in/bus-tickets/hyderabad-to-vijayawada,Hyderabad to Vijayawada,Sri KVR Travels,23:35,05h 50m,05:25,4.4,INR 789,26 Seats available,A/C Sleeper (2+1)
https://www.redbus.in/bus-tickets/hyderabad-to-vijayawada,Hyderabad to Vijayawada,Sri Durga Malleswari Travels,21:00,07h 40m,04:40,4.2,450,6 Seats available,A/C Seater / Sleeper (2+1)
https://www.redbus.in/bus-tickets/hyderabad-to-vijayawada,Hyderabad to Vijayawada,NueGo,23:30,07h 10m,06:40,4.2,660,13 Seats available,Electric A/C Sleeper (2+1)
https://www.redbus.in/bus-tickets/hyderabad-to-vijayawada,Hyderabad to Vijayawada,NueGo,10:00,06h 50m,16:50,4.2,332,9 Seats available,Electric A/C Seater (2+2)
https://www.redbus.in/bus-tickets/hyderabad-to-vijayawada,Hyderabad to Vijayawada,NueGo,22:30,07h 05m,05:35,4.1,332,22 Seats available,Electric A/C Seater (2+2)
https://www.redbus.in/bus-tickets/hyderabad-to-vijayawada,Hyderabad to Vijayawada,IntrCity SmartBus,22:45,07h 10m,05:55,4.2,INR 689,16 Seats available,AC Sleeper (2+1)
https://www.redbus.in/bus-tickets/hyderabad-to-vijayawada,Hyderabad to Vijayawada,Zingbus Plus,15:55,07h 50m,23:45,4.3,1264,26 Seats available,A/C Sleeper (2+1)
https://www.redbus.in/bus-tickets/hyderabad-to-vijayawada,Hyderabad to Vijayawada,NueGo,13:30,07h 05m,20:35,4.1,332,22 Seats available,Electric A/C Seater (2+2)
https://www.redbus.in/bus-tickets/hyderabad-to-vijayawada,Hyderabad to Vijayawada,Svkdt travels,23:35,06h 15m,05:50,4.1,INR 589,18 Seats available,A/C Sleeper (2+1)
https://www.redbus.in/bus-tickets/hyderabad-to-vijayawada,Hyderabad to Vijayawada,IntrCity SmartBus,23:59,06h 26m,06:25,4.1,INR 699,25 Seats available,Scania AC Multi Axle Sleeper (2+1)
https://www.redbus.in/bus-tickets/hyderabad-to-vijayawada,Hyderabad to Vijayawada,Vikram Travels,23:15,06h 10m,05:25,4.3,584,24 Seats available,VE A/C Sleeper (2+1)
https://www.redbus.in/bus-tickets/hyderabad-to-vijayawada,Hyderabad to Vijayawada,NueGo,12:00,06h 50m,18:50,4.1,332,6 Seats available,Electric A/C Seater (2+2)
https://www.redbus.in/bus-tickets/hyderabad-to-vijayawada,Hyderabad to Vijayawada,NueGo,22:35,07h 05m,05:40,4.1,369,16 Seats available,Electric A/C Semi Sleeper (2+2)
https://www.redbus.in/bus-tickets/hyderabad-to-vijayawada,Hyderabad to Vijayawada,Zingbus Plus,23:10,06h 45m,05:55,4.0,404,29 Seats available,A/C Seater / Sleeper (2+1)
https://www.redbus.in/bus-tickets/hyderabad-to-vijayawada,Hyderabad to Vijayawada,NueGo,09:55,07h 15m,17:10,4.3,400,12 Seats available,Electric A/C Semi Sleeper (2+2)
https://www.redbus.in/bus-tickets/hyderabad-to-vijayawada,Hyderabad to Vijayawada,Svkdt travels,23:35,05h 55m,05:30,4.1,INR 449,12 Seats available,A/C Seater / Sleeper (2+1)
https://www.redbus.in/bus-tickets/hyderabad-to-vijayawada,Hyderabad to Vijayawada,Sri KVR Travels,23:05,05h 15m,04:20,4.2,INR 444,34 Seats available,Non A/C Seater / Sleeper (2+1)
https://www.redbus.in/bus-tickets/hyderabad-to-vijayawada,Hyderabad to Vijayawada,NueGo,23:00,07h 00m,06:00,4.0,514,11 Seats available,Electric A/C Seater/Sleeper (2+1)
https://www.redbus.in/bus-tickets/hyderabad-to-vijayawada,Hyderabad to Vijayawada,NueGo,10:30,07h 00m,17:30,4.0,332,6 Seats available,Electric A/C Seater/Sleeper (2+1)
https://www.redbus.in/bus-tickets/hyderabad-to-vijayawada,Hyderabad to Vijayawada,NueGo,23:15,07h 20m,06:35,4.1,404,17 Seats available,Electric A/C Semi Sleeper (2+2)
https://www.redbus.in/bus-tickets/hyderabad-to-vijayawada,Hyderabad to Vijayawada,Tirumala Travels,20:30,08h 00m,04:30,4.5,665,15 Seats available,A/C Sleeper (2+1)
https://www.redbus.in/bus-tickets/hyderabad-to-vijayawada,Hyderabad to Vijayawada,Yolo Bus,00:10,04h 50m,05:00,3.8,INR 400,36 Seats available,Bharat Benz A/C Seater /Sleeper (2+1)
https://www.redbus.in/bus-tickets/hyderabad-to-vijayawada,Hyderabad to Vijayawada,V Kaveri Travels,23:00,05h 15m,04:15,4.1,INR 600,22 Seats available,A/C Seater / Sleeper (2+1)
https://www.redbus.in/bus-tickets/hyderabad-to-vijayawada,Hyderabad to Vijayawada,Sri Sanvi Tours and Travels,23:25,05h 45m,05:10,4.7,989,22 Seats available,A/C Sleeper (2+1)
https://www.redbus.in/bus-tickets/hyderabad-to-vijayawada,Hyderabad to Vijayawada,NueGo,22:30,07h 30m,06:00,3.7,332,20 Seats available,Electric A/C Seater (2+2)
https://www.redbus.in/bus-tickets/hyderabad-to-vijayawada,Hyderabad to Vijayawada,Kaveri Travels,22:00,06h 05m,04:05,3.9,INR 1080,17 Seats available,Volvo Multi Axle A/C Sleeper I-Shift B11R (2+1)
https://www.redbus.in/bus-tickets/hyderabad-to-vijayawada,Hyderabad to Vijayawada,Tirumala Xpress,23:00,06h 50m,05:50,3.8,512,25 Seats available,A/C Sleeper (2+1)
https://www.redbus.in/bus-tickets/hyderabad-to-vijayawada,Hyderabad to Vijayawada,IntrCity SmartBus,00:15,06h 10m,06:25,4.8,INR 469,26 Seats available,VE A/C Seater / Sleeper (2+1)
https://www.redbus.in/bus-tickets/hyderabad-to-vijayawada,Hyderabad to Vijayawada,NueGo,17:40,06h 55m,00:35,4.1,369,29 Seats available,Electric A/C Semi Sleeper (2+2)
https://www.redbus.in/bus-tickets/hyderabad-to-vijayawada,Hyderabad to Vijayawada,Holidays Tours and Travels,22:30,05h 54m,04:24,4.6,INR 729,23 Seats available,A/C Seater / Sleeper (2+1)
https://www.redbus.in/bus-tickets/hyderabad-to-vijayawada,Hyderabad to Vijayawada,Svkdt travels,23:35,06h 15m,05:50,3.7,INR 489,15 Seats available,A/C Sleeper (2+1)
https://www.redbus.in/bus-tickets/hyderabad-to-vijayawada,Hyderabad to Vijayawada,IntrCity SmartBus,20:50,07h 30m,04:20,4.1,INR 499,22 Seats available,A/C Seater / Sleeper (2+1)
https://www.redbus.in/bus-tickets/hyderabad-to-vijayawada,Hyderabad to Vijayawada,Anjani Bus,22:40,06h 00m,04:40,3.7,INR 449,28 Seats available,A/C Seater / Sleeper (2+1)
https://www.redbus.in/bus-tickets/hyderabad-to-vijayawada,Hyderabad to Vijayawada,Go Tour Travels and Holidays,22:48,05h 27m,04:15,4.3,672,11 Seats available,A/C Seater / Sleeper (2+1)
https://www.redbus.in/bus-tickets/hyderabad-to-vijayawada,Hyderabad to Vijayawada,Yolo Bus,23:26,06h 38m,06:04,4.0,INR 720,21 Seats available,A/C Sleeper (2+1)
https://www.redbus.in/bus-tickets/hyderabad-to-vijayawada,Hyderabad to Vijayawada,Orange Tours and Travels,23:00,06h 30m,05:30,3.6,INR 500,31 Seats available,NON AC Seater / Sleeper 2+1
https://www.redbus.in/bus-tickets/hyderabad-to-vijayawada,Hyderabad to Vijayawada,Sai RK Travels,23:00,05h 35m,04:35,3.3,INR 499,26 Seats available,Non A/C Seater / Sleeper (2+1)
https://www.redbus.in/bus-tickets/hyderabad-to-vijayawada,Hyderabad to Vijayawada,Kaveri Travels,22:05,07h 00m,05:05,3.2,INR 1080,25 Seats available,Volvo Multi Axle A/C Sleeper I-Shift B11R (2+1)
https://www.redbus.in/bus-tickets/hyderabad-to-vijayawada,Hyderabad to Vijayawada,LVR Travels,23:47,05h 58m,05:45,3.7,440,22 Seats available,Non A/C Seater / Sleeper (2+1)
https://www.redbus.in/bus-tickets/hyderabad-to-vijayawada,Hyderabad to Vijayawada,IntrCity SmartBus,23:15,06h 10m,05:25,4.2,INR 449,27 Seats available,Bharat Benz A/C Seater /Sleeper (2+1)
https://www.redbus.in/bus-tickets/hyderabad-to-vijayawada,Hyderabad to Vijayawada,Sri KVR Travels,23:01,06h 30m,05:31,3.6,INR 500,30 Seats available,Non A/C Seater / Sleeper (2+1)
https://www.redbus.in/bus-tickets/hyderabad-to-vijayawada,Hyderabad to Vijayawada,Yolo Bus,23:40,05h 39m,05:19,3.7,INR 500,30 Seats available,Bharat Benz A/C Seater /Sleeper (2+1)
https://www.redbus.in/bus-tickets/hyderabad-to-vijayawada,Hyderabad to Vijayawada,Zingbus Plus,17:25,07h 20m,00:45,4.9,1345,26 Seats available,A/C Sleeper (2+1)
https://www.redbus.in/bus-tickets/hyderabad-to-vijayawada,Hyderabad to Vijayawada,NueGo,22:00,07h 20m,05:20,3.9,404,17 Seats available,Electric A/C Semi Sleeper (2+2)
https://www.redbus.in/bus-tickets/hyderabad-to-vijayawada,Hyderabad to Vijayawada,BSR Tours And Travels,22:00,06h 10m,04:10,4.2,INR 980,10 Seats available,A/C Sleeper (2+1)
https://www.redbus.in/bus-tickets/hyderabad-to-vijayawada,Hyderabad to Vijayawada,Sri Venkata Padmavathi Travels,22:52,07h 08m,06:00,3.6,INR 550,33 Seats available,Non A/C Seater / Sleeper (2+1)
https://www.redbus.in/bus-tickets/hyderabad-to-vijayawada,Hyderabad to Vijayawada,IntrCity SmartBus,18:45,07h 05m,01:50,4.8,INR 1099,13 Seats available,AC Sleeper (2+1)
https://www.redbus.in/bus-tickets/hyderabad-to-vijayawada,Hyderabad to Vijayawada,Orange Tours and Travels,22:25,06h 20m,04:45,3.4,INR 800,12 Seats available,A/C Sleeper (2+1)
https://www.redbus.in/bus-tickets/hyderabad-to-vijayawada,Hyderabad to Vijayawada,FlixBus,22:30,06h 30m,05:00,3.9,INR 936.61,10 Seats available,VE A/C Sleeper (2+1)
https://www.redbus.in/bus-tickets/hyderabad-to-vijayawada,Hyderabad to Vijayawada,LVP Travels,22:49,05h 56m,04:45,3.9,INR 580,30 Seats available,A/C Seater / Sleeper (2+1)
https://www.redbus.in/bus-tickets/hyderabad-to-vijayawada,Hyderabad to Vijayawada,Orange Tours and Travels,19:40,08h 15m,03:55,4.0,INR 400,21 Seats available,NON A/C Seater/ Sleeper (2+1)
https://www.redbus.in/bus-tickets/hyderabad-to-vijayawada,Hyderabad to Vijayawada,Mythri Tours And Travels,20:38,05h 50m,02:28,4.8,INR 999,12 Seats available,A/C Sleeper (2+1)
https://www.redbus.in/bus-tickets/hyderabad-to-vijayawada,Hyderabad to Vijayawada,Orange Tours and Travels,22:55,06h 50m,05:45,3.2,INR 900,23 Seats available,Bharat Benz A/C Sleeper (2+1)
https://www.redbus.in/bus-tickets/hyderabad-to-vijayawada,Hyderabad to Vijayawada,Eswar Travels,22:10,06h 20m,04:30,3.8,INR 510,19 Seats available,A/C Seater / Sleeper (2+1)
https://www.redbus.in/bus-tickets/hyderabad-to-vijayawada,Hyderabad to Vijayawada,IntrCity SmartBus,19:15,07h 35m,02:50,4.2,INR 789,27 Seats available,A/C Seater / Sleeper (2+1)
https://www.redbus.in/bus-tickets/hyderabad-to-vijayawada,Hyderabad to Vijayawada,Orange Tours and Travels,19:40,08h 15m,03:55,4.2,INR 400,17 Seats available,NON A/C Seater/ Sleeper (2+1)
https://www.redbus.in/bus-tickets/hyderabad-to-vijayawada,Hyderabad to Vijayawada,V Kaveri Travels,23:00,06h 10m,05:10,4.0,INR 650,8 Seats available,A/C Seater / Sleeper (2+1)
https://www.redbus.in/bus-tickets/hyderabad-to-vijayawada,Hyderabad to Vijayawada,Yolo Bus,22:46,06h 38m,05:24,3.7,INR 450,29 Seats available,A/C Seater/Sleeper (2+1)
https://www.redbus.in/bus-tickets/hyderabad-to-vijayawada,Hyderabad to Vijayawada,Sri Shivanjaneya Travels,22:57,05h 33m,04:30,4.8,INR 620,30 Seats available,A/C Seater / Sleeper (2+1)
https://www.redbus.in/bus-tickets/hyderabad-to-vijayawada,Hyderabad to Vijayawada,V Kaveri Travels,22:20,06h 10m,04:30,4.3,INR 1000,22 Seats available,A/C Sleeper (2+1)
https://www.redbus.in/bus-tickets/hyderabad-to-vijayawada,Hyderabad to Vijayawada,Nani Svkdt Travels,23:20,05h 10m,04:30,3.9,INR 799,20 Seats available,A/C Sleeper (2+1)
https://www.redbus.in/bus-tickets/hyderabad-to-vijayawada,Hyderabad to Vijayawada,Mayuri Travels,21:43,06h 07m,03:50,4.6,INR 1340,18 Seats available,A/C Sleeper (2+1)
https://www.redbus.in/bus-tickets/hyderabad-to-vijayawada,Hyderabad to Vijayawada,Nani Svkdt Travels,23:20,05h 05m,04:25,3.8,INR 799,18 Seats available,A/C Sleeper (2+1)
https://www.redbus.in/bus-tickets/hyderabad-to-vijayawada,Hyderabad to Vijayawada,NueGo,21:45,06h 36m,04:21,3.9,910,7 Seats available,Electric A/C Sleeper (2+1)
https://www.redbus.in/bus-tickets/hyderabad-to-vijayawada,Hyderabad to Vijayawada,Go Tour Travels and Holidays,22:48,05h 27m,04:15,4.7,927,19 Seats available,A/C Sleeper (2+1)
https://www.redbus.in/bus-tickets/hyderabad-to-vijayawada,Hyderabad to Vijayawada,Mythri Tours And Travels,21:10,05h 55m,03:05,4.7,INR 949,11 Seats available,A/C Sleeper (2+1)
https://www.redbus.in/bus-tickets/hyderabad-to-vijayawada,Hyderabad to Vijayawada,Orange Tours and Travels,22:55,06h 50m,05:45,3.2,INR 800,21 Seats available,Bharat Benz A/C Sleeper (2+1)
https://www.redbus.in/bus-tickets/hyderabad-to-vijayawada,Hyderabad to Vijayawada,FlixBus,22:30,06h 00m,04:30,4.7,INR 775.89,13 Seats available,A/C Sleeper (2+1)
https://www.redbus.in/bus-tickets/hyderabad-to-vijayawada,Hyderabad to Vijayawada,Yolo Bus,22:55,05h 34m,04:29,3.9,INR 800,25 Seats available,Bharat Benz A/C Sleeper (2+1)
https://www.redbus.in/bus-tickets/hyderabad-to-vijayawada,Hyderabad to Vijayawada,PRK Travels,22:30,06h 55m,05:25,4.2,INR 589,21 Seats available,Non A/C Seater / Sleeper (2+1)
https://www.redbus.in/bus-tickets/hyderabad-to-vijayawada,Hyderabad to Vijayawada,Mozo travels,20:55,07h 55m,04:50,4.4,INR 711,16 Seats available,A/C Sleeper (2+1)
https://www.redbus.in/bus-tickets/hyderabad-to-vijayawada,Hyderabad to Vijayawada,Orange Tours and Travels,23:00,06h 30m,05:30,3.1,INR 400,21 Seats available,NON A/C Seater/ Sleeper (2+1)
https://www.redbus.in/bus-tickets/hyderabad-to-vijayawada,Hyderabad to Vijayawada,Sai RK Travels,22:35,05h 55m,04:30,4.5,INR 349,17 Seats available,Non A/C Seater / Sleeper (2+1)
https://www.redbus.in/bus-tickets/hyderabad-to-vijayawada,Hyderabad to Vijayawada,Orange Tours and Travels,19:25,06h 35m,02:00,3.8,INR 600,17 Seats available,NON A/C Sleeper (2+1)
https://www.redbus.in/bus-tickets/hyderabad-to-vijayawada,Hyderabad to Vijayawada,SVR Tours and Travels,17:15,06h 35m,23:50,3.7,INR 1200,10 Seats available,Volvo Multi Axle A/C Sleeper I-Shift B11R (2+1)
https://www.redbus.in/bus-tickets/hyderabad-to-vijayawada,Hyderabad to Vijayawada,Sitara Travels,22:40,05h 20m,04:00,3.9,INR 444,28 Seats available,NON A/C Push Back (2+2)
https://www.redbus.in/bus-tickets/hyderabad-to-vijayawada,Hyderabad to Vijayawada,SAI VAISHNAVI TRAVELS,22:15,05h 25m,03:40,New,INR 599,31 Seats available,Non A/C Seater / Sleeper (2+1)
https://www.redbus.in/bus-tickets/hyderabad-to-vijayawada,Hyderabad to Vijayawada,Sai Mahesh Transport & Travels,14:15,07h 30m,21:45,New,INR 1110,3 Seats available,A/C Seater / Sleeper (2+1)
https://www.redbus.in/bus-tickets/hyderabad-to-vijayawada,Hyderabad to Vijayawada,ABHIRAMBUS,22:45,06h 05m,04:50,New,2700,49 Seats available,A/C Seater / Sleeper (2+1)
https://www.redbus.in/bus-tickets/hyderabad-to-vijayawada,Hyderabad to Vijayawada,Mozo travels,18:21,06h 49m,01:10,4.7,INR 1427,10 Seats available,A/C Sleeper (2+1)
https://www.redbus.in/bus-tickets/hyderabad-to-vijayawada,Hyderabad to Vijayawada,Komali Travels,22:25,06h 05m,04:30,4.4,532,33 Seats available,Non A/C Seater / Sleeper (2+1)
https://www.redbus.in/bus-tickets/hyderabad-to-vijayawada,Hyderabad to Vijayawada,BSR Tours And Travels,19:10,07h 20m,02:30,3.7,INR 680,16 Seats available,A/C Seater / Sleeper (2+1)
https://www.redbus.in/bus-tickets/hyderabad-to-vijayawada,Hyderabad to Vijayawada,LG BUS,21:15,06h 50m,04:05,5.0,INR 1080,15 Seats available,Bharat Benz A/C Sleeper (2+1)
https://www.redbus.in/bus-tickets/hyderabad-to-vijayawada,Hyderabad to Vijayawada,LG BUS,21:15,06h 55m,04:10,4.8,INR 780,21 Seats available,Bharat Benz A/C Seater /Sleeper (2+1)
https://www.redbus.in/bus-tickets/hyderabad-to-vijayawada,Hyderabad to Vijayawada,Surya Travels,22:40,07h 07m,05:47,3.0,INR 699,29 Seats available,Volvo Multi Axle A/C Sleeper I-Shift B11R (2+1)
https://www.redbus.in/bus-tickets/hyderabad-to-vijayawada,Hyderabad to Vijayawada,LVR Travels,22:13,06h 42m,04:55,3.4,INR 489,21 Seats available,Non A/C Seater / Sleeper (2+1)
https://www.redbus.in/bus-tickets/hyderabad-to-vijayawada,Hyderabad to Vijayawada,Sri Sai Srinivasa Travels,22:10,06h 20m,04:30,3.7,INR 500,21 Seats available,Non A/C Seater / Sleeper (2+1)
https://www.redbus.in/bus-tickets/hyderabad-to-vijayawada,Hyderabad to Vijayawada,SAMANVI CITICONNECT,19:53,06h 37m,02:30,4.0,INR 1309,3 Seats available,A/C Sleeper (2+1)
https://www.redbus.in/bus-tickets/hyderabad-to-vijayawada,Hyderabad to Vijayawada,Sri Sai Anjana Tours and Travels,22:20,06h 05m,04:25,3.5,INR 500,33 Seats available,Non A/C Seater / Sleeper (2+1)
https://www.redbus.in/bus-tickets/hyderabad-to-vijayawada,Hyderabad to Vijayawada,Royal Varma Travels,22:37,06h 08m,04:45,3.3,INR 800,31 Seats available,A/C Sleeper (2+1)
https://www.redbus.in/bus-tickets/hyderabad-to-vijayawada,Hyderabad to Vijayawada,IntrCity SmartBus,23:50,06h 25m,06:15,3.6,INR 559,23 Seats available,AC Sleeper (2+1)
https://www.redbus.in/bus-tickets/hyderabad-to-vijayawada,Hyderabad to Vijayawada,NueGo,22:15,06h 36m,04:51,3.2,776,12 Seats available,Electric A/C Sleeper (2+1)
https://www.redbus.in/bus-tickets/hyderabad-to-vijayawada,Hyderabad to Vijayawada,AVR Travels,23:40,06h 25m,06:05,3.4,INR 445,24 Seats available,A/C Seater / Sleeper (2+1)
https://www.redbus.in/bus-tickets/hyderabad-to-vijayawada,Hyderabad to Vijayawada,Morning Star Travels,23:05,06h 05m,05:10,3.2,INR 600,18 Seats available,NON A/C Sleeper (2+1)
https://www.redbus.in/bus-tickets/hyderabad-to-vijayawada,Hyderabad to Vijayawada,V Kaveri Travels,22:22,06h 08m,04:30,3.4,INR 600,27 Seats available,Non A/C Seater / Sleeper (2+1)
https://www.redbus.in/bus-tickets/hyderabad-to-vijayawada,Hyderabad to Vijayawada,BSR Tours And Travels,22:00,06h 20m,04:20,4.3,INR 980,18 Seats available,VE A/C Sleeper (2+1)
https://www.redbus.in/bus-tickets/hyderabad-to-vijayawada,Hyderabad to Vijayawada,NueGo,11:00,06h 55m,17:55,3.1,369,13 Seats available,Electric A/C Semi Sleeper (2+2)
https://www.redbus.in/bus-tickets/hyderabad-to-vijayawada,Hyderabad to Vijayawada,Sai RK Travels,22:45,05h 20m,04:05,3.3,INR 499,24 Seats available,Non A/C Seater / Sleeper (2+1)
https://www.redbus.in/bus-tickets/hyderabad-to-vijayawada,Hyderabad to Vijayawada,Sri Sai Anjana Tours and Travels,22:20,05h 25m,03:45,4.4,INR 500,26 Seats available,NON AC Seater / Sleeper 2+1
https://www.redbus.in/bus-tickets/hyderabad-to-vijayawada,Hyderabad to Vijayawada,Zingbus Plus,21:50,05h 55m,03:45,4.5,638,21 Seats available,A/C Sleeper (2+1)
https://www.redbus.in/bus-tickets/hyderabad-to-vijayawada,Hyderabad to Vijayawada,Morning Star Travels,23:20,06h 05m,05:25,2.9,INR 890,19 Seats available,A/C Sleeper (2+1)
https://www.redbus.in/bus-tickets/hyderabad-to-vijayawada,Hyderabad to Vijayawada,Sri Atluri Travels,22:10,06h 57m,05:07,3.8,INR 720,25 Seats available,A/C Seater / Sleeper (2+1)
https://www.redbus.in/bus-tickets/hyderabad-to-vijayawada,Hyderabad to Vijayawada,BSR Tours And Travels,22:00,06h 10m,04:10,4.4,INR 680,21 Seats available,A/C Seater / Sleeper (2+1)
https://www.redbus.in/bus-tickets/hyderabad-to-vijayawada,Hyderabad to Vijayawada,IntrCity SmartBus,17:15,07h 05m,00:20,4.1,INR 1209,8 Seats available,AC Sleeper (2+1)
https://www.redbus.in/bus-tickets/hyderabad-to-vijayawada,Hyderabad to Vijayawada,Sai Srinivasa Travels,23:00,05h 50m,04:50,3.0,INR 510,19 Seats available,Non A/C Seater / Sleeper (2+1)
https://www.redbus.in/bus-tickets/hyderabad-to-vijayawada,Hyderabad to Vijayawada,Sri Ganga Travels,22:35,05h 55m,04:30,3.6,INR 499,28 Seats available,A/C Seater / Sleeper (2+1)
https://www.redbus.in/bus-tickets/hyderabad-to-vijayawada,Hyderabad to Vijayawada,KVR Tours and Travels,20:55,05h 10m,02:05,4.2,1044,31 Seats available,A/C Sleeper (2+1)
https://www.redbus.in/bus-tickets/hyderabad-to-vijayawada,Hyderabad to Vijayawada,Orange Tours and Travels,13:45,08h 00m,21:45,2.9,INR 1000,10 Seats available,Volvo 9600 Multi-Axle A/C Sleeper (2+1)
https://www.redbus.in/bus-tickets/hyderabad-to-vijayawada,Hyderabad to Vijayawada,Morning Star Travels,23:05,06h 15m,05:20,2.6,INR 790,13 Seats available,A/C Sleeper (2+1)
https://www.redbus.in/bus-tickets/hyderabad-to-vijayawada,Hyderabad to Vijayawada,V Kaveri Travels,21:45,06h 45m,04:30,4.2,INR 1000,21 Seats available,A/C Sleeper (2+1)
https://www.redbus.in/bus-tickets/hyderabad-to-vijayawada,Hyderabad to Vijayawada,Orange Tours and Travels,22:15,06h 20m,04:35,3.2,INR 1100,34 Seats available,Volvo 9600 Multi-Axle A/C Sleeper (2+1)
https://www.redbus.in/bus-tickets/hyderabad-to-vijayawada,Hyderabad to Vijayawada,Mayuri Travels,22:10,05h 40m,03:50,3.6,INR 500,34 Seats available,Non A/C Seater / Sleeper (2+1)
https://www.redbus.in/bus-tickets/hyderabad-to-vijayawada,Hyderabad to Vijayawada,Sri Sai Anjana Tours and Travels,20:20,06h 40m,03:00,4.4,INR 550,18 Seats available,Non A/C Seater / Sleeper (2+1)
https://www.redbus.in/bus-tickets/hyderabad-to-vijayawada,Hyderabad to Vijayawada,SAMANVI CITICONNECT,22:12,05h 53m,04:05,4.3,INR 1149,11 Seats available,A/C Sleeper (2+1)
https://www.redbus.in/bus-tickets/hyderabad-to-vijayawada,Hyderabad to Vijayawada,Go Tour Travels and Holidays,21:25,06h 40m,04:05,4.5,927,10 Seats available,A/C Sleeper (2+1)
https://www.redbus.in/bus-tickets/hyderabad-to-vijayawada,Hyderabad to Vijayawada,KVR Tours and Travels,22:15,06h 00m,04:15,3.9,531,32 Seats available,A/C Seater / Sleeper (2+1)
https://www.redbus.in/bus-tickets/hyderabad-to-vijayawada,Hyderabad to Vijayawada,Royal Varma Travels,22:30,06h 20m,04:50,3.6,INR 550,34 Seats available,A/C Seater / Sleeper (2+1)
https://www.redbus.in/bus-tickets/hyderabad-to-vijayawada,Hyderabad to Vijayawada,Sri Siddi Ganapathi Travels,22:35,06h 25m,05:00,3.2,INR 599,20 Seats available,A/C Seater / Sleeper (2+1)
https://www.redbus.in/bus-tickets/hyderabad-to-vijayawada,Hyderabad to Vijayawada,KKaveri Travels,22:27,05h 33m,04:00,3.8,INR 600,12 Seats available,Non A/C Seater / Sleeper (2+1)
https://www.redbus.in/bus-tickets/hyderabad-to-vijayawada,Hyderabad to Vijayawada,Prasanna Travels,23:55,06h 20m,06:15,2.6,INR 400,34 Seats available,A/C Seater / Sleeper (2+1)
https://www.redbus.in/bus-tickets/hyderabad-to-vijayawada,Hyderabad to Vijayawada,LIMOLINER,18:30,07h 40m,02:10,4.4,INR 1249,11 Seats available,A/C Sleeper (2+1)
https://www.redbus.in/bus-tickets/hyderabad-to-vijayawada,Hyderabad to Vijayawada,CVR Express,22:20,06h 00m,04:20,3.0,2700,32 Seats available,Non A/C Seater / Sleeper (2+1)
https://www.redbus.in/bus-tickets/hyderabad-to-vijayawada,Hyderabad to Vijayawada,Sri KVR Travels,20:22,07h 03m,03:25,3.4,INR 560,17 Seats available,Non A/C Seater / Sleeper (2+1)
https://www.redbus.in/bus-tickets/hyderabad-to-vijayawada,Hyderabad to Vijayawada,Sri KVR Travels,18:55,06h 38m,01:33,3.8,INR 510,17 Seats available,Non A/C Seater / Sleeper (2+1)
https://www.redbus.in/bus-tickets/hyderabad-to-vijayawada,Hyderabad to Vijayawada,SUNRISE TOUR AND TRAVELS,22:15,06h 25m,04:40,3.0,485,27 Seats available,Non A/C Seater / Sleeper (2+1)
https://www.redbus.in/bus-tickets/hyderabad-to-vijayawada,Hyderabad to Vijayawada,LVP Travels,21:44,06h 36m,04:20,3.6,INR 580,24 Seats available,A/C Seater / Sleeper (2+1)
https://www.redbus.in/bus-tickets/hyderabad-to-vijayawada,Hyderabad to Vijayawada,Sai Dasari Travels,23:05,05h 22m,04:27,2.7,INR 900,12 Seats available,Volvo Multi-Axle A/C Sleeper (2+1)
https://www.redbus.in/bus-tickets/hyderabad-to-vijayawada,Hyderabad to Vijayawada,LVP Travels,21:50,06h 10m,04:00,3.6,INR 680,25 Seats available,A/C Seater / Sleeper (2+1)
https://www.redbus.in/bus-tickets/hyderabad-to-vijayawada,Hyderabad to Vijayawada,Anusha Travels,23:45,05h 55m,05:40,3.5,INR 548,27 Seats available,A/C Sleeper (2+1)
https://www.redbus.in/bus-tickets/hyderabad-to-vijayawada,Hyderabad to Vijayawada,Sai Dasari Travels,23:05,05h 22m,04:27,2.7,INR 500,15 Seats available,Non A/C Seater / Sleeper (2+1)
https://www.redbus.in/bus-tickets/hyderabad-to-vijayawada,Hyderabad to Vijayawada,Jagan Travels,14:50,07h 15m,22:05,2.9,INR 1783,11 Seats available,A/C Seater / Sleeper (2+1)
https://www.redbus.in/bus-tickets/hyderabad-to-vijayawada,Hyderabad to Vijayawada,Jayanthi Travels,20:15,07h 35m,03:50,3.5,INR 670,27 Seats available,Non A/C Seater / Sleeper (2+1)
https://www.redbus.in/bus-tickets/hyderabad-to-vijayawada,Hyderabad to Vijayawada,Morning Star Travels,22:20,05h 10m,03:30,3.7,INR 990,27 Seats available,A/C Sleeper (2+1)
https://www.redbus.in/bus-tickets/hyderabad-to-vijayawada,Hyderabad to Vijayawada,BSR Tours And Travels,22:00,06h 00m,04:00,3.6,INR 980,13 Seats available,A/C Sleeper (2+1)
https://www.redbus.in/bus-tickets/hyderabad-to-vijayawada,Hyderabad to Vijayawada,SREE VENKATESHWARA TRAVELS,22:25,05h 35m,04:00,3.6,584,27 Seats available,A/C Seater / Sleeper (2+1)
https://www.redbus.in/bus-tickets/hyderabad-to-vijayawada,Hyderabad to Vijayawada,GO BUS,22:47,06h 03m,04:50,3.4,523,16 Seats available,Non A/C Seater / Sleeper (2+1)
https://www.redbus.in/bus-tickets/hyderabad-to-vijayawada,Hyderabad to Vijayawada,Ramana Tours And Travels,22:15,06h 30m,04:45,3.1,INR 620,32 Seats available,Non A/C Seater / Sleeper (2+1)
https://www.redbus.in/bus-tickets/hyderabad-to-vijayawada,Hyderabad to Vijayawada,SREE KARA TRAVELS,21:50,06h 25m,04:15,3.2,INR 450,28 Seats available,Non A/C Seater / Sleeper (2+1)
https://www.redbus.in/bus-tickets/hyderabad-to-vijayawada,Hyderabad to Vijayawada,Orange Tours and Travels,23:00,06h 45m,05:45,2.5,INR 500,28 Seats available,NON A/C Seater/ Sleeper (2+1)
https://www.redbus.in/bus-tickets/hyderabad-to-vijayawada,Hyderabad to Vijayawada,Sudha Sri Tours and Travels,22:45,06h 05m,04:50,2.9,INR 590,24 Seats available,A/C Sleeper (2+1)
https://www.redbus.in/bus-tickets/hyderabad-to-vijayawada,Hyderabad to Vijayawada,Sai Srinivasa Travels,22:35,05h 40m,04:15,2.8,INR 890,22 Seats available,A/C Sleeper (2+1)
https://www.redbus.in/bus-tickets/hyderabad-to-vijayawada,Hyderabad to Vijayawada,Sai Srinivasa Travels,21:30,06h 35m,04:05,2.9,INR 500,27 Seats available,Non A/C Seater / Sleeper (2+1)
https://www.redbus.in/bus-tickets/hyderabad-to-vijayawada,Hyderabad to Vijayawada,Yolo Bus,22:55,06h 38m,05:33,2.8,INR 449,25 Seats available,A/C Seater / Sleeper (2+1)
https://www.redbus.in/bus-tickets/hyderabad-to-vijayawada,Hyderabad to Vijayawada,SVR Tours and Travels,17:15,06h 35m,23:50,2.5,INR 880,2 Seats available,A/C Seater / Sleeper (2+1)
https://www.redbus.in/bus-tickets/hyderabad-to-vijayawada,Hyderabad to Vijayawada,MAHA BUS,22:50,06h 40m,05:30,2.9,INR 690,29 Seats available,A/C Seater / Sleeper (2+1)
https://www.redbus.in/bus-tickets/hyderabad-to-vijayawada,Hyderabad to Vijayawada,Navayuga Travels,21:50,06h 20m,04:10,2.8,INR 560,33 Seats available,NON AC Seater / Sleeper 2+1
https://www.redbus.in/bus-tickets/hyderabad-to-vijayawada,Hyderabad to Vijayawada,BSR Tours And Travels,20:06,05h 44m,01:50,2.8,INR 580,22 Seats available,A/C Seater / Sleeper (2+1)
https://www.redbus.in/bus-tickets/hyderabad-to-vijayawada,Hyderabad to Vijayawada,KKaveri Travels,15:45,07h 45m,23:30,3.3,INR 780,6 Seats available,Non A/C Seater / Sleeper (2+1)
https://www.redbus.in/bus-tickets/hyderabad-to-vijayawada,Hyderabad to Vijayawada,Sri Venkata Padmavathi Travels,22:53,05h 52m,04:45,2.2,INR 586,24 Seats available,A/C Seater / Sleeper (2+1)
https://www.redbus.in/bus-tickets/hyderabad-to-vijayawada,Hyderabad to Vijayawada,Sai RK Travels,22:35,06h 00m,04:35,2.5,INR 610,19 Seats available,Non A/C Seater / Sleeper (2+1)
https://www.redbus.in/bus-tickets/hyderabad-to-vijayawada,Hyderabad to Vijayawada,Shyamoli Paribahan Pvt Ltd,16:20,07h 35m,23:55,3.3,INR 600,7 Seats available,Volvo 9600 A/C Seater/Sleeper (2+1)
https://www.redbus.in/bus-tickets/hyderabad-to-vijayawada,Hyderabad to Vijayawada,Morning Star Travels,23:05,05h 50m,04:55,2.3,INR 890,12 Seats available,A/C Sleeper (2+1)
https://www.redbus.in/bus-tickets/hyderabad-to-vijayawada,Hyderabad to Vijayawada,Mahi Trans Solutions,22:37,06h 03m,04:40,2.9,2192,30 Seats available,A/C Sleeper (2+1)
https://www.redbus.in/bus-tickets/hyderabad-to-vijayawada,Hyderabad to Vijayawada,Orange Tours and Travels,22:20,06h 15m,04:35,1.8,INR 700,16 Seats available,A/C Sleeper (2+1)
https://www.redbus.in/bus-tickets/hyderabad-to-vijayawada,Hyderabad to Vijayawada,Sri KVR Travels,20:22,06h 38m,03:00,2.1,INR 560,30 Seats available,Non A/C Seater / Sleeper (2+1)
https://www.redbus.in/bus-tickets/hyderabad-to-vijayawada,Hyderabad to Vijayawada,Ramana Tours And Travels,21:30,07h 20m,04:50,2.7,INR 609,39 Seats available,A/C Seater / Sleeper (2+1)
https://www.redbus.in/bus-tickets/hyderabad-to-vijayawada,Hyderabad to Vijayawada,Sri KVR Travels,19:00,07h 05m,02:05,1.6,INR 560,27 Seats available,Non A/C Seater / Sleeper (2+1)
https://www.redbus.in/bus-tickets/hyderabad-to-vijayawada,Hyderabad to Vijayawada,Mozo travels,20:50,07h 20m,04:10,2.9,INR 550,17 Seats available,A/C Seater / Sleeper (2+1)
https://www.redbus.in/bus-tickets/hyderabad-to-vijayawada,Hyderabad to Vijayawada,DSM TRAVELS,23:12,04h 58m,04:10,2.2,INR 499,35 Seats available,A/C Seater / Sleeper (2+1)
https://www.redbus.in/bus-tickets/hyderabad-to-vijayawada,Hyderabad to Vijayawada,Mayuri Travels,21:00,05h 00m,02:00,2.2,INR 500,30 Seats available,Non A/C Seater / Sleeper (2+1)
https://www.redbus.in/bus-tickets/hyderabad-to-vijayawada,Hyderabad to Vijayawada,KKaveri Travels,18:15,07h 45m,02:00,2.2,INR 590,16 Seats available,Non A/C Seater / Sleeper (2+1)
https://www.redbus.in/bus-tickets/hyderabad-to-vijayawada,Hyderabad to Vijayawada,KRT Tours and Travels,22:55,06h 15m,05:10,2.3,INR 500,16 Seats available,A/C Seater / Sleeper (2+1)
https://www.redbus.in/bus-tickets/hyderabad-to-vijayawada,Hyderabad to Vijayawada,Sri Sai Anjana Tours and Travels,19:45,07h 07m,02:52,2.4,INR 500,20 Seats available,Non A/C Seater / Sleeper (2+1)
https://www.redbus.in/bus-tickets/hyderabad-to-vijayawada,Hyderabad to Vijayawada,Eswar Travels,22:55,05h 40m,04:35,2.0,INR 500,27 Seats available,Non A/C Seater / Sleeper (2+1)
https://www.redbus.in/bus-tickets/hyderabad-to-vijayawada,Hyderabad to Vijayawada,Sai Sri Krishna Travels,22:35,05h 55m,04:30,2.0,INR 470,23 Seats available,A/C Seater / Sleeper (2+1)
https://www.redbus.in/bus-tickets/hyderabad-to-vijayawada,Hyderabad to Vijayawada,Orange Tours and Travels,17:35,08h 40m,02:15,2.4,INR 500,10 Seats available,NON A/C Seater/ Sleeper (2+1)
https://www.redbus.in/bus-tickets/hyderabad-to-vijayawada,Hyderabad to Vijayawada,Surendra Buses,22:10,06h 20m,04:30,2.7,INR 435,24 Seats available,A/C Sleeper (2+1)
https://www.redbus.in/bus-tickets/hyderabad-to-vijayawada,Hyderabad to Vijayawada,Nani’s Sai Krishna Travels,22:17,05h 13m,03:30,2.6,INR 500,32 Seats available,Non A/C Seater / Sleeper (2+1)
https://www.redbus.in/bus-tickets/hyderabad-to-vijayawada,Hyderabad to Vijayawada,Kaveri Travels,22:00,06h 30m,04:30,2.6,INR 650,32 Seats available,Non A/C Seater / Sleeper (2+1)
https://www.redbus.in/bus-tickets/hyderabad-to-vijayawada,Hyderabad to Vijayawada,KVR Tours and Travels,22:45,06h 40m,05:25,2.6,684,26 Seats available,A/C Sleeper (2+1)
https://www.redbus.in/bus-tickets/hyderabad-to-vijayawada,Hyderabad to Vijayawada,Yolo Bus,00:10,04h 50m,05:00,1.6,INR 760,28 Seats available,Bharat Benz A/C Sleeper (2+1)
https://www.redbus.in/bus-tickets/hyderabad-to-vijayawada,Hyderabad to Vijayawada,Siri Tours and Travels,18:50,07h 50m,02:40,2.6,INR 780,27 Seats available,A/C Seater / Sleeper (2+1)
https://www.redbus.in/bus-tickets/hyderabad-to-vijayawada,Hyderabad to Vijayawada,Ravindra Tours and Travels,22:15,05h 00m,03:15,4.0,INR 888,26 Seats available,Volvo Multi Axle B9R A/C Sleeper (2+1)
https://www.redbus.in/bus-tickets/hyderabad-to-vijayawada,Hyderabad to Vijayawada,Siri Tours and Travels,18:50,07h 20m,02:10,2.4,INR 610,17 Seats available,A/C Seater / Sleeper (2+1)
https://www.redbus.in/bus-tickets/hyderabad-to-vijayawada,Hyderabad to Vijayawada,SVR Tours and Travels,15:15,06h 45m,22:00,2.7,INR 900,28 Seats available,Volvo Multi Axle A/C Sleeper I-Shift B11R (2+1)
https://www.redbus.in/bus-tickets/hyderabad-to-vijayawada,Hyderabad to Vijayawada,VAHINI Travels,20:41,07h 49m,04:30,2.3,INR 560,32 Seats available,Non A/C Seater / Sleeper (2+1)
https://www.redbus.in/bus-tickets/hyderabad-to-vijayawada,Hyderabad to Vijayawada,Mayuri Travels,17:30,06h 25m,23:55,2.6,INR 900,37 Seats available,A/C Seater / Sleeper (2+1)
https://www.redbus.in/bus-tickets/hyderabad-to-vijayawada,Hyderabad to Vijayawada,V Kaveri Travels,16:17,06h 58m,23:15,2.0,INR 1090,2 Seats available,A/C Seater / Sleeper (2+1)
https://www.redbus.in/bus-tickets/hyderabad-to-vijayawada,Hyderabad to Vijayawada,Ajay Bus,21:45,06h 55m,04:40,2.2,INR 440,25 Seats available,Non A/C Seater / Sleeper (2+1)
https://www.redbus.in/bus-tickets/hyderabad-to-vijayawada,Hyderabad to Vijayawada,DMR Travels,22:35,05h 55m,04:30,1.7,INR 670,34 Seats available,Non A/C Seater / Sleeper (2+1)
https://www.redbus.in/bus-tickets/hyderabad-to-vijayawada,Hyderabad to Vijayawada,SAMANVI CITICONNECT,22:12,06h 18m,04:30,2.2,INR 769,19 Seats available,A/C Sleeper (2+1)
https://www.redbus.in/bus-tickets/hyderabad-to-vijayawada,Hyderabad to Vijayawada,Sri Rama Travels,22:20,05h 55m,04:15,1.8,INR 610,33 Seats available,Non A/C Seater / Sleeper (2+1)
https://www.redbus.in/bus-tickets/hyderabad-to-vijayawada,Hyderabad to Vijayawada,Sarayu Travels,15:55,07h 35m,23:30,2.2,INR 1380,22 Seats available,A/C Seater / Sleeper (2+1)
https://www.redbus.in/bus-tickets/hyderabad-to-vijayawada,Hyderabad to Vijayawada,Shree Manikanta Travels,13:42,06h 08m,19:50,1.9,INR 1149,8 Seats available,A/C Seater / Sleeper (2+1)
https://www.redbus.in/bus-tickets/hyderabad-to-vijayawada,Hyderabad to Vijayawada,KKaveri Travels,22:25,05h 15m,03:40,1.0,INR 570,33 Seats available,NON AC Seater / Sleeper 2+1
https://www.redbus.in/bus-tickets/hyderabad-to-vijayawada,Hyderabad to Vijayawada,Shyamoli Paribahan Pvt Ltd,14:20,07h 30m,21:50,4.5,INR 1799,3 Seats available,A/C Seater/Sleeper (2+1)
https://www.redbus.in/bus-tickets/hyderabad-to-vijayawada,Hyderabad to Vijayawada,Shyamoli Paribahan Pvt Ltd,15:20,09h 40m,01:00,4.5,INR 800,13 Seats available,Volvo 9600 A/C Seater/Sleeper (2+1)
https://www.redbus.in/bus-tickets/hyderabad-to-vijayawada,Hyderabad to Vijayawada,BSR Tours And Travels,22:00,04h 55m,02:55,4.4,INR 1399,20 Seats available,Volvo 9600 Multi-Axle A/C Sleeper (2+1)
https://www.redbus.in/bus-tickets/hyderabad-to-vijayawada,Hyderabad to Vijayawada,BSR Tours And Travels,17:07,07h 58m,01:05,4.4,INR 2449,19 Seats available,Volvo 9600 Multi-Axle A/C Sleeper (2+1)
https://www.redbus.in/bus-tickets/hyderabad-to-vijayawada,Hyderabad to Vijayawada,IntrCity SmartBus,16:30,07h 20m,23:50,4.4,INR 1319,10 Seats available,A/C Sleeper (2+1)
https://www.redbus.in/bus-tickets/hyderabad-to-vijayawada,Hyderabad to Vijayawada,IntrCity SmartBus,20:15,07h 05m,03:20,4.4,INR 459,28 Seats available,A/C Seater / Sleeper (2+1)
https://www.redbus.in/bus-tickets/hyderabad-to-vijayawada,Hyderabad to Vijayawada,IntrCity SmartBus,20:55,06h 40m,03:35,4.4,INR 809,33 Seats available,A/C Seater / Sleeper (2+1)
https://www.redbus.in/bus-tickets/hyderabad-to-vijayawada,Hyderabad to Vijayawada,LimoLiner,21:50,06h 10m,04:00,4.4,INR 1129,12 Seats available,A/C Sleeper (2+1)
https://www.redbus.in/bus-tickets/hyderabad-to-vijayawada,Hyderabad to Vijayawada,Express Line,15:25,07h 25m,22:50,4.3,INR 1839,7 Seats available,Volvo 9600 A/C Seater/Sleeper (2+1)
https://www.redbus.in/bus-tickets/hyderabad-to-vijayawada,Hyderabad to Vijayawada,Express Line,14:20,07h 25m,21:45,4.3,INR 1989,6 Seats available,VE A/C Seater / Sleeper (2+1)
https://www.redbus.in/bus-tickets/hyderabad-to-vijayawada,Hyderabad to Vijayawada,Neelachal Travels,15:00,07h 45m,22:45,4.3,INR 1200,31 Seats available,A/C Seater / Sleeper (2+1)
https://www.redbus.in/bus-tickets/hyderabad-to-vijayawada,Hyderabad to Vijayawada,KARTHIKEYA TOURS AND TRAVELS,20:25,07h 05m,03:30,4.2,INR 500,16 Seats available,Non A/C Seater / Sleeper (2+1)
https://www.redbus.in/bus-tickets/hyderabad-to-vijayawada,Hyderabad to Vijayawada,Ranadeep Travels,22:35,05h 50m,04:25,4.1,INR 2200,27 Seats available,A/C Sleeper (2+1)
https://www.redbus.in/bus-tickets/hyderabad-to-vijayawada,Hyderabad to Vijayawada,Sri KVR Travels,16:45,07h 35m,00:20,4.0,INR 1499,14 Seats available,A/C Seater / Sleeper (2+1)
https://www.redbus.in/bus-tickets/hyderabad-to-vijayawada,Hyderabad to Vijayawada,Svkdt travels,18:20,07h 45m,02:05,4.0,INR 1389,8 Seats available,A/C Sleeper (2+1)
https://www.redbus.in/bus-tickets/hyderabad-to-vijayawada,Hyderabad to Vijayawada,Vikram Travels,20:25,06h 20m,02:45,4.0,INR 879,22 Seats available,A/C Sleeper (2+1)
https://www.redbus.in/bus-tickets/hyderabad-to-vijayawada,Hyderabad to Vijayawada,Laharisa Tours and Travels,21:55,06h 10m,04:05,4.0,INR 560,29 Seats available,Non A/C Seater / Sleeper (2+1)
https://www.redbus.in/bus-tickets/hyderabad-to-vijayawada,Hyderabad to Vijayawada,GMC Travels,22:50,04h 40m,03:30,4.0,INR 780,30 Seats available,A/C Seater / Sleeper (2+1)
https://www.redbus.in/bus-tickets/hyderabad-to-vijayawada,Hyderabad to Vijayawada,GMC Travels,15:55,07h 50m,23:45,4.0,INR 1090,18 Seats available,A/C Seater / Sleeper (2+1)
https://www.redbus.in/bus-tickets/hyderabad-to-vijayawada,Hyderabad to Vijayawada,Vikram Travels,19:10,06h 45m,01:55,4.0,INR 1699,19 Seats available,Volvo 9600 Multi-Axle A/C Sleeper (2+1)
https://www.redbus.in/bus-tickets/hyderabad-to-vijayawada,Hyderabad to Vijayawada,Vikram Travels,21:30,05h 30m,03:00,4.0,INR 1229,16 Seats available,VE A/C Sleeper (2+1)
https://www.redbus.in/bus-tickets/hyderabad-to-vijayawada,Hyderabad to Vijayawada,SBS Tours and Travels,21:40,05h 51m,03:31,4.0,INR 444,31 Seats available,Non A/C Seater / Sleeper (2+1)
https://www.redbus.in/bus-tickets/hyderabad-to-vijayawada,Hyderabad to Vijayawada,Sree Gowtham Travels,22:40,06h 30m,05:10,3.9,INR 900,23 Seats available,A/C Sleeper (2+1)
https://www.redbus.in/bus-tickets/hyderabad-to-vijayawada,Hyderabad to Vijayawada,Puri Jagannadh Tours And Travels,22:17,06h 38m,04:55,3.9,INR 660,24 Seats available,A/C Seater / Sleeper (2+1)
https://www.redbus.in/bus-tickets/hyderabad-to-vijayawada,Hyderabad to Vijayawada,Kalyani Transport,21:55,05h 25m,03:20,3.9,INR 449,18 Seats available,Non A/C Seater / Sleeper (2+1)
https://www.redbus.in/bus-tickets/hyderabad-to-vijayawada,Hyderabad to Vijayawada,Puri Jagannadh Tours And Travels,22:17,05h 38m,03:55,3.9,INR 660,27 Seats available,A/C Seater / Sleeper (2+1)
https://www.redbus.in/bus-tickets/hyderabad-to-vijayawada,Hyderabad to Vijayawada,Puri Jagannadh Tours And Travels,20:30,07h 15m,03:45,3.9,INR 499,33 Seats available,Non A/C Seater / Sleeper (2+1)
https://www.redbus.in/bus-tickets/hyderabad-to-vijayawada,Hyderabad to Vijayawada,Puri Jagannadh Tours And Travels,19:18,07h 27m,02:45,3.9,INR 555,26 Seats available,Non A/C Seater / Sleeper (2+1)
https://www.redbus.in/bus-tickets/hyderabad-to-vijayawada,Hyderabad to Vijayawada,Prathap Travels,14:25,13h 50m,04:15,3.9,INR 1099,5 Seats available,Non A/C Seater / Sleeper (2+1)
https://www.redbus.in/bus-tickets/hyderabad-to-vijayawada,Hyderabad to Vijayawada,V Kaveri Travels,21:23,07h 22m,04:45,3.8,INR 1000,20 Seats available,A/C Sleeper (2+1)
https://www.redbus.in/bus-tickets/hyderabad-to-vijayawada,Hyderabad to Vijayawada,Sri Keerthana Sai Travels,13:42,05h 58m,19:40,3.8,INR 1690,3 Seats available,Non A/C Seater / Sleeper (2+1)
https://www.redbus.in/bus-tickets/hyderabad-to-vijayawada,Hyderabad to Vijayawada,Chandu Travels,23:22,06h 23m,05:45,3.8,580,26 Seats available,A/C Seater/Sleeper (2+1)
https://www.redbus.in/bus-tickets/hyderabad-to-vijayawada,Hyderabad to Vijayawada,V Kaveri Travels,14:50,06h 10m,21:00,3.8,INR 2090,9 Seats available,A/C Sleeper (2+1)
https://www.redbus.in/bus-tickets/hyderabad-to-vijayawada,Hyderabad to Vijayawada,Sri Keerthana Sai Travels,15:45,08h 05m,23:50,3.8,INR 680,20 Seats available,Non A/C Seater / Sleeper (2+1)
https://www.redbus.in/bus-tickets/hyderabad-to-vijayawada,Hyderabad to Vijayawada,SVM Tours And Travels,22:35,05h 45m,04:20,3.8,INR 444,29 Seats available,Non A/C Seater / Sleeper (2+1)
https://www.redbus.in/bus-tickets/hyderabad-to-vijayawada,Hyderabad to Vijayawada,SAMANVI CITICONNECT,19:53,06h 52m,02:45,3.7,INR 499,17 Seats available,Non A/C Seater / Sleeper (2+1)
https://www.redbus.in/bus-tickets/hyderabad-to-vijayawada,Hyderabad to Vijayawada,Mayuri Travels,19:45,07h 00m,02:45,3.7,INR 1450,26 Seats available,A/C Sleeper (2+1)
https://www.redbus.in/bus-tickets/hyderabad-to-vijayawada,Hyderabad to Vijayawada,SREE CHAKRA TRAVELS,22:05,06h 25m,04:30,3.7,INR 5000,31 Seats available,Non A/C Seater / Sleeper (2+1)
https://www.redbus.in/bus-tickets/hyderabad-to-vijayawada,Hyderabad to Vijayawada,SAMANVI CITICONNECT,22:10,05h 35m,03:45,3.7,INR 449,20 Seats available,Non A/C Seater / Sleeper (2+1)
https://www.redbus.in/bus-tickets/hyderabad-to-vijayawada,Hyderabad to Vijayawada,Mayuri Travels,19:45,06h 15m,02:00,3.7,INR 500,31 Seats available,Non A/C Seater / Sleeper (2+1)
https://www.redbus.in/bus-tickets/hyderabad-to-vijayawada,Hyderabad to Vijayawada,Yolo Bus,15:20,05h 49m,21:09,2.8,INR 400,34 Seats available,Bharat Benz A/C Seater /Sleeper (2+1)
https://www.redbus.in/bus-tickets/hyderabad-to-vijayawada,Hyderabad to Vijayawada,Sri VInayaka Travels(Siva's),18:20,06h 55m,01:15,3.6,INR 1199,8 Seats available,A/C Seater / Sleeper (2+1)
https://www.redbus.in/bus-tickets/hyderabad-to-vijayawada,Hyderabad to Vijayawada,LVR Travels,22:30,06h 35m,05:05,3.6,INR 489,21 Seats available,Non A/C Seater / Sleeper (2+1)
https://www.redbus.in/bus-tickets/hyderabad-to-vijayawada,Hyderabad to Vijayawada,Krk Travels,14:35,08h 25m,23:00,3.6,INR 1099,12 Seats available,Non A/C Seater / Sleeper (2+1)
https://www.redbus.in/bus-tickets/hyderabad-to-vijayawada,Hyderabad to Vijayawada,Sri Sai Anjana Tours and Travels,20:20,06h 32m,02:52,3.6,INR 666,16 Seats available,A/C Sleeper (2+1)
https://www.redbus.in/bus-tickets/hyderabad-to-vijayawada,Hyderabad to Vijayawada,Prasanna Travels,23:40,05h 55m,05:35,3.1,INR 400,29 Seats available,A/C Seater / Sleeper (2+1)
https://www.redbus.in/bus-tickets/hyderabad-to-vijayawada,Hyderabad to Vijayawada,Sri Tulasi Tours and Travels,11:50,07h 15m,19:05,3.5,INR 1799,4 Seats available,A/C Seater / Sleeper (2+1)
https://www.redbus.in/bus-tickets/hyderabad-to-vijayawada,Hyderabad to Vijayawada,Sri Tulasi Tours and Travels,14:20,07h 40m,22:00,3.5,INR 1599,24 Seats available,A/C Seater / Sleeper (2+1)
https://www.redbus.in/bus-tickets/hyderabad-to-vijayawada,Hyderabad to Vijayawada,Mahadevv travels,22:20,06h 15m,04:35,3.5,741,26 Seats available,NON A/C Sleeper (2+1)
https://www.redbus.in/bus-tickets/hyderabad-to-vijayawada,Hyderabad to Vijayawada,Jayanthi Travels,21:25,06h 05m,03:30,3.5,INR 1550,31 Seats available,A/C Sleeper (2+1)
https://www.redbus.in/bus-tickets/hyderabad-to-vijayawada,Hyderabad to Vijayawada,Jayanthi Travels,21:25,05h 35m,03:00,3.5,INR 670,20 Seats available,Non A/C Seater / Sleeper (2+1)
https://www.redbus.in/bus-tickets/hyderabad-to-vijayawada,Hyderabad to Vijayawada,Jayanthi Travels,19:45,07h 15m,03:00,3.5,INR 890,11 Seats available,Non A/C Seater / Sleeper (2+1)
https://www.redbus.in/bus-tickets/hyderabad-to-vijayawada,Hyderabad to Vijayawada,Sri Tulasi Tours and Travels,14:50,08h 10m,23:00,3.5,INR 1299,10 Seats available,A/C Seater / Sleeper (2+1)
https://www.redbus.in/bus-tickets/hyderabad-to-vijayawada,Hyderabad to Vijayawada,Jayanthi Travels,20:15,08h 25m,04:40,3.5,INR 670,30 Seats available,Non A/C Seater / Sleeper (2+1)
https://www.redbus.in/bus-tickets/hyderabad-to-vijayawada,Hyderabad to Vijayawada,Chandu Travels,22:18,06h 12m,04:30,3.8,684,24 Seats available,A/C Sleeper (2+1)
https://www.redbus.in/bus-tickets/hyderabad-to-vijayawada,Hyderabad to Vijayawada,Kakathiya Travels,22:20,05h 40m,04:00,4.5,INR 647,22 Seats available,NON A/C Sleeper (2+1)
https://www.redbus.in/bus-tickets/hyderabad-to-vijayawada,Hyderabad to Vijayawada,KVR Tours and Travels,22:15,05h 00m,03:15,3.4,531,24 Seats available,Non A/C Seater / Sleeper (2+1)
https://www.redbus.in/bus-tickets/hyderabad-to-vijayawada,Hyderabad to Vijayawada,Sri Krishna Travels,18:31,07h 29m,02:00,3.4,INR 680,26 Seats available,A/C Seater / Sleeper (2+1)
https://www.redbus.in/bus-tickets/hyderabad-to-vijayawada,Hyderabad to Vijayawada,FlixBus,00:25,06h 50m,07:15,3.6,INR 374.11,18 Seats available,Electric A/C Semi Sleeper (2+2)
https://www.redbus.in/bus-tickets/hyderabad-to-vijayawada,Hyderabad to Vijayawada,Sri Krishna Travels,18:31,07h 29m,02:00,3.4,INR 5000,32 Seats available,A/C Sleeper (2+1)
https://www.redbus.in/bus-tickets/hyderabad-to-vijayawada,Hyderabad to Vijayawada,Sri Krishna Travels,21:30,06h 30m,04:00,3.4,INR 680,27 Seats available,A/C Seater / Sleeper (2+1)
https://www.redbus.in/bus-tickets/hyderabad-to-vijayawada,Hyderabad to Vijayawada,VARAHI TRAVELS,18:20,07h 50m,02:10,3.3,INR 729,32 Seats available,A/C Semi Sleeper / Sleeper (2+1)
https://www.redbus.in/bus-tickets/hyderabad-to-vijayawada,Hyderabad to Vijayawada,Sai Godavari Travels,22:18,05h 52m,04:10,3.3,580,32 Seats available,Non A/C Seater / Sleeper (2+1)
https://www.redbus.in/bus-tickets/hyderabad-to-vijayawada,Hyderabad to Vijayawada,MSM Tours & Travels,21:04,05h 56m,03:00,3.3,INR 1033,21 Seats available,Volvo Multi Axle A/C Sleeper I-Shift B11R (2+1)
https://www.redbus.in/bus-tickets/hyderabad-to-vijayawada,Hyderabad to Vijayawada,VARAHI TRAVELS,18:20,07h 50m,02:10,3.3,INR 640,23 Seats available,Non A/C Seater / Sleeper (2+1)
https://www.redbus.in/bus-tickets/hyderabad-to-vijayawada,Hyderabad to Vijayawada,Orange Tours and Travels,22:55,06h 50m,05:45,3.2,INR 700,36 Seats available,NON A/C Sleeper (2+1)
https://www.redbus.in/bus-tickets/hyderabad-to-vijayawada,Hyderabad to Vijayawada,Sri Krishna Travels,23:45,05h 25m,05:10,3.3,INR 800,28 Seats available,Volvo Multi-Axle A/C Sleeper (2+1)
https://www.redbus.in/bus-tickets/hyderabad-to-vijayawada,Hyderabad to Vijayawada,Sri Karan Sai Tours and Travels,22:53,05h 27m,04:20,3.6,INR 780,36 Seats available,Non A/C Seater / Sleeper (2+1)
https://www.redbus.in/bus-tickets/hyderabad-to-vijayawada,Hyderabad to Vijayawada,Sai Sri Durga Travels,23:15,06h 05m,05:20,2.7,INR 2100,40 Seats available,Non A/C Seater / Sleeper (2+1)
https://www.redbus.in/bus-tickets/hyderabad-to-vijayawada,Hyderabad to Vijayawada,Sri Atluri Travels,22:05,06h 15m,04:20,3.2,INR 610,15 Seats available,NON AC Seater / Sleeper 2+1
https://www.redbus.in/bus-tickets/hyderabad-to-vijayawada,Hyderabad to Vijayawada,Sri Atluri Travels,22:18,05h 32m,03:50,3.2,INR 560,23 Seats available,Non A/C Seater / Sleeper (2+1)
https://www.redbus.in/bus-tickets/hyderabad-to-vijayawada,Hyderabad to Vijayawada,Orange Tours and Travels,16:05,08h 25m,00:30,3.2,INR 1050,7 Seats available,A/C Seater / Sleeper (2+1)
https://www.redbus.in/bus-tickets/hyderabad-to-vijayawada,Hyderabad to Vijayawada,Orange Tours and Travels,14:50,08h 30m,23:20,3.2,INR 900,6 Seats available,NON A/C Seater/ Sleeper (2+1)
https://www.redbus.in/bus-tickets/hyderabad-to-vijayawada,Hyderabad to Vijayawada,Sri Atluri Travels,20:30,07h 50m,04:20,3.2,INR 560,12 Seats available,Non A/C Seater / Sleeper (2+1)
https://www.redbus.in/bus-tickets/hyderabad-to-vijayawada,Hyderabad to Vijayawada,Apple Travels,22:20,05h 10m,03:30,3.1,INR 444,30 Seats available,Non A/C Seater / Sleeper (2+1)
https://www.redbus.in/bus-tickets/hyderabad-to-vijayawada,Hyderabad to Vijayawada,Vinay's Tours and Travels,23:50,06h 05m,05:55,3.2,INR 500,19 Seats available,A/C Sleeper (2+1)
https://www.redbus.in/bus-tickets/hyderabad-to-vijayawada,Hyderabad to Vijayawada,Vinay's Tours and Travels,23:45,05h 45m,05:30,2.7,INR 500,16 Seats available,A/C Sleeper (2+1)
https://www.redbus.in/bus-tickets/hyderabad-to-vijayawada,Hyderabad to Vijayawada,Sri KVR Travels,22:44,04h 51m,03:35,3.5,INR 470,31 Seats available,Non A/C Seater / Sleeper (2+1)
https://www.redbus.in/bus-tickets/hyderabad-to-vijayawada,Hyderabad to Vijayawada,Morning Star Travels,23:00,05h 30m,04:30,3.4,INR 790,27 Seats available,A/C Sleeper (2+1)
https://www.redbus.in/bus-tickets/hyderabad-to-vijayawada,Hyderabad to Vijayawada,FlixBus,13:25,07h 00m,20:25,3.5,INR 551.79,17 Seats available,Electric A/C Semi Sleeper (2+2)
https://www.redbus.in/bus-tickets/hyderabad-to-vijayawada,Hyderabad to Vijayawada,SAI SIMHAPURI TRAVELS,23:30,05h 50m,05:20,3.2,1800,9 Seats available,NON A/C Seater (2+2)
https://www.redbus.in/bus-tickets/hyderabad-to-vijayawada,Hyderabad to Vijayawada,Ramana Tours And Travels,18:00,07h 05m,01:05,3.0,INR 1249,25 Seats available,A/C Sleeper (2+1)
https://www.redbus.in/bus-tickets/hyderabad-to-vijayawada,Hyderabad to Vijayawada,Srivastav Travels,21:00,07h 00m,04:00,3.0,INR 729,20 Seats available,A/C Sleeper (2+1)
https://www.redbus.in/bus-tickets/hyderabad-to-vijayawada,Hyderabad to Vijayawada,Morning Star Travels,23:05,05h 55m,05:00,2.6,INR 500,28 Seats available,NON A/C Sleeper (2+1)
https://www.redbus.in/bus-tickets/hyderabad-to-vijayawada,Hyderabad to Vijayawada,Srivastav Travels,20:45,07h 20m,04:05,3.0,INR 439,15 Seats available,A/C Seater/Sleeper (2+1)
https://www.redbus.in/bus-tickets/hyderabad-to-vijayawada,Hyderabad to Vijayawada,Srivastav Travels,22:40,06h 50m,05:30,3.0,647,27 Seats available,Bharat Benz A/C Sleeper (2+1)
https://www.redbus.in/bus-tickets/hyderabad-to-vijayawada,Hyderabad to Vijayawada,Ramana Tours And Travels,22:00,06h 40m,04:40,3.0,INR 750,24 Seats available,Non A/C Seater / Sleeper (2+1)
https://www.redbus.in/bus-tickets/hyderabad-to-vijayawada,Hyderabad to Vijayawada,Sri Srinivasa Tours and Travels,22:15,05h 25m,03:40,3.0,751,34 Seats available,A/C Sleeper (2+1)
https://www.redbus.in/bus-tickets/hyderabad-to-vijayawada,Hyderabad to Vijayawada,Ramana Tours And Travels,21:30,07h 30m,05:00,3.0,INR 550,19 Seats available,Non A/C Seater / Sleeper (2+1)
https://www.redbus.in/bus-tickets/hyderabad-to-vijayawada,Hyderabad to Vijayawada,SUNRISE TOUR AND TRAVELS,22:25,06h 25m,04:50,3.0,2850,45 Seats available,Non A/C Seater / Sleeper (2+1)
https://www.redbus.in/bus-tickets/hyderabad-to-vijayawada,Hyderabad to Vijayawada,Ramana Tours And Travels,22:12,05h 48m,04:00,3.0,INR 620,29 Seats available,Non A/C Seater / Sleeper (2+1)
https://www.redbus.in/bus-tickets/hyderabad-to-vijayawada,Hyderabad to Vijayawada,Komali Travels,22:10,05h 50m,04:00,2.7,627,21 Seats available,A/C Seater / Sleeper (2+1)
https://www.redbus.in/bus-tickets/hyderabad-to-vijayawada,Hyderabad to Vijayawada,V Kaveri Travels,22:20,06h 45m,05:05,2.2,INR 600,28 Seats available,Non A/C Seater / Sleeper (2+1)
https://www.redbus.in/bus-tickets/hyderabad-to-vijayawada,Hyderabad to Vijayawada,Prasanna Travels,23:55,06h 20m,06:15,2.6,INR 400,35 Seats available,A/C Seater / Sleeper (2+1)
https://www.redbus.in/bus-tickets/hyderabad-to-vijayawada,Hyderabad to Vijayawada,Prasanna Travels,23:35,06h 00m,05:35,1.9,INR 400,33 Seats available,A/C Seater / Sleeper (2+1)
https://www.redbus.in/bus-tickets/hyderabad-to-vijayawada,Hyderabad to Vijayawada,Anusha Travels,23:45,05h 55m,05:40,2.4,INR 548,26 Seats available,A/C Sleeper (2+1)
https://www.redbus.in/bus-tickets/hyderabad-to-vijayawada,Hyderabad to Vijayawada,Rainbow Tours And Travels,18:55,07h 35m,02:30,2.5,INR 390,26 Seats available,Non A/C Seater / Sleeper (2+1)
https://www.redbus.in/bus-tickets/hyderabad-to-vijayawada,Hyderabad to Vijayawada,Mahi Trans Solutions,21:35,06h 40m,04:15,2.9,603,34 Seats available,Non A/C Seater / Sleeper (2+1)
https://www.redbus.in/bus-tickets/hyderabad-to-vijayawada,Hyderabad to Vijayawada,J GAGANA TRAVELS,22:15,05h 30m,03:45,2.9,INR 560,27 Seats available,Non A/C Seater / Sleeper (2+1)
https://www.redbus.in/bus-tickets/hyderabad-to-vijayawada,Hyderabad to Vijayawada,Mahi Trans Solutions,21:30,07h 00m,04:30,2.9,504,33 Seats available,Non A/C Seater / Sleeper (2+1)
https://www.redbus.in/bus-tickets/hyderabad-to-vijayawada,Hyderabad to Vijayawada,7Hills roadways,20:20,07h 40m,04:00,4.5,INR 1099,31 Seats available,Scania AC Multi Axle Sleeper (2+1)
https://www.redbus.in/bus-tickets/hyderabad-to-vijayawada,Hyderabad to Vijayawada,Shyamoli Paribahan Pvt Ltd,19:50,07h 40m,03:30,4.5,INR 810,12 Seats available,A/C Seater/Sleeper (2+1)
https://www.redbus.in/bus-tickets/hyderabad-to-vijayawada,Hyderabad to Vijayawada,KPM BUS,21:46,06h 29m,04:15,2.8,INR 333,25 Seats available,A/C Sleeper (2+1)
https://www.redbus.in/bus-tickets/hyderabad-to-vijayawada,Hyderabad to Vijayawada,Navayuga Travels,19:56,08h 34m,04:30,2.8,INR 555,33 Seats available,NON AC Seater / Sleeper 2+1
https://www.redbus.in/bus-tickets/hyderabad-to-vijayawada,Hyderabad to Vijayawada,Navayuga Travels,13:25,07h 45m,21:10,2.8,INR 1390,23 Seats available,Non A/C Seater / Sleeper (2+1)
https://www.redbus.in/bus-tickets/hyderabad-to-vijayawada,Hyderabad to Vijayawada,Prasanna Travels,23:40,05h 55m,05:35,2.7,INR 600,24 Seats available,A/C Sleeper (2+1)
https://www.redbus.in/bus-tickets/hyderabad-to-vijayawada,Hyderabad to Vijayawada,Siva Sankar Travels,22:05,05h 55m,04:00,2.7,664,30 Seats available,A/C Seater / Sleeper (2+1)
https://www.redbus.in/bus-tickets/hyderabad-to-vijayawada,Hyderabad to Vijayawada,Morning Star Travels,22:20,05h 35m,03:55,2.7,INR 990,20 Seats available,A/C Sleeper (2+1)
https://www.redbus.in/bus-tickets/hyderabad-to-vijayawada,Hyderabad to Vijayawada,Prasanna Travels,00:35,06h 00m,06:35,2.7,INR 600,24 Seats available,A/C Sleeper (2+1)
https://www.redbus.in/bus-tickets/hyderabad-to-vijayawada,Hyderabad to Vijayawada,KKaveri Travels,18:30,07h 30m,02:00,2.6,INR 670,15 Seats available,Non A/C Seater / Sleeper (2+1)
https://www.redbus.in/bus-tickets/hyderabad-to-vijayawada,Hyderabad to Vijayawada,KKaveri Travels,18:55,07h 35m,02:30,2.6,INR 690,32 Seats available,Non A/C Seater / Sleeper (2+1)
https://www.redbus.in/bus-tickets/hyderabad-to-vijayawada,Hyderabad to Vijayawada,KKaveri Travels,18:55,07h 35m,02:30,2.6,INR 590,22 Seats available,Non A/C Seater / Sleeper (2+1)
https://www.redbus.in/bus-tickets/hyderabad-to-vijayawada,Hyderabad to Vijayawada,Siri Tours and Travels,21:58,06h 17m,04:15,2.5,INR 459,27 Seats available,Non A/C Seater / Sleeper (2+1)
https://www.redbus.in/bus-tickets/hyderabad-to-vijayawada,Hyderabad to Vijayawada,Siri Tours and Travels,22:13,05h 47m,04:00,2.5,INR 560,25 Seats available,Non A/C Seater / Sleeper (2+1)
https://www.redbus.in/bus-tickets/hyderabad-to-vijayawada,Hyderabad to Vijayawada,Ranadeep Travels,19:35,05h 25m,01:00,4.1,1554,23 Seats available,A/C Sleeper (2+1)
https://www.redbus.in/bus-tickets/hyderabad-to-vijayawada,Hyderabad to Vijayawada,Siri Tours and Travels,22:50,05h 25m,04:15,2.5,INR 999,2 Seats available,A/C Sleeper (2+1)
https://www.redbus.in/bus-tickets/hyderabad-to-vijayawada,Hyderabad to Vijayawada,Ranadeep Travels,19:35,05h 25m,01:00,4.1,1665,19 Seats available,A/C Sleeper (2+1)
https://www.redbus.in/bus-tickets/hyderabad-to-vijayawada,Hyderabad to Vijayawada,Siri Tours and Travels,22:01,06h 14m,04:15,2.5,INR 560,26 Seats available,Non A/C Seater / Sleeper (2+1)
https://www.redbus.in/bus-tickets/hyderabad-to-vijayawada,Hyderabad to Vijayawada,Siri Tours and Travels,22:25,05h 55m,04:20,2.5,INR 999,19 Seats available,A/C Sleeper (2+1)
https://www.redbus.in/bus-tickets/hyderabad-to-vijayawada,Hyderabad to Vijayawada,Rainbow Tours And Travels,22:14,06h 21m,04:35,2.5,INR 490,19 Seats available,Non A/C Seater / Sleeper (2+1)
https://www.redbus.in/bus-tickets/hyderabad-to-vijayawada,Hyderabad to Vijayawada,KRT Tours and Travels,22:55,06h 25m,05:20,2.3,INR 700,30 Seats available,Scania AC Multi Axle Sleeper (2+1)
https://www.redbus.in/bus-tickets/hyderabad-to-vijayawada,Hyderabad to Vijayawada,VAHINI Travels,22:37,06h 08m,04:45,2.3,INR 560,30 Seats available,Non A/C Seater / Sleeper (2+1)
https://www.redbus.in/bus-tickets/hyderabad-to-vijayawada,Hyderabad to Vijayawada,Sri KVR Travels,14:59,07h 51m,22:50,4.0,INR 5550,1 Seat available,Non A/C Seater / Sleeper (2+1)
https://www.redbus.in/bus-tickets/hyderabad-to-vijayawada,Hyderabad to Vijayawada,REDLINES TOURS AND TRAVELS,22:05,06h 25m,04:30,2.1,INR 3000,35 Seats available,A/C Seater / Sleeper (2+1)
https://www.redbus.in/bus-tickets/hyderabad-to-vijayawada,Hyderabad to Vijayawada,REDLINES TOURS AND TRAVELS,22:05,06h 25m,04:30,2.1,INR 500,32 Seats available,A/C Seater / Sleeper (2+1)
https://www.redbus.in/bus-tickets/hyderabad-to-vijayawada,Hyderabad to Vijayawada,Ajay Bus,21:50,07h 05m,04:55,2.2,INR 499,29 Seats available,A/C Seater / Sleeper (2+1)
https://www.redbus.in/bus-tickets/hyderabad-to-vijayawada,Hyderabad to Vijayawada,Devi Travels,22:25,07h 25m,05:50,1.9,1350,24 Seats available,A/C Sleeper (2+1)
https://www.redbus.in/bus-tickets/hyderabad-to-vijayawada,Hyderabad to Vijayawada,Shree Manikanta Travels,15:00,07h 50m,22:50,1.9,INR 1399,31 Seats available,A/C Sleeper (2+1)
https://www.redbus.in/bus-tickets/hyderabad-to-vijayawada,Hyderabad to Vijayawada,Sri Rama Travels,22:25,05h 50m,04:15,1.8,INR 777,32 Seats available,A/C Seater / Sleeper (2+1)
https://www.redbus.in/bus-tickets/hyderabad-to-vijayawada,Hyderabad to Vijayawada,Tranzindia Travels,21:40,05h 30m,03:10,1.8,INR 1149,22 Seats available,Scania AC Multi Axle Sleeper (2+1)
https://www.redbus.in/bus-tickets/hyderabad-to-vijayawada,Hyderabad to Vijayawada,DMR Travels,21:40,06h 50m,04:30,1.7,INR 670,31 Seats available,Non A/C Seater / Sleeper (2+1)
https://www.redbus.in/bus-tickets/hyderabad-to-vijayawada,Hyderabad to Vijayawada,DMR Travels,21:16,06h 14m,03:30,1.7,INR 900,22 Seats available,A/C Sleeper (2+1)
https://www.redbus.in/bus-tickets/hyderabad-to-vijayawada,Hyderabad to Vijayawada,DMR Travels,22:00,06h 30m,04:30,1.7,INR 670,29 Seats available,Non A/C Seater / Sleeper (2+1)
https://www.redbus.in/bus-tickets/hyderabad-to-vijayawada,Hyderabad to Vijayawada,DMR Travels,22:35,05h 55m,04:30,1.7,INR 670,37 Seats available,Non A/C Seater / Sleeper (2+1)
https://www.redbus.in/bus-tickets/hyderabad-to-vijayawada,Hyderabad to Vijayawada,DMR Travels,22:00,06h 20m,04:20,1.7,INR 900,29 Seats available,A/C Sleeper (2+1)
https://www.redbus.in/bus-tickets/hyderabad-to-vijayawada,Hyderabad to Vijayawada,Padma Travels,21:30,06h 30m,04:00,3.9,INR 499,25 Seats available,Non A/C Seater / Sleeper (2+1)
https://www.redbus.in/bus-tickets/hyderabad-to-vijayawada,Hyderabad to Vijayawada,Meghana Travels,22:45,05h 40m,04:25,3.9,INR 3000,36 Seats available,Non A/C Seater / Sleeper (2+1)
https://www.redbus.in/bus-tickets/hyderabad-to-vijayawada,Hyderabad to Vijayawada,Sai Virat Travels,22:10,04h 55m,03:05,3.9,INR 1000,32 Seats available,VE A/C Sleeper (2+1)
https://www.redbus.in/bus-tickets/hyderabad-to-vijayawada,Hyderabad to Vijayawada,Meghana Travels,22:20,05h 35m,03:55,3.9,INR 990,6 Seats available,A/C Sleeper (2+1)
https://www.redbus.in/bus-tickets/hyderabad-to-vijayawada,Hyderabad to Vijayawada,SVR Tours and Travels,17:15,06h 30m,23:45,2.9,INR 1100,28 Seats available,Volvo Multi Axle B9R A/C Sleeper (2+1)
https://www.redbus.in/bus-tickets/hyderabad-to-vijayawada,Hyderabad to Vijayawada,Chandu Travels,22:18,06h 12m,04:30,3.8,1226,26 Seats available,A/C Seater / Sleeper (2+1)
https://www.redbus.in/bus-tickets/hyderabad-to-vijayawada,Hyderabad to Vijayawada,V Kaveri Travels,22:55,07h 35m,06:30,3.8,INR 600,32 Seats available,NON A/C Hi-Tech Push Back (2+2)
https://www.redbus.in/bus-tickets/hyderabad-to-vijayawada,Hyderabad to Vijayawada,Mayuri Travels,14:38,06h 32m,21:10,3.7,INR 1560,4 Seats available,Non A/C Seater / Sleeper (2+1)
https://www.redbus.in/bus-tickets/hyderabad-to-vijayawada,Hyderabad to Vijayawada,Mozo travels,22:25,06h 05m,04:30,3.7,INR 549,41 Seats available,A/C Seater / Sleeper (2+1)
https://www.redbus.in/bus-tickets/hyderabad-to-vijayawada,Hyderabad to Vijayawada,Mayuri Travels,16:45,07h 14m,23:59,3.7,INR 1110,33 Seats available,Non A/C Seater / Sleeper (2+1)
https://www.redbus.in/bus-tickets/hyderabad-to-vijayawada,Hyderabad to Vijayawada,Sri Hari Tours & Travels,21:12,05h 53m,03:05,3.6,2374,25 Seats available,Volvo Multi Axle B9R A/C Sleeper (2+1)
https://www.redbus.in/bus-tickets/hyderabad-to-vijayawada,Hyderabad to Vijayawada,Sri Karan Sai Tours and Travels,22:15,06h 15m,04:30,3.6,INR 777,23 Seats available,Non A/C Seater / Sleeper (2+1)
https://www.redbus.in/bus-tickets/hyderabad-to-vijayawada,Hyderabad to Vijayawada,Sri Karan Sai Tours and Travels,22:10,06h 20m,04:30,3.6,INR 444,34 Seats available,Non A/C Seater / Sleeper (2+1)
https://www.redbus.in/bus-tickets/hyderabad-to-vijayawada,Hyderabad to Vijayawada,Sri Hari Tours & Travels,23:35,05h 35m,05:10,3.6,1424,38 Seats available,Volvo Multi Axle B9R A/C Sleeper (2+1)
https://www.redbus.in/bus-tickets/hyderabad-to-vijayawada,Hyderabad to Vijayawada,CVR Travels,21:50,05h 40m,03:30,3.5,INR 610,36 Seats available,A/C Seater / Sleeper (2+1)
https://www.redbus.in/bus-tickets/hyderabad-to-vijayawada,Hyderabad to Vijayawada,CVR Travels,22:15,06h 02m,04:17,3.5,INR 890,1 Seat available,Non A/C Seater / Sleeper (2+1)
https://www.redbus.in/bus-tickets/hyderabad-to-vijayawada,Hyderabad to Vijayawada,KVR Tours and Travels,20:55,05h 10m,02:05,3.4,1129,31 Seats available,NON A/C Sleeper (2+1)
https://www.redbus.in/bus-tickets/hyderabad-to-vijayawada,Hyderabad to Vijayawada,MSM Tours & Travels,21:04,05h 56m,03:00,3.3,INR 1038,29 Seats available,A/C Sleeper (2+1)
https://www.redbus.in/bus-tickets/hyderabad-to-vijayawada,Hyderabad to Vijayawada,VNR Tours And Travels,15:10,07h 15m,22:25,3.3,3799,32 Seats available,A/C Seater / Sleeper (2+1)
https://www.redbus.in/bus-tickets/hyderabad-to-vijayawada,Hyderabad to Vijayawada,Sai Sri Krishna Travels,22:40,05h 50m,04:30,3.3,INR 1899,31 Seats available,A/C Seater / Sleeper (2+1)
https://www.redbus.in/bus-tickets/hyderabad-to-vijayawada,Hyderabad to Vijayawada,SBT,20:40,08h 20m,05:00,3.1,INR 3000,45 Seats available,Volvo AC Seater (2+2)
https://www.redbus.in/bus-tickets/hyderabad-to-vijayawada,Hyderabad to Vijayawada,SUNRISE TOUR AND TRAVELS,22:25,06h 25m,04:50,3.0,2850,36 Seats available,Non A/C Seater / Sleeper (2+1)
https://www.redbus.in/bus-tickets/hyderabad-to-vijayawada,Hyderabad to Vijayawada,J GAGANA TRAVELS,22:15,05h 30m,03:45,2.9,INR 555,28 Seats available,Non A/C Seater / Sleeper (2+1)
https://www.redbus.in/bus-tickets/hyderabad-to-vijayawada,Hyderabad to Vijayawada,Sai Srinivasa Travels,22:40,06h 10m,04:50,2.9,INR 2999,40 Seats available,A/C Seater / Sleeper (2+1)
https://www.redbus.in/bus-tickets/hyderabad-to-vijayawada,Hyderabad to Vijayawada,Mahi Trans Solutions,22:35,06h 40m,05:15,2.9,1529,36 Seats available,Non A/C Seater / Sleeper (2+1)
https://www.redbus.in/bus-tickets/hyderabad-to-vijayawada,Hyderabad to Vijayawada,SSV Travels,23:12,05h 20m,04:32,2.9,2521,40 Seats available,Non A/C Seater / Sleeper (2+1)
https://www.redbus.in/bus-tickets/hyderabad-to-vijayawada,Hyderabad to Vijayawada,KPM BUS,21:46,06h 29m,04:15,2.8,INR 799,22 Seats available,NON A/C Sleeper (2+1)
https://www.redbus.in/bus-tickets/hyderabad-to-vijayawada,Hyderabad to Vijayawada,AVR Travels,00:25,05h 15m,05:40,2.6,INR 2500,41 Seats available,A/C Seater / Sleeper (2+1)
https://www.redbus.in/bus-tickets/hyderabad-to-vijayawada,Hyderabad to Vijayawada,AVR Travels,00:10,05h 15m,05:25,2.6,INR 2500,41 Seats available,A/C Seater (2+2)
https://www.redbus.in/bus-tickets/hyderabad-to-vijayawada,Hyderabad to Vijayawada,Ajay Bus,21:50,06h 30m,04:20,2.2,INR 499,30 Seats available,A/C Seater / Sleeper (2+1)
https://www.redbus.in/bus-tickets/hyderabad-to-vijayawada,Hyderabad to Vijayawada,Elegance Tours And Travels Pvt Ltd,18:25,07h 05m,01:30,2.1,1124,13 Seats available,Bharat Benz A/C Sleeper (2+1)
https://www.redbus.in/bus-tickets/hyderabad-to-vijayawada,Hyderabad to Vijayawada,Elegance Tours And Travels Pvt Ltd,20:25,06h 40m,03:05,2.1,1161,28 Seats available,Bharat Benz A/C Sleeper (2+1)
https://www.redbus.in/bus-tickets/hyderabad-to-vijayawada,Hyderabad to Vijayawada,SRI VEERANJANEYA TOURS AND TRAVELS,21:30,05h 10m,02:40,1.9,INR 3000,30 Seats available,NON A/C Sleeper (2+1)
https://www.redbus.in/bus-tickets/hyderabad-to-vijayawada,Hyderabad to Vijayawada,SRI VEERANJANEYA TOURS AND TRAVELS,21:30,05h 10m,02:40,1.9,INR 3000,30 Seats available,A/C Sleeper (2+1)
https://www.redbus.in/bus-tickets/hyderabad-to-vijayawada,Hyderabad to Vijayawada,Tranzindia Travels,21:45,06h 20m,04:05,1.8,INR 1150,22 Seats available,VE A/C Sleeper (2+1)
https://www.redbus.in/bus-tickets/hyderabad-to-vijayawada,Hyderabad to Vijayawada,Tranzindia Travels,21:45,05h 30m,03:15,1.8,INR 1111,26 Seats available,Volvo Multi-Axle A/C Sleeper (2+1)
https://www.redbus.in/bus-tickets/hyderabad-to-vijayawada,Hyderabad to Vijayawada,Sri Rama Travels,22:15,06h 00m,04:15,1.8,INR 610,20 Seats available,Non A/C Seater / Sleeper (2+1)
https://www.redbus.in/bus-tickets/hyderabad-to-vijayawada,Hyderabad to Vijayawada,Naveen Tours and Travels,19:40,07h 05m,02:45,1.5,1100,34 Seats available,VE A/C Seater / Sleeper (2+1)
https://www.redbus.in/bus-tickets/hyderabad-to-vijayawada,Hyderabad to Vijayawada,Sai Durga Travels,22:35,06h 25m,05:00,1.6,4750,1 Seat available,A/C Seater / Sleeper (2+1)
https://www.redbus.in/bus-tickets/hyderabad-to-vijayawada,Hyderabad to Vijayawada,Naveen Tours and Travels,21:20,06h 30m,03:50,1.5,1086,48 Seats available,A/C Seater / Sleeper (2+1)
https://www.redbus.in/bus-tickets/hyderabad-to-vijayawada,Hyderabad to Vijayawada,Naveen Tours and Travels,21:25,07h 06m,04:31,1.5,1199,44 Seats available,VE A/C Seater / Sleeper (2+1)
https://www.redbus.in/bus-tickets/hyderabad-to-vijayawada,Hyderabad to Vijayawada,Shree Krishna Travels,19:00,04h 00m,23:00,,INR 4500,37 Seats available,NON A/C Sleeper (2+1)
https://www.redbus.in/bus-tickets/hyderabad-to-vijayawada,Hyderabad to Vijayawada,SRI KARTHIKEYA TRAVELS,22:00,06h 30m,04:30,,INR 299,28 Seats available,A/C Seater / Sleeper (2+1)
https://www.redbus.in/bus-tickets/vijayawada-to-hyderabad,Vijayawada to Hyderabad,FRESHBUS,22:50,06h 05m,04:55,4.7,485,29 Seats available,Electric A/C Seater (2+2)
https://www.redbus.in/bus-tickets/vijayawada-to-hyderabad,Vijayawada to Hyderabad,FRESHBUS,17:30,06h 40m,00:10,4.7,431,43 Seats available,Electric A/C Seater (2+2)
https://www.redbus.in/bus-tickets/vijayawada-to-hyderabad,Vijayawada to Hyderabad,IntrCity SmartBus,23:45,06h 45m,06:30,4.7,INR 809,22 Seats available,AC Sleeper (2+1)
https://www.redbus.in/bus-tickets/vijayawada-to-hyderabad,Vijayawada to Hyderabad,AdYolo Bus,23:24,06h 19m,05:43,3.9,INR 450,35 Seats available,A/C Seater/Sleeper (2+1)
https://www.redbus.in/bus-tickets/vijayawada-to-hyderabad,Vijayawada to Hyderabad,FRESHBUS,21:50,06h 00m,03:50,4.6,476,32 Seats available,Electric A/C Seater (2+2)
https://www.redbus.in/bus-tickets/vijayawada-to-hyderabad,Vijayawada to Hyderabad,FRESHBUS,23:25,06h 05m,05:30,4.6,485,34 Seats available,Electric A/C Seater (2+2)
https://www.redbus.in/bus-tickets/vijayawada-to-hyderabad,Vijayawada to Hyderabad,FRESHBUS,16:30,06h 40m,23:10,4.6,431,41 Seats available,Electric A/C Seater (2+2)
https://www.redbus.in/bus-tickets/vijayawada-to-hyderabad,Vijayawada to Hyderabad,AdSai RK Travels,22:10,07h 20m,05:30,3.5,INR 660,31 Seats available,Non A/C Seater / Sleeper (2+1)
https://www.redbus.in/bus-tickets/vijayawada-to-hyderabad,Vijayawada to Hyderabad,FRESHBUS,12:30,06h 15m,18:45,4.6,333,26 Seats available,Electric A/C Seater (2+2)
https://www.redbus.in/bus-tickets/vijayawada-to-hyderabad,Vijayawada to Hyderabad,FRESHBUS,10:15,06h 35m,16:50,4.6,333,16 Seats available,Electric A/C Seater (2+2)
https://www.redbus.in/bus-tickets/vijayawada-to-hyderabad,Vijayawada to Hyderabad,FRESHBUS,11:10,07h 05m,18:15,4.6,333,29 Seats available,Electric A/C Seater (2+2)
https://www.redbus.in/bus-tickets/vijayawada-to-hyderabad,Vijayawada to Hyderabad,Zingbus Plus,23:40,06h 30m,06:10,4.4,478,30 Seats available,A/C Seater / Sleeper (2+1)
https://www.redbus.in/bus-tickets/vijayawada-to-hyderabad,Vijayawada to Hyderabad,Sri Durga Malleswari Travels,22:30,07h 15m,05:45,4.4,720,9 Seats available,A/C Sleeper (2+1)
https://www.redbus.in/bus-tickets/vijayawada-to-hyderabad,Vijayawada to Hyderabad,Sri Durga Malleswari Travels,22:30,07h 00m,05:30,4.1,450,7 Seats available,A/C Seater / Sleeper (2+1)
https://www.redbus.in/bus-tickets/vijayawada-to-hyderabad,Vijayawada to Hyderabad,FRESHBUS,23:55,06h 10m,06:05,4.6,485,36 Seats available,Electric A/C Seater (2+2)
https://www.redbus.in/bus-tickets/vijayawada-to-hyderabad,Vijayawada to Hyderabad,IntrCity SmartBus,23:40,06h 30m,06:10,4.6,INR 509,23 Seats available,A/C Seater / Sleeper (2+1)
https://www.redbus.in/bus-tickets/vijayawada-to-hyderabad,Vijayawada to Hyderabad,Sri Durga Malleswari Travels,22:30,07h 25m,05:55,4.3,675,5 Seats available,A/C Sleeper (2+1)
https://www.redbus.in/bus-tickets/vijayawada-to-hyderabad,Vijayawada to Hyderabad,IntrCity SmartBus,23:25,06h 50m,06:15,4.5,INR 589,27 Seats available,A/C Seater / Sleeper (2+1)
https://www.redbus.in/bus-tickets/vijayawada-to-hyderabad,Vijayawada to Hyderabad,Sri Sanvi Tours and Travels,23:25,05h 52m,05:17,4.6,1079,21 Seats available,A/C Sleeper (2+1)
https://www.redbus.in/bus-tickets/vijayawada-to-hyderabad,Vijayawada to Hyderabad,IntrCity SmartBus,22:45,06h 55m,05:40,4.4,INR 559,25 Seats available,A/C Seater / Sleeper (2+1)
https://www.redbus.in/bus-tickets/vijayawada-to-hyderabad,Vijayawada to Hyderabad,IntrCity SmartBus,23:45,06h 15m,06:00,4.5,INR 839,18 Seats available,AC Sleeper (2+1)
https://www.redbus.in/bus-tickets/vijayawada-to-hyderabad,Vijayawada to Hyderabad,NueGo,21:35,07h 45m,05:20,4.4,472,15 Seats available,Electric A/C Seater/Sleeper (2+1)
https://www.redbus.in/bus-tickets/vijayawada-to-hyderabad,Vijayawada to Hyderabad,IntrCity SmartBus,23:00,06h 35m,05:35,4.4,INR 769,20 Seats available,AC Sleeper (2+1)
https://www.redbus.in/bus-tickets/vijayawada-to-hyderabad,Vijayawada to Hyderabad,IntrCity SmartBus,23:50,07h 05m,06:55,4.3,INR 759,26 Seats available,AC Sleeper (2+1)
https://www.redbus.in/bus-tickets/vijayawada-to-hyderabad,Vijayawada to Hyderabad,Yolo Bus,22:40,06h 19m,04:59,4.3,INR 830,22 Seats available,A/C Sleeper (2+1)
https://www.redbus.in/bus-tickets/vijayawada-to-hyderabad,Vijayawada to Hyderabad,NueGo,10:15,06h 45m,17:00,4.3,332,10 Seats available,Electric A/C Seater (2+2)
https://www.redbus.in/bus-tickets/vijayawada-to-hyderabad,Vijayawada to Hyderabad,NueGo,14:35,07h 25m,22:00,4.2,427,8 Seats available,Electric A/C Seater (2+2)
https://www.redbus.in/bus-tickets/vijayawada-to-hyderabad,Vijayawada to Hyderabad,NueGo,10:05,07h 45m,17:50,4.2,332,18 Seats available,Electric A/C Seater/Sleeper (2+1)
https://www.redbus.in/bus-tickets/vijayawada-to-hyderabad,Vijayawada to Hyderabad,Holidays Tours and Travels,23:45,06h 04m,05:49,4.3,INR 599,14 Seats available,A/C Seater / Sleeper (2+1)
https://www.redbus.in/bus-tickets/vijayawada-to-hyderabad,Vijayawada to Hyderabad,NueGo,21:50,06h 15m,04:05,4.1,332,19 Seats available,Electric A/C Seater (2+2)
https://www.redbus.in/bus-tickets/vijayawada-to-hyderabad,Vijayawada to Hyderabad,NueGo,23:00,07h 30m,06:30,4.1,332,18 Seats available,Electric A/C Seater/Sleeper (2+1)
https://www.redbus.in/bus-tickets/vijayawada-to-hyderabad,Vijayawada to Hyderabad,NueGo,22:30,07h 30m,06:00,4.1,452,18 Seats available,Electric A/C Seater (2+2)
https://www.redbus.in/bus-tickets/vijayawada-to-hyderabad,Vijayawada to Hyderabad,Sri KVR Travels,23:45,06h 00m,05:45,4.2,INR 1143,25 Seats available,A/C Sleeper (2+1)
https://www.redbus.in/bus-tickets/vijayawada-to-hyderabad,Vijayawada to Hyderabad,NueGo,22:35,06h 35m,05:10,4.0,411,22 Seats available,Electric A/C Seater (2+2)
https://www.redbus.in/bus-tickets/vijayawada-to-hyderabad,Vijayawada to Hyderabad,IntrCity SmartBus,23:30,06h 30m,06:00,4.1,INR 809,22 Seats available,Scania AC Multi Axle Sleeper (2+1)
https://www.redbus.in/bus-tickets/vijayawada-to-hyderabad,Vijayawada to Hyderabad,IntrCity SmartBus,23:25,06h 45m,06:10,4.3,INR 499,17 Seats available,A/C Seater / Sleeper (2+1)
https://www.redbus.in/bus-tickets/vijayawada-to-hyderabad,Vijayawada to Hyderabad,Sri KVR Travels,22:25,07h 20m,05:45,4.4,INR 610,19 Seats available,Non A/C Seater / Sleeper (2+1)
https://www.redbus.in/bus-tickets/vijayawada-to-hyderabad,Vijayawada to Hyderabad,Svkdt travels,22:50,07h 15m,06:05,4.1,INR 905,19 Seats available,A/C Sleeper (2+1)
https://www.redbus.in/bus-tickets/vijayawada-to-hyderabad,Vijayawada to Hyderabad,NueGo,11:35,07h 25m,19:00,4.0,332,14 Seats available,Electric A/C Seater (2+2)
https://www.redbus.in/bus-tickets/vijayawada-to-hyderabad,Vijayawada to Hyderabad,IntrCity SmartBus,23:15,06h 45m,06:00,3.9,INR 689,23 Seats available,Scania AC Multi Axle Sleeper (2+1)
https://www.redbus.in/bus-tickets/vijayawada-to-hyderabad,Vijayawada to Hyderabad,NueGo,23:15,06h 32m,05:47,3.9,522,22 Seats available,Electric A/C Semi Sleeper (2+2)
https://www.redbus.in/bus-tickets/vijayawada-to-hyderabad,Vijayawada to Hyderabad,V Kaveri Travels,23:05,06h 45m,05:50,4.0,INR 650,16 Seats available,A/C Seater / Sleeper (2+1)
https://www.redbus.in/bus-tickets/vijayawada-to-hyderabad,Vijayawada to Hyderabad,BSR Tours And Travels,23:50,06h 25m,06:15,4.8,INR 1180,10 Seats available,A/C Sleeper (2+1)
https://www.redbus.in/bus-tickets/vijayawada-to-hyderabad,Vijayawada to Hyderabad,Svkdt travels,22:30,07h 10m,05:40,4.0,INR 714,9 Seats available,A/C Seater / Sleeper (2+1)
https://www.redbus.in/bus-tickets/vijayawada-to-hyderabad,Vijayawada to Hyderabad,Svkdt travels,23:15,06h 54m,06:09,3.9,INR 890,24 Seats available,A/C Sleeper (2+1)
https://www.redbus.in/bus-tickets/vijayawada-to-hyderabad,Vijayawada to Hyderabad,NueGo,17:35,06h 42m,00:17,4.4,410,27 Seats available,Electric A/C Semi Sleeper (2+2)
https://www.redbus.in/bus-tickets/vijayawada-to-hyderabad,Vijayawada to Hyderabad,Tirumala Xpress,23:20,06h 54m,06:14,3.7,629,14 Seats available,A/C Sleeper (2+1)
https://www.redbus.in/bus-tickets/vijayawada-to-hyderabad,Vijayawada to Hyderabad,Anjani Bus,23:15,06h 02m,05:17,3.9,INR 549,31 Seats available,A/C Seater / Sleeper (2+1)
https://www.redbus.in/bus-tickets/vijayawada-to-hyderabad,Vijayawada to Hyderabad,Vikram Travels,23:45,06h 25m,06:10,5.0,INR 715,14 Seats available,VE A/C Sleeper (2+1)
https://www.redbus.in/bus-tickets/vijayawada-to-hyderabad,Vijayawada to Hyderabad,NueGo,23:25,07h 50m,07:15,4.0,569,7 Seats available,Electric A/C Sleeper (2+1)
https://www.redbus.in/bus-tickets/vijayawada-to-hyderabad,Vijayawada to Hyderabad,LVP Travels,22:57,06h 33m,05:30,4.4,INR 610,21 Seats available,A/C Seater / Sleeper (2+1)
https://www.redbus.in/bus-tickets/vijayawada-to-hyderabad,Vijayawada to Hyderabad,Kaveri Travels,23:57,06h 03m,06:00,3.8,INR 1080,24 Seats available,Volvo Multi Axle A/C Sleeper I-Shift B11R (2+1)
https://www.redbus.in/bus-tickets/vijayawada-to-hyderabad,Vijayawada to Hyderabad,NueGo,23:50,07h 22m,07:12,3.9,588,14 Seats available,Electric A/C Semi Sleeper (2+2)
https://www.redbus.in/bus-tickets/vijayawada-to-hyderabad,Vijayawada to Hyderabad,Sri Sanvi Tours and Travels,23:35,05h 42m,05:17,4.3,1079,24 Seats available,A/C Sleeper (2+1)
https://www.redbus.in/bus-tickets/vijayawada-to-hyderabad,Vijayawada to Hyderabad,NueGo,23:35,06h 52m,06:27,4.2,404,15 Seats available,Electric A/C Semi Sleeper (2+2)
https://www.redbus.in/bus-tickets/vijayawada-to-hyderabad,Vijayawada to Hyderabad,V Kaveri Travels,22:55,07h 00m,05:55,4.0,INR 650,20 Seats available,A/C Seater / Sleeper (2+1)
https://www.redbus.in/bus-tickets/vijayawada-to-hyderabad,Vijayawada to Hyderabad,V Kaveri Travels,22:45,06h 15m,05:00,4.0,INR 700,25 Seats available,Non A/C Seater / Sleeper (2+1)
https://www.redbus.in/bus-tickets/vijayawada-to-hyderabad,Vijayawada to Hyderabad,Sri Venkata Padmavathi Travels,22:20,07h 42m,06:02,3.8,INR 598,34 Seats available,Non A/C Seater / Sleeper (2+1)
https://www.redbus.in/bus-tickets/vijayawada-to-hyderabad,Vijayawada to Hyderabad,NueGo,11:20,06h 42m,18:02,4.8,379,13 Seats available,Electric A/C Semi Sleeper (2+2)
https://www.redbus.in/bus-tickets/vijayawada-to-hyderabad,Vijayawada to Hyderabad,Anusha Travels,23:20,06h 12m,05:32,New,INR 699,26 Seats available,A/C Sleeper (2+1)
https://www.redbus.in/bus-tickets/vijayawada-to-hyderabad,Vijayawada to Hyderabad,Taruni Trans & Logistics,22:30,08h 50m,07:20,New,INR 3000,30 Seats available,A/C Sleeper (2+1)
https://www.redbus.in/bus-tickets/vijayawada-to-hyderabad,Vijayawada to Hyderabad,Garuda Travels,22:30,06h 25m,04:55,New,1620,2 Seats available,NON A/C Sleeper (2+1)
https://www.redbus.in/bus-tickets/vijayawada-to-hyderabad,Vijayawada to Hyderabad,Go Tour Travels and Holidays,23:55,06h 10m,06:05,3.9,757,21 Seats available,A/C Seater / Sleeper (2+1)
https://www.redbus.in/bus-tickets/vijayawada-to-hyderabad,Vijayawada to Hyderabad,Yolo Bus,14:30,06h 10m,20:40,3.1,INR 400,32 Seats available,Bharat Benz A/C Seater /Sleeper (2+1)
https://www.redbus.in/bus-tickets/vijayawada-to-hyderabad,Vijayawada to Hyderabad,Zingbus Plus,23:55,07h 00m,06:55,3.6,1264,24 Seats available,A/C Sleeper (2+1)
https://www.redbus.in/bus-tickets/vijayawada-to-hyderabad,Vijayawada to Hyderabad,Sri KVR Travels,23:20,06h 05m,05:25,3.4,INR 628,37 Seats available,Non A/C Seater / Sleeper (2+1)
https://www.redbus.in/bus-tickets/vijayawada-to-hyderabad,Vijayawada to Hyderabad,Royal Varma Travels,22:28,06h 49m,05:17,3.7,INR 1080,20 Seats available,A/C Sleeper (2+1)
https://www.redbus.in/bus-tickets/vijayawada-to-hyderabad,Vijayawada to Hyderabad,IntrCity SmartBus,22:25,07h 40m,06:05,4.6,INR 879,21 Seats available,AC Sleeper (2+1)
https://www.redbus.in/bus-tickets/vijayawada-to-hyderabad,Vijayawada to Hyderabad,Sri Sai Srinivasa Travels,22:00,06h 57m,04:57,3.9,INR 550,28 Seats available,Non A/C Seater / Sleeper (2+1)
https://www.redbus.in/bus-tickets/vijayawada-to-hyderabad,Vijayawada to Hyderabad,NueGo,23:50,06h 08m,05:58,4.2,1088,7 Seats available,Electric A/C Sleeper (2+1)
https://www.redbus.in/bus-tickets/vijayawada-to-hyderabad,Vijayawada to Hyderabad,IntrCity SmartBus,22:00,07h 40m,05:40,3.9,INR 599,24 Seats available,VE A/C Seater / Sleeper (2+1)
https://www.redbus.in/bus-tickets/vijayawada-to-hyderabad,Vijayawada to Hyderabad,Sai Srinivasa Travels,22:05,06h 55m,05:00,4.1,INR 570,25 Seats available,Non A/C Seater / Sleeper (2+1)
https://www.redbus.in/bus-tickets/vijayawada-to-hyderabad,Vijayawada to Hyderabad,NueGo,11:30,06h 52m,18:22,3.2,406,13 Seats available,Electric A/C Semi Sleeper (2+2)
https://www.redbus.in/bus-tickets/vijayawada-to-hyderabad,Vijayawada to Hyderabad,Sri Atluri Travels,22:15,06h 30m,04:45,3.9,INR 610,21 Seats available,A/C Seater / Sleeper (2+1)
https://www.redbus.in/bus-tickets/vijayawada-to-hyderabad,Vijayawada to Hyderabad,LG BUS,23:45,06h 18m,06:03,4.5,INR 1280,20 Seats available,Bharat Benz A/C Sleeper (2+1)
https://www.redbus.in/bus-tickets/vijayawada-to-hyderabad,Vijayawada to Hyderabad,Eswar Travels,22:35,07h 15m,05:50,3.9,INR 650,29 Seats available,A/C Seater / Sleeper (2+1)
https://www.redbus.in/bus-tickets/vijayawada-to-hyderabad,Vijayawada to Hyderabad,Vikram Travels,15:15,04h 45m,20:00,4.4,INR 3059,2 Seats available,VE A/C Sleeper (2+1)
https://www.redbus.in/bus-tickets/vijayawada-to-hyderabad,Vijayawada to Hyderabad,Morning Star Travels,23:30,06h 10m,05:40,3.4,INR 750,21 Seats available,NON A/C Sleeper (2+1)
https://www.redbus.in/bus-tickets/vijayawada-to-hyderabad,Vijayawada to Hyderabad,Yolo Bus,23:05,07h 54m,06:59,3.5,INR 860,23 Seats available,Bharat Benz A/C Sleeper (2+1)
https://www.redbus.in/bus-tickets/vijayawada-to-hyderabad,Vijayawada to Hyderabad,V Kaveri Travels,23:51,06h 39m,06:30,4.1,INR 1000,24 Seats available,A/C Sleeper (2+1)
https://www.redbus.in/bus-tickets/vijayawada-to-hyderabad,Vijayawada to Hyderabad,IntrCity SmartBus,23:50,07h 05m,06:55,4.1,INR 679,26 Seats available,Bharat Benz A/C Seater /Sleeper (2+1)
https://www.redbus.in/bus-tickets/vijayawada-to-hyderabad,Vijayawada to Hyderabad,Sri KVR Travels,01:15,05h 50m,07:05,4.6,INR 1090,35 Seats available,A/C Seater / Sleeper (2+1)
https://www.redbus.in/bus-tickets/vijayawada-to-hyderabad,Vijayawada to Hyderabad,Yolo Bus,22:39,06h 10m,04:49,3.4,INR 450,30 Seats available,Bharat Benz A/C Seater /Sleeper (2+1)
https://www.redbus.in/bus-tickets/vijayawada-to-hyderabad,Vijayawada to Hyderabad,Yolo Bus,23:49,06h 11m,06:00,4.6,INR 780,20 Seats available,Bharat Benz A/C Sleeper (2+1)
https://www.redbus.in/bus-tickets/vijayawada-to-hyderabad,Vijayawada to Hyderabad,Morning Star Travels,22:15,07h 00m,05:15,3.2,INR 990,23 Seats available,A/C Sleeper (2+1)
https://www.redbus.in/bus-tickets/vijayawada-to-hyderabad,Vijayawada to Hyderabad,Sudha Sri Tours and Travels,22:55,06h 25m,05:20,3.3,INR 650,22 Seats available,A/C Sleeper (2+1)
https://www.redbus.in/bus-tickets/vijayawada-to-hyderabad,Vijayawada to Hyderabad,Prasanna Travels,22:50,06h 10m,05:00,3.3,INR 600,29 Seats available,A/C Seater / Sleeper (2+1)
https://www.redbus.in/bus-tickets/vijayawada-to-hyderabad,Vijayawada to Hyderabad,Yolo Bus,23:21,07h 12m,06:33,3.6,INR 450,19 Seats available,Bharat Benz A/C Seater /Sleeper (2+1)
https://www.redbus.in/bus-tickets/vijayawada-to-hyderabad,Vijayawada to Hyderabad,LG BUS,23:55,06h 13m,06:08,4.6,INR 980,22 Seats available,Bharat Benz A/C Seater /Sleeper (2+1)
https://www.redbus.in/bus-tickets/vijayawada-to-hyderabad,Vijayawada to Hyderabad,Tirumala Travels,23:00,06h 00m,05:00,4.9,INR 949,11 Seats available,A/C Sleeper (2+1)
https://www.redbus.in/bus-tickets/vijayawada-to-hyderabad,Vijayawada to Hyderabad,Sai Srinivasa Travels,22:15,07h 30m,05:45,3.4,INR 570,23 Seats available,Non A/C Seater / Sleeper (2+1)
https://www.redbus.in/bus-tickets/vijayawada-to-hyderabad,Vijayawada to Hyderabad,AVR Travels,23:00,06h 45m,05:45,2.8,INR 1049,26 Seats available,A/C Seater / Sleeper (2+1)
https://www.redbus.in/bus-tickets/vijayawada-to-hyderabad,Vijayawada to Hyderabad,GO BUS,23:15,06h 40m,05:55,3.8,570,23 Seats available,Non A/C Seater / Sleeper (2+1)
https://www.redbus.in/bus-tickets/vijayawada-to-hyderabad,Vijayawada to Hyderabad,DMR Travels,23:50,06h 35m,06:25,4.5,INR 560,25 Seats available,Non A/C Seater / Sleeper (2+1)
https://www.redbus.in/bus-tickets/vijayawada-to-hyderabad,Vijayawada to Hyderabad,KKaveri Travels,23:00,06h 50m,05:50,3.6,INR 780,17 Seats available,Non A/C Seater / Sleeper (2+1)
https://www.redbus.in/bus-tickets/vijayawada-to-hyderabad,Vijayawada to Hyderabad,SVM Tours And Travels,23:59,06h 41m,06:40,4.8,INR 555,23 Seats available,Non A/C Seater / Sleeper (2+1)
https://www.redbus.in/bus-tickets/vijayawada-to-hyderabad,Vijayawada to Hyderabad,Morning Star Travels,22:40,07h 10m,05:50,2.5,INR 990,13 Seats available,A/C Sleeper (2+1)
https://www.redbus.in/bus-tickets/vijayawada-to-hyderabad,Vijayawada to Hyderabad,Siri Tours and Travels,00:02,06h 11m,06:13,4.8,INR 560,32 Seats available,Non A/C Seater / Sleeper (2+1)
https://www.redbus.in/bus-tickets/vijayawada-to-hyderabad,Vijayawada to Hyderabad,SAI VAISHNAVI TRAVELS,23:59,06h 03m,06:02,4.4,INR 599,31 Seats available,Non A/C Seater / Sleeper (2+1)
https://www.redbus.in/bus-tickets/vijayawada-to-hyderabad,Vijayawada to Hyderabad,Sri Ganga Travels,23:00,05h 50m,04:50,3.3,INR 599,27 Seats available,A/C Seater / Sleeper (2+1)
https://www.redbus.in/bus-tickets/vijayawada-to-hyderabad,Vijayawada to Hyderabad,Royal Varma Travels,22:00,07h 15m,05:15,3.2,INR 650,23 Seats available,A/C Seater / Sleeper (2+1)
https://www.redbus.in/bus-tickets/vijayawada-to-hyderabad,Vijayawada to Hyderabad,Laharisa Tours and Travels,23:05,06h 05m,05:10,3.2,INR 600,28 Seats available,Non A/C Seater / Sleeper (2+1)
https://www.redbus.in/bus-tickets/vijayawada-to-hyderabad,Vijayawada to Hyderabad,Orange Tours and Travels,23:45,06h 15m,06:00,2.7,INR 800,19 Seats available,Bharat Benz A/C Sleeper (2+1)
https://www.redbus.in/bus-tickets/vijayawada-to-hyderabad,Vijayawada to Hyderabad,Nani’s Sai Krishna Travels,22:40,06h 55m,05:35,3.1,INR 700,27 Seats available,Non A/C Seater / Sleeper (2+1)
https://www.redbus.in/bus-tickets/vijayawada-to-hyderabad,Vijayawada to Hyderabad,Sai Sri Krishna Travels,00:25,06h 27m,06:52,3.2,INR 600,29 Seats available,A/C Seater / Sleeper (2+1)
https://www.redbus.in/bus-tickets/vijayawada-to-hyderabad,Vijayawada to Hyderabad,KKaveri Travels,23:25,06h 25m,05:50,4.2,INR 700,24 Seats available,Non A/C Seater / Sleeper (2+1)
https://www.redbus.in/bus-tickets/vijayawada-to-hyderabad,Vijayawada to Hyderabad,Sri Atluri Travels,23:30,06h 20m,05:50,3.8,INR 610,24 Seats available,Non A/C Seater / Sleeper (2+1)
https://www.redbus.in/bus-tickets/vijayawada-to-hyderabad,Vijayawada to Hyderabad,Sai Sri Durga Travels,23:05,07h 32m,06:37,2.6,INR 799,34 Seats available,Non A/C Seater / Sleeper (2+1)
https://www.redbus.in/bus-tickets/vijayawada-to-hyderabad,Vijayawada to Hyderabad,Orange Tours and Travels,23:55,06h 15m,06:10,2.6,INR 1000,10 Seats available,Bharat Benz A/C Sleeper (2+1)
https://www.redbus.in/bus-tickets/vijayawada-to-hyderabad,Vijayawada to Hyderabad,Sri KVR Travels,23:10,07h 15m,06:25,3.0,INR 560,15 Seats available,Non A/C Seater / Sleeper (2+1)
https://www.redbus.in/bus-tickets/vijayawada-to-hyderabad,Vijayawada to Hyderabad,Sai Srinivasa Travels,22:35,07h 10m,05:45,3.2,INR 800,19 Seats available,A/C Sleeper (2+1)
https://www.redbus.in/bus-tickets/vijayawada-to-hyderabad,Vijayawada to Hyderabad,Sri Sai Anjana Tours and Travels,23:59,06h 41m,06:40,4.2,INR 499,26 Seats available,Non A/C Seater / Sleeper (2+1)
https://www.redbus.in/bus-tickets/vijayawada-to-hyderabad,Vijayawada to Hyderabad,LVP Travels,23:53,07h 22m,07:15,3.5,INR 780,29 Seats available,A/C Seater / Sleeper (2+1)
https://www.redbus.in/bus-tickets/vijayawada-to-hyderabad,Vijayawada to Hyderabad,SAMANVI CITICONNECT,00:10,06h 10m,06:20,3.9,INR 489,22 Seats available,Non A/C Seater / Sleeper (2+1)
https://www.redbus.in/bus-tickets/vijayawada-to-hyderabad,Vijayawada to Hyderabad,AVR Travels,23:00,06h 40m,05:40,3.6,INR 444,18 Seats available,A/C Seater / Sleeper (2+1)
https://www.redbus.in/bus-tickets/vijayawada-to-hyderabad,Vijayawada to Hyderabad,LVP Travels,23:45,06h 15m,06:00,3.9,INR 780,32 Seats available,A/C Seater / Sleeper (2+1)
https://www.redbus.in/bus-tickets/vijayawada-to-hyderabad,Vijayawada to Hyderabad,SUNRISE TOUR AND TRAVELS,23:59,05h 41m,05:40,3.5,560,30 Seats available,Non A/C Seater / Sleeper (2+1)
https://www.redbus.in/bus-tickets/vijayawada-to-hyderabad,Vijayawada to Hyderabad,Morning Star Travels,15:30,07h 35m,23:05,2.5,INR 990,11 Seats available,A/C Sleeper (2+1)
https://www.redbus.in/bus-tickets/vijayawada-to-hyderabad,Vijayawada to Hyderabad,Mayuri Travels,23:55,06h 55m,06:50,2.9,INR 1220,30 Seats available,A/C Sleeper (2+1)
https://www.redbus.in/bus-tickets/vijayawada-to-hyderabad,Vijayawada to Hyderabad,Mahi Trans Solutions,23:53,06h 12m,06:05,3.1,504,31 Seats available,Non A/C Seater / Sleeper (2+1)
https://www.redbus.in/bus-tickets/vijayawada-to-hyderabad,Vijayawada to Hyderabad,Sai Dasari Travels,22:29,07h 01m,05:30,2.6,INR 500,21 Seats available,Non A/C Seater / Sleeper (2+1)
https://www.redbus.in/bus-tickets/vijayawada-to-hyderabad,Vijayawada to Hyderabad,Sai Dasari Travels,22:37,06h 42m,05:19,2.1,INR 850,22 Seats available,Volvo Multi-Axle A/C Sleeper (2+1)
https://www.redbus.in/bus-tickets/vijayawada-to-hyderabad,Vijayawada to Hyderabad,Siri Tours and Travels,23:25,06h 15m,05:40,3.1,INR 1190,7 Seats available,A/C Sleeper (2+1)
https://www.redbus.in/bus-tickets/vijayawada-to-hyderabad,Vijayawada to Hyderabad,Sri KVR Travels,00:30,06h 25m,06:55,2.9,INR 890,26 Seats available,NON A/C Sleeper (2+1)
https://www.redbus.in/bus-tickets/vijayawada-to-hyderabad,Vijayawada to Hyderabad,Sitara Travels,23:00,06h 20m,05:20,3.4,INR 499,28 Seats available,NON A/C Push Back (2+2)
https://www.redbus.in/bus-tickets/vijayawada-to-hyderabad,Vijayawada to Hyderabad,Sri KVR Travels,00:40,05h 20m,06:00,3.6,INR 560,19 Seats available,Non A/C Seater / Sleeper (2+1)
https://www.redbus.in/bus-tickets/vijayawada-to-hyderabad,Vijayawada to Hyderabad,Surya Travels,23:25,05h 15m,04:40,2.8,INR 599,35 Seats available,Volvo Multi Axle A/C Sleeper I-Shift B11R (2+1)
https://www.redbus.in/bus-tickets/vijayawada-to-hyderabad,Vijayawada to Hyderabad,Morning Star Travels,01:30,05h 20m,06:50,3.0,INR 1090,24 Seats available,A/C Sleeper (2+1)
https://www.redbus.in/bus-tickets/vijayawada-to-hyderabad,Vijayawada to Hyderabad,Sai RK Travels,22:55,07h 05m,06:00,3.0,INR 1949,33 Seats available,Non A/C Seater / Sleeper (2+1)
https://www.redbus.in/bus-tickets/vijayawada-to-hyderabad,Vijayawada to Hyderabad,Komali Travels,23:59,07h 11m,07:10,2.9,INR 670,31 Seats available,A/C Seater / Sleeper (2+1)
https://www.redbus.in/bus-tickets/vijayawada-to-hyderabad,Vijayawada to Hyderabad,Padma Travels,23:30,07h 05m,06:35,3.2,INR 499,25 Seats available,Non A/C Seater / Sleeper (2+1)
https://www.redbus.in/bus-tickets/vijayawada-to-hyderabad,Vijayawada to Hyderabad,Sri KVR Travels,23:59,06h 28m,06:27,3.5,INR 499,18 Seats available,Non A/C Seater / Sleeper (2+1)
https://www.redbus.in/bus-tickets/vijayawada-to-hyderabad,Vijayawada to Hyderabad,Prasanna Travels,23:05,06h 40m,05:45,2.8,INR 602,34 Seats available,A/C Seater / Sleeper (2+1)
https://www.redbus.in/bus-tickets/vijayawada-to-hyderabad,Vijayawada to Hyderabad,Eswar Travels,23:00,07h 15m,06:15,2.5,INR 599,36 Seats available,Non A/C Seater / Sleeper (2+1)
https://www.redbus.in/bus-tickets/vijayawada-to-hyderabad,Vijayawada to Hyderabad,Orange Tours and Travels,00:15,05h 45m,06:00,2.7,INR 500,17 Seats available,NON A/C Seater/ Sleeper (2+1)
https://www.redbus.in/bus-tickets/vijayawada-to-hyderabad,Vijayawada to Hyderabad,Yolo Bus,22:43,06h 19m,05:02,2.5,INR 560,28 Seats available,A/C Seater / Sleeper (2+1)
https://www.redbus.in/bus-tickets/vijayawada-to-hyderabad,Vijayawada to Hyderabad,Sai RK Travels,23:30,06h 22m,05:52,3.1,INR 499,23 Seats available,Non A/C Seater / Sleeper (2+1)
https://www.redbus.in/bus-tickets/vijayawada-to-hyderabad,Vijayawada to Hyderabad,Sri Sai Anjana Tours and Travels,23:45,05h 24m,05:09,2.7,INR 399,19 Seats available,Non A/C Seater / Sleeper (2+1)
https://www.redbus.in/bus-tickets/vijayawada-to-hyderabad,Vijayawada to Hyderabad,Morning Star Travels,23:35,06h 05m,05:40,2.3,INR 990,21 Seats available,A/C Sleeper (2+1)
https://www.redbus.in/bus-tickets/vijayawada-to-hyderabad,Vijayawada to Hyderabad,Mayuri Travels,23:55,05h 05m,05:00,3.1,INR 500,29 Seats available,Non A/C Seater / Sleeper (2+1)
https://www.redbus.in/bus-tickets/vijayawada-to-hyderabad,Vijayawada to Hyderabad,Sri Venkata Padmavathi Travels,23:20,07h 00m,06:20,2.6,INR 657,16 Seats available,A/C Seater / Sleeper (2+1)
https://www.redbus.in/bus-tickets/vijayawada-to-hyderabad,Vijayawada to Hyderabad,BSR Tours And Travels,23:59,07h 11m,07:10,2.9,INR 780,19 Seats available,A/C Seater / Sleeper (2+1)
https://www.redbus.in/bus-tickets/vijayawada-to-hyderabad,Vijayawada to Hyderabad,Mahi Trans Solutions,23:59,06h 07m,06:06,2.7,603,26 Seats available,Non A/C Seater / Sleeper (2+1)
https://www.redbus.in/bus-tickets/vijayawada-to-hyderabad,Vijayawada to Hyderabad,Sri Siddi Ganapathi Travels,00:20,06h 30m,06:50,2.4,INR 609,21 Seats available,A/C Seater / Sleeper (2+1)
https://www.redbus.in/bus-tickets/vijayawada-to-hyderabad,Vijayawada to Hyderabad,Orange Tours and Travels,15:20,06h 10m,21:30,1.9,INR 800,7 Seats available,A/C Sleeper (2+1)
https://www.redbus.in/bus-tickets/vijayawada-to-hyderabad,Vijayawada to Hyderabad,SRI INDRAKEELADRI TRAVELS,23:55,06h 40m,06:35,2.7,INR 899,8 Seats available,Non A/C Seater / Sleeper (2+1)
https://www.redbus.in/bus-tickets/vijayawada-to-hyderabad,Vijayawada to Hyderabad,VAHINI Travels,23:50,06h 37m,06:27,2.7,INR 560,32 Seats available,Non A/C Seater / Sleeper (2+1)
https://www.redbus.in/bus-tickets/vijayawada-to-hyderabad,Vijayawada to Hyderabad,Navayuga Travels,00:25,06h 16m,06:41,2.4,INR 560,35 Seats available,NON AC Seater / Sleeper 2+1
https://www.redbus.in/bus-tickets/vijayawada-to-hyderabad,Vijayawada to Hyderabad,Sri Srinivasa Tours and Travels,23:40,06h 02m,05:42,2.3,846,22 Seats available,A/C Sleeper (2+1)
https://www.redbus.in/bus-tickets/vijayawada-to-hyderabad,Vijayawada to Hyderabad,Ramana Tours And Travels,01:00,05h 10m,06:10,2.6,INR 610,18 Seats available,Non A/C Seater / Sleeper (2+1)
https://www.redbus.in/bus-tickets/vijayawada-to-hyderabad,Vijayawada to Hyderabad,Nani Svkdt Travels,23:20,06h 06m,05:26,2.3,INR 899,18 Seats available,A/C Sleeper (2+1)
https://www.redbus.in/bus-tickets/vijayawada-to-hyderabad,Vijayawada to Hyderabad,Apple Travels,23:30,07h 05m,06:35,2.5,INR 555,37 Seats available,Non A/C Seater / Sleeper (2+1)
https://www.redbus.in/bus-tickets/vijayawada-to-hyderabad,Vijayawada to Hyderabad,Sri Atluri Travels,22:45,06h 05m,04:50,2.3,INR 560,22 Seats available,Non A/C Seater / Sleeper (2+1)
https://www.redbus.in/bus-tickets/vijayawada-to-hyderabad,Vijayawada to Hyderabad,LVR Travels,23:30,06h 55m,06:25,2.6,449,31 Seats available,Non A/C Seater / Sleeper (2+1)
https://www.redbus.in/bus-tickets/vijayawada-to-hyderabad,Vijayawada to Hyderabad,Siri Tours and Travels,23:35,06h 05m,05:40,1.5,INR 990,20 Seats available,A/C Sleeper (2+1)
https://www.redbus.in/bus-tickets/vijayawada-to-hyderabad,Vijayawada to Hyderabad,Venkteshwara Travels,15:30,06h 00m,21:30,3.2,INR 499,10 Seats available,Bharat Benz A/C Sleeper (2+1)
https://www.redbus.in/bus-tickets/vijayawada-to-hyderabad,Vijayawada to Hyderabad,DSM TRAVELS,23:59,06h 41m,06:40,4.1,INR 599,16 Seats available,A/C Seater / Sleeper (2+1)
https://www.redbus.in/bus-tickets/vijayawada-to-hyderabad,Vijayawada to Hyderabad,SBS Tours and Travels,23:59,06h 16m,06:15,4.0,INR 499,27 Seats available,Non A/C Seater / Sleeper (2+1)
https://www.redbus.in/bus-tickets/vijayawada-to-hyderabad,Vijayawada to Hyderabad,S S N L Travels,22:45,06h 07m,04:52,3.5,INR 580,25 Seats available,A/C Seater / Sleeper (2+1)
https://www.redbus.in/bus-tickets/vijayawada-to-hyderabad,Vijayawada to Hyderabad,DMR Travels,23:29,06h 51m,06:20,3.9,INR 999,28 Seats available,A/C Sleeper (2+1)
https://www.redbus.in/bus-tickets/vijayawada-to-hyderabad,Vijayawada to Hyderabad,DMR Travels,23:29,06h 06m,05:35,3.9,INR 500,24 Seats available,Non A/C Seater / Sleeper (2+1)
https://www.redbus.in/bus-tickets/vijayawada-to-hyderabad,Vijayawada to Hyderabad,Sree Gowtham Travels,22:45,06h 31m,05:16,3.9,INR 900,18 Seats available,A/C Sleeper (2+1)
https://www.redbus.in/bus-tickets/vijayawada-to-hyderabad,Vijayawada to Hyderabad,KTR TRAVELS,22:30,08h 00m,06:30,3.9,INR 1099,3 Seats available,Non A/C Seater / Sleeper (2+1)
https://www.redbus.in/bus-tickets/vijayawada-to-hyderabad,Vijayawada to Hyderabad,SAMANVI CITICONNECT,23:55,07h 20m,07:15,3.9,INR 560,35 Seats available,Non A/C Seater / Sleeper (2+1)
https://www.redbus.in/bus-tickets/vijayawada-to-hyderabad,Vijayawada to Hyderabad,DMR Travels,23:59,06h 26m,06:25,3.9,INR 670,23 Seats available,Non A/C Seater / Sleeper (2+1)
https://www.redbus.in/bus-tickets/vijayawada-to-hyderabad,Vijayawada to Hyderabad,DMR Travels,23:59,06h 23m,06:22,3.9,INR 999,29 Seats available,A/C Sleeper (2+1)
https://www.redbus.in/bus-tickets/vijayawada-to-hyderabad,Vijayawada to Hyderabad,SREE KARA TRAVELS,23:59,06h 21m,06:20,3.9,INR 610,33 Seats available,Non A/C Seater / Sleeper (2+1)
https://www.redbus.in/bus-tickets/vijayawada-to-hyderabad,Vijayawada to Hyderabad,KTR TRAVELS,23:45,06h 25m,06:10,3.9,INR 1099,8 Seats available,Non A/C Seater / Sleeper (2+1)
https://www.redbus.in/bus-tickets/vijayawada-to-hyderabad,Vijayawada to Hyderabad,Sri KVR Travels,23:55,06h 30m,06:25,3.8,INR 610,22 Seats available,Non A/C Seater / Sleeper (2+1)
https://www.redbus.in/bus-tickets/vijayawada-to-hyderabad,Vijayawada to Hyderabad,Sri KVR Travels,00:12,06h 38m,06:50,3.8,INR 1050,8 Seats available,Non A/C Seater / Sleeper (2+1)
https://www.redbus.in/bus-tickets/vijayawada-to-hyderabad,Vijayawada to Hyderabad,SREE CHAKRA TRAVELS,23:55,07h 00m,06:55,3.7,INR 3000,40 Seats available,Non A/C Seater / Sleeper (2+1)
https://www.redbus.in/bus-tickets/vijayawada-to-hyderabad,Vijayawada to Hyderabad,Sri Atluri Travels,23:25,06h 23m,05:48,3.6,INR 610,27 Seats available,NON AC Seater / Sleeper 2+1
https://www.redbus.in/bus-tickets/vijayawada-to-hyderabad,Vijayawada to Hyderabad,Ravindra Tours and Travels,23:59,05h 49m,05:48,3.5,INR 888,23 Seats available,Volvo Multi Axle B9R A/C Sleeper (2+1)
https://www.redbus.in/bus-tickets/vijayawada-to-hyderabad,Vijayawada to Hyderabad,KRT Tours and Travels,23:20,06h 20m,05:40,3.5,INR 750,23 Seats available,A/C Seater / Sleeper (2+1)
https://www.redbus.in/bus-tickets/vijayawada-to-hyderabad,Vijayawada to Hyderabad,Ajay Bus,23:59,08h 34m,08:33,3.5,INR 4000,1 Seat available,Non A/C Seater / Sleeper (2+1)
https://www.redbus.in/bus-tickets/vijayawada-to-hyderabad,Vijayawada to Hyderabad,PCR Travels,23:40,07h 32m,07:12,3.4,INR 899,30 Seats available,Non A/C Seater / Sleeper (2+1)
https://www.redbus.in/bus-tickets/vijayawada-to-hyderabad,Vijayawada to Hyderabad,FlixBus,10:30,07h 35m,18:05,4.5,INR 551.79,19 Seats available,Electric A/C Semi Sleeper (2+2)
https://www.redbus.in/bus-tickets/vijayawada-to-hyderabad,Vijayawada to Hyderabad,FlixBus,23:45,07h 10m,06:55,3.6,INR 551.79,19 Seats available,Electric A/C Semi Sleeper (2+2)
https://www.redbus.in/bus-tickets/vijayawada-to-hyderabad,Vijayawada to Hyderabad,MSM Tours & Travels,23:45,05h 20m,05:05,3.3,INR 2666,21 Seats available,Volvo Multi Axle A/C Sleeper I-Shift B11R (2+1)
https://www.redbus.in/bus-tickets/vijayawada-to-hyderabad,Vijayawada to Hyderabad,Sai Godavari Travels,01:15,05h 00m,06:15,3.3,580,31 Seats available,Non A/C Seater / Sleeper (2+1)
https://www.redbus.in/bus-tickets/vijayawada-to-hyderabad,Vijayawada to Hyderabad,Vinay's Tours and Travels,23:10,06h 55m,06:05,3.7,INR 800,24 Seats available,A/C Sleeper (2+1)
https://www.redbus.in/bus-tickets/vijayawada-to-hyderabad,Vijayawada to Hyderabad,Sri Krishna Travels,23:35,07h 12m,06:47,3.8,INR 999,31 Seats available,Volvo Multi-Axle A/C Sleeper (2+1)
https://www.redbus.in/bus-tickets/vijayawada-to-hyderabad,Vijayawada to Hyderabad,Rainbow Tours And Travels,23:58,06h 34m,06:32,3.2,INR 670,26 Seats available,A/C Seater/Sleeper (2+1)
https://www.redbus.in/bus-tickets/vijayawada-to-hyderabad,Vijayawada to Hyderabad,Prasanna Travels,22:40,06h 50m,05:30,3.1,INR 4000,24 Seats available,A/C Sleeper (2+1)
https://www.redbus.in/bus-tickets/vijayawada-to-hyderabad,Vijayawada to Hyderabad,Mayuri Travels,23:59,06h 51m,06:50,3.1,INR 500,30 Seats available,Non A/C Seater / Sleeper (2+1)
https://www.redbus.in/bus-tickets/vijayawada-to-hyderabad,Vijayawada to Hyderabad,J GAGANA TRAVELS,00:15,05h 05m,05:20,3.0,INR 599,28 Seats available,Non A/C Seater / Sleeper (2+1)
https://www.redbus.in/bus-tickets/vijayawada-to-hyderabad,Vijayawada to Hyderabad,Kakathiya Travels,23:59,07h 17m,07:16,3.1,INR 647,24 Seats available,NON A/C Sleeper (2+1)
https://www.redbus.in/bus-tickets/vijayawada-to-hyderabad,Vijayawada to Hyderabad,KVR Tours and Travels,23:30,06h 05m,05:35,3.0,2850,34 Seats available,A/C Sleeper (2+1)
https://www.redbus.in/bus-tickets/vijayawada-to-hyderabad,Vijayawada to Hyderabad,Chandu Travels,23:45,06h 10m,05:55,2.7,779,19 Seats available,A/C Sleeper (2+1)
https://www.redbus.in/bus-tickets/vijayawada-to-hyderabad,Vijayawada to Hyderabad,Komali Travels,00:29,06h 31m,07:00,2.7,INR 610,30 Seats available,Non A/C Seater / Sleeper (2+1)
https://www.redbus.in/bus-tickets/vijayawada-to-hyderabad,Vijayawada to Hyderabad,Vinay's Tours and Travels,22:30,07h 30m,06:00,2.1,INR 800,24 Seats available,A/C Sleeper (2+1)
https://www.redbus.in/bus-tickets/vijayawada-to-hyderabad,Vijayawada to Hyderabad,Prasanna Travels,23:05,06h 40m,05:45,1.8,INR 650,31 Seats available,A/C Seater / Sleeper (2+1)
https://www.redbus.in/bus-tickets/vijayawada-to-hyderabad,Vijayawada to Hyderabad,CVR Express,22:45,07h 35m,06:20,1.5,3600,31 Seats available,Non A/C Seater / Sleeper (2+1)
https://www.redbus.in/bus-tickets/vijayawada-to-hyderabad,Vijayawada to Hyderabad,REDLINES TOURS AND TRAVELS,23:30,06h 25m,05:55,1.2,INR 3000,34 Seats available,A/C Seater / Sleeper (2+1)
https://www.redbus.in/bus-tickets/vijayawada-to-hyderabad,Vijayawada to Hyderabad,Siri Tours and Travels,00:02,06h 15m,06:17,2.9,INR 670,15 Seats available,A/C Seater / Sleeper (2+1)
https://www.redbus.in/bus-tickets/vijayawada-to-hyderabad,Vijayawada to Hyderabad,Siri Tours and Travels,23:40,06h 49m,06:29,2.9,INR 610,27 Seats available,Non A/C Seater / Sleeper (2+1)
https://www.redbus.in/bus-tickets/vijayawada-to-hyderabad,Vijayawada to Hyderabad,SREE VENKATESHWARA TRAVELS,23:59,06h 59m,06:58,2.9,INR 890,22 Seats available,A/C Seater / Sleeper (2+1)
https://www.redbus.in/bus-tickets/vijayawada-to-hyderabad,Vijayawada to Hyderabad,Vinay's Tours and Travels,22:45,07h 10m,05:55,2.8,INR 990,23 Seats available,A/C Sleeper (2+1)
https://www.redbus.in/bus-tickets/vijayawada-to-hyderabad,Vijayawada to Hyderabad,KPM BUS,23:25,06h 15m,05:40,2.8,INR 299,24 Seats available,A/C Sleeper (2+1)
https://www.redbus.in/bus-tickets/vijayawada-to-hyderabad,Vijayawada to Hyderabad,Chandu Travels,23:59,05h 56m,05:55,2.7,637,26 Seats available,A/C Seater/Sleeper (2+1)
https://www.redbus.in/bus-tickets/vijayawada-to-hyderabad,Vijayawada to Hyderabad,LVR Travels,23:59,05h 48m,05:47,2.6,486,23 Seats available,Non A/C Seater / Sleeper (2+1)
https://www.redbus.in/bus-tickets/vijayawada-to-hyderabad,Vijayawada to Hyderabad,LVR Travels,23:45,05h 40m,05:25,2.6,INR 499,26 Seats available,Non A/C Seater / Sleeper (2+1)
https://www.redbus.in/bus-tickets/vijayawada-to-hyderabad,Vijayawada to Hyderabad,Navayuga Travels,23:35,07h 05m,06:40,2.4,INR 560,33 Seats available,NON AC Seater / Sleeper 2+1
https://www.redbus.in/bus-tickets/vijayawada-to-hyderabad,Vijayawada to Hyderabad,Mahadevv travels,23:50,06h 50m,06:40,2.2,664,27 Seats available,NON A/C Sleeper (2+1)
https://www.redbus.in/bus-tickets/vijayawada-to-hyderabad,Vijayawada to Hyderabad,DMR Travels,23:30,07h 20m,06:50,3.9,INR 500,20 Seats available,Non A/C Seater / Sleeper (2+1)
https://www.redbus.in/bus-tickets/vijayawada-to-hyderabad,Vijayawada to Hyderabad,Puri Jagannadh Tours And Travels,23:05,07h 25m,06:30,3.9,INR 3000,46 Seats available,Non A/C Seater / Sleeper (2+1)
https://www.redbus.in/bus-tickets/vijayawada-to-hyderabad,Vijayawada to Hyderabad,Sai Srinivasa Travels,22:15,07h 30m,05:45,3.7,INR 2999,40 Seats available,A/C Seater / Sleeper (2+1)
https://www.redbus.in/bus-tickets/vijayawada-to-hyderabad,Vijayawada to Hyderabad,MAHA BUS,23:55,06h 33m,06:28,3.7,INR 590,26 Seats available,Non A/C Seater / Sleeper (2+1)
https://www.redbus.in/bus-tickets/vijayawada-to-hyderabad,Vijayawada to Hyderabad,KRT Tours and Travels,23:42,05h 28m,05:10,3.5,INR 1000,24 Seats available,Scania AC Multi Axle Sleeper (2+1)
https://www.redbus.in/bus-tickets/vijayawada-to-hyderabad,Vijayawada to Hyderabad,Prasanna Travels,22:40,06h 50m,05:30,3.1,INR 4000,24 Seats available,A/C Sleeper (2+1)
https://www.redbus.in/bus-tickets/vijayawada-to-hyderabad,Vijayawada to Hyderabad,Mayuri Travels,23:35,06h 29m,06:04,3.1,INR 1890,40 Seats available,NON A/C Hi-Tech (2+2)
https://www.redbus.in/bus-tickets/vijayawada-to-hyderabad,Vijayawada to Hyderabad,Meghana Travels,23:59,06h 43m,06:42,3.0,INR 1059,32 Seats available,A/C Sleeper (2+1)
https://www.redbus.in/bus-tickets/vijayawada-to-hyderabad,Vijayawada to Hyderabad,Meghana Travels,00:15,05h 25m,05:40,3.0,INR 3000,29 Seats available,Non A/C Seater / Sleeper (2+1)
https://www.redbus.in/bus-tickets/vijayawada-to-hyderabad,Vijayawada to Hyderabad,Komali Travels,23:59,07h 11m,07:10,2.9,INR 670,34 Seats available,Non A/C Seater / Sleeper (2+1)
https://www.redbus.in/bus-tickets/vijayawada-to-hyderabad,Vijayawada to Hyderabad,SSV Travels,23:55,06h 50m,06:45,2.9,2521,32 Seats available,Non A/C Seater / Sleeper (2+1)
https://www.redbus.in/bus-tickets/vijayawada-to-hyderabad,Vijayawada to Hyderabad,KPM BUS,23:25,06h 15m,05:40,2.8,INR 999,29 Seats available,A/C Sleeper (2+1)
https://www.redbus.in/bus-tickets/vijayawada-to-hyderabad,Vijayawada to Hyderabad,Vinay's Tours and Travels,22:25,07h 25m,05:50,2.8,INR 799,24 Seats available,A/C Sleeper (2+1)
https://www.redbus.in/bus-tickets/vijayawada-to-hyderabad,Vijayawada to Hyderabad,Mahi Trans Solutions,00:00,05h 37m,05:37,2.8,1529,32 Seats available,Non A/C Seater / Sleeper (2+1)
https://www.redbus.in/bus-tickets/vijayawada-to-hyderabad,Vijayawada to Hyderabad,Dharani Tours and Travels,23:59,06h 46m,06:45,2.7,1529,44 Seats available,Non A/C Seater / Sleeper (2+1)
https://www.redbus.in/bus-tickets/vijayawada-to-hyderabad,Vijayawada to Hyderabad,Chandu Travels,23:45,06h 10m,05:55,2.7,1416,36 Seats available,A/C Sleeper (2+1)
https://www.redbus.in/bus-tickets/vijayawada-to-hyderabad,Vijayawada to Hyderabad,VAHINI Travels,23:55,06h 32m,06:27,2.7,INR 560,25 Seats available,Non A/C Seater / Sleeper (2+1)
https://www.redbus.in/bus-tickets/vijayawada-to-hyderabad,Vijayawada to Hyderabad,Sri Karan Sai Tours and Travels,23:50,06h 25m,06:15,2.5,INR 777,31 Seats available,Non A/C Seater / Sleeper (2+1)
https://www.redbus.in/bus-tickets/vijayawada-to-hyderabad,Vijayawada to Hyderabad,Devi Travels,23:25,06h 26m,05:51,1.9,2700,32 Seats available,A/C Sleeper (2+1)
https://www.redbus.in/bus-tickets/vijayawada-to-hyderabad,Vijayawada to Hyderabad,Devi Travels,23:15,05h 53m,05:08,1.9,2700,32 Seats available,A/C Sleeper (2+1)
https://www.redbus.in/bus-tickets/vijayawada-to-hyderabad,Vijayawada to Hyderabad,Naveen Tours and Travels,23:05,08h 40m,07:45,1.0,3899,48 Seats available,A/C Seater / Sleeper (2+1)
https://www.redbus.in/bus-tickets/vijayawada-to-hyderabad,Vijayawada to Hyderabad,Naveen Tours and Travels,23:05,08h 40m,07:45,1.0,3899,48 Seats available,A/C Seater / Sleeper (2+1)
https://www.redbus.in/bus-tickets/vijayawada-to-hyderabad,Vijayawada to Hyderabad,Shree Krishna Travels,18:00,05h 30m,23:30,,INR 1300,37 Seats available,NON A/C Sleeper (2+1)
https://www.redbus.in/bus-tickets/vijayawada-to-hyderabad,Vijayawada to Hyderabad,SRI KARTHIKEYA TRAVELS,23:59,06h 38m,06:37,,2699,45 Seats available,A/C Seater / Sleeper (2+1)
https://www.redbus.in/bus-tickets/kakinada-to-visakhapatnam,Kakinada to Visakhapatnam,SRI VIJAYA KRISHNA TOURS and TRAVELS,23:59,04h 31m,04:30,3.4,INR 499,32 Seats available,Non A/C Seater / Sleeper (2+1)
https://www.redbus.in/bus-tickets/kakinada-to-visakhapatnam,Kakinada to Visakhapatnam,SRI VIJAYA KRISHNA TOURS and TRAVELS,23:59,03h 31m,03:30,3.4,INR 699,37 Seats available,Non A/C Seater / Sleeper (2+1)
https://www.redbus.in/bus-tickets/hyderabad-to-ongole,Hyderabad to Ongole,Vikram Travels,21:55,07h 35m,05:30,4.6,INR 589,28 Seats available,A/C Seater / Sleeper (2+1)
https://www.redbus.in/bus-tickets/hyderabad-to-ongole,Hyderabad to Ongole,IntrCity SmartBus,23:50,06h 35m,06:25,4.7,INR 699,33 Seats available,A/C Seater / Sleeper (2+1)
https://www.redbus.in/bus-tickets/hyderabad-to-ongole,Hyderabad to Ongole,Sri Vengamamba Bus Transport (SVBT),21:45,08h 30m,06:15,4.5,INR 707,22 Seats available,A/C Seater / Sleeper (2+1)
https://www.redbus.in/bus-tickets/hyderabad-to-ongole,Hyderabad to Ongole,Kaveri Travels,22:30,08h 00m,06:30,4.3,INR 980,17 Seats available,A/C Sleeper (2+1)
https://www.redbus.in/bus-tickets/hyderabad-to-ongole,Hyderabad to Ongole,IntrCity SmartBus,23:55,05h 55m,05:50,4.8,INR 1169,19 Seats available,A/C Sleeper (2+1)
https://www.redbus.in/bus-tickets/hyderabad-to-ongole,Hyderabad to Ongole,Kamakshi Tours And Travels,21:30,08h 30m,06:00,4.1,INR 500,21 Seats available,Non A/C Seater / Sleeper (2+1)
https://www.redbus.in/bus-tickets/hyderabad-to-ongole,Hyderabad to Ongole,Pspk Bus,21:30,09h 00m,06:30,4.1,INR 450,22 Seats available,Non A/C Seater / Sleeper (2+1)
https://www.redbus.in/bus-tickets/hyderabad-to-ongole,Hyderabad to Ongole,Kaveri Travels,21:30,08h 15m,05:45,4.1,INR 1080,20 Seats available,Volvo Multi Axle A/C Sleeper I-Shift B11R (2+1)
https://www.redbus.in/bus-tickets/hyderabad-to-ongole,Hyderabad to Ongole,FlixBus,22:30,07h 45m,06:15,4.3,INR 695.54,8 Seats available,VE A/C Sleeper (2+1)
https://www.redbus.in/bus-tickets/hyderabad-to-ongole,Hyderabad to Ongole,Sri Vengamamba Bus Transport (SVBT),21:40,08h 35m,06:15,4.1,INR 900,18 Seats available,A/C Sleeper (2+1)
https://www.redbus.in/bus-tickets/hyderabad-to-ongole,Hyderabad to Ongole,Kaveri Travels,22:00,07h 30m,05:30,4.0,INR 550,27 Seats available,NON AC Seater / Sleeper 2+1
https://www.redbus.in/bus-tickets/hyderabad-to-ongole,Hyderabad to Ongole,V Kaveri Travels,21:30,08h 15m,05:45,4.1,INR 971,15 Seats available,Scania AC Multi Axle Sleeper (2+1)
https://www.redbus.in/bus-tickets/hyderabad-to-ongole,Hyderabad to Ongole,New Slnst Travels,22:00,07h 45m,05:45,4.3,807,23 Seats available,A/C Sleeper (2+1)
https://www.redbus.in/bus-tickets/hyderabad-to-ongole,Hyderabad to Ongole,Sri Lakshmi Narasimha Travels (SLNT),22:00,07h 15m,05:15,3.9,INR 630,15 Seats available,Non A/C Seater / Sleeper (2+1)
https://www.redbus.in/bus-tickets/hyderabad-to-ongole,Hyderabad to Ongole,Kaveri Travels,21:30,09h 00m,06:30,3.6,INR 500,30 Seats available,Non A/C Seater / Sleeper (2+1)
https://www.redbus.in/bus-tickets/hyderabad-to-ongole,Hyderabad to Ongole,KKaveri Travels,21:00,07h 30m,04:30,3.3,INR 1000,20 Seats available,Volvo Multi-Axle A/C Sleeper (2+1)
https://www.redbus.in/bus-tickets/hyderabad-to-ongole,Hyderabad to Ongole,KKaveri Travels,21:00,08h 40m,05:40,3.2,INR 500,17 Seats available,Non A/C Seater / Sleeper (2+1)
https://www.redbus.in/bus-tickets/hyderabad-to-ongole,Hyderabad to Ongole,V Kaveri Travels,21:30,08h 00m,05:30,3.8,INR 800,25 Seats available,NON A/C Sleeper (2+1)
https://www.redbus.in/bus-tickets/hyderabad-to-ongole,Hyderabad to Ongole,V Kaveri Travels,21:30,08h 00m,05:30,3.7,INR 1000,21 Seats available,Volvo Multi-Axle A/C Sleeper (2+1)
https://www.redbus.in/bus-tickets/hyderabad-to-ongole,Hyderabad to Ongole,Chandu Travels,22:00,07h 45m,05:45,3.6,741,23 Seats available,A/C Sleeper (2+1)
https://www.redbus.in/bus-tickets/hyderabad-to-ongole,Hyderabad to Ongole,FlixBus,22:00,07h 55m,05:55,4.2,INR 695.54,6 Seats available,A/C Sleeper (2+1)
https://www.redbus.in/bus-tickets/hyderabad-to-ongole,Hyderabad to Ongole,Yolo Bus,21:45,08h 33m,06:18,3.5,INR 540,34 Seats available,Bharat Benz A/C Seater /Sleeper (2+1)
https://www.redbus.in/bus-tickets/hyderabad-to-ongole,Hyderabad to Ongole,V Kaveri Travels,22:00,08h 15m,06:15,3.6,INR 1000,20 Seats available,A/C Sleeper (2+1)
https://www.redbus.in/bus-tickets/hyderabad-to-ongole,Hyderabad to Ongole,Yolo Bus,23:45,05h 28m,05:13,3.5,INR 1030,22 Seats available,A/C Sleeper (2+1)
https://www.redbus.in/bus-tickets/hyderabad-to-ongole,Hyderabad to Ongole,Sri Krishna Travels,22:00,07h 30m,05:30,3.4,INR 550,20 Seats available,Non A/C Seater / Sleeper (2+1)
https://www.redbus.in/bus-tickets/hyderabad-to-ongole,Hyderabad to Ongole,Sri Krishna Travels,21:45,07h 55m,05:40,3.3,INR 600,25 Seats available,A/C Semi Sleeper / Sleeper (2+1)
https://www.redbus.in/bus-tickets/hyderabad-to-ongole,Hyderabad to Ongole,Orange Tours and Travels,22:30,08h 25m,06:55,3.3,INR 450,27 Seats available,NON A/C Seater/ Sleeper (2+1)
https://www.redbus.in/bus-tickets/hyderabad-to-ongole,Hyderabad to Ongole,Kaveri Travels,19:40,09h 20m,05:00,4.1,INR 680,27 Seats available,Non A/C Seater / Sleeper (2+1)
https://www.redbus.in/bus-tickets/hyderabad-to-ongole,Hyderabad to Ongole,KMBT Travels,21:10,08h 20m,05:30,3.7,463,32 Seats available,NON A/C Hi-Tech Push Back (2+2)
https://www.redbus.in/bus-tickets/hyderabad-to-ongole,Hyderabad to Ongole,Cherry tours&travels,21:50,08h 10m,06:00,3.9,570,25 Seats available,Non A/C Seater / Sleeper (2+1)
https://www.redbus.in/bus-tickets/hyderabad-to-ongole,Hyderabad to Ongole,Sri Lakshmi Narasimha Travels (SLNT),20:00,08h 30m,04:30,4.1,INR 339,24 Seats available,Non A/C Seater / Sleeper (2+1)
https://www.redbus.in/bus-tickets/hyderabad-to-ongole,Hyderabad to Ongole,VV Vinayak Travels,22:15,07h 45m,06:00,3.1,INR 766,21 Seats available,A/C Sleeper (2+1)
https://www.redbus.in/bus-tickets/hyderabad-to-ongole,Hyderabad to Ongole,Sri Lakshmi Narasimha Travels (SLNT),21:40,07h 50m,05:30,3.6,INR 700,22 Seats available,A/C Sleeper (2+1)
https://www.redbus.in/bus-tickets/hyderabad-to-ongole,Hyderabad to Ongole,Sri Krishna Travels,21:30,07h 50m,05:20,3.8,INR 1100,22 Seats available,Volvo Multi-Axle A/C Sleeper (2+1)
https://www.redbus.in/bus-tickets/hyderabad-to-ongole,Hyderabad to Ongole,Vihari Travels,22:00,07h 30m,05:30,4.2,770,16 Seats available,NON A/C Sleeper (2+1)
https://www.redbus.in/bus-tickets/hyderabad-to-ongole,Hyderabad to Ongole,Mozo travels,22:00,07h 15m,05:15,4.1,INR 899,18 Seats available,A/C Sleeper (2+1)
https://www.redbus.in/bus-tickets/hyderabad-to-ongole,Hyderabad to Ongole,SVT Travels,22:00,08h 05m,06:05,New,INR 4000,45 Seats available,Non A/C Seater / Sleeper (2+1)
https://www.redbus.in/bus-tickets/hyderabad-to-ongole,Hyderabad to Ongole,SVT Travels,22:00,08h 05m,06:05,New,INR 650,45 Seats available,A/C Seater / Sleeper (2+1)
https://www.redbus.in/bus-tickets/hyderabad-to-ongole,Hyderabad to Ongole,Poojitha Travels,22:30,08h 30m,07:00,New,INR 4000,45 Seats available,A/C Seater / Sleeper (2+1)
https://www.redbus.in/bus-tickets/hyderabad-to-ongole,Hyderabad to Ongole,Poojitha Travels,22:00,08h 05m,06:05,New,INR 3000,45 Seats available,A/C Seater / Sleeper (2+1)
https://www.redbus.in/bus-tickets/hyderabad-to-ongole,Hyderabad to Ongole,Padmavathi Travels,21:45,07h 45m,05:30,3.5,INR 900,21 Seats available,A/C Sleeper (2+1)
https://www.redbus.in/bus-tickets/hyderabad-to-ongole,Hyderabad to Ongole,Sri Krishna Travels,22:30,07h 00m,05:30,3.3,INR 1000,21 Seats available,A/C Sleeper (2+1)
https://www.redbus.in/bus-tickets/hyderabad-to-ongole,Hyderabad to Ongole,V Kaveri Travels,21:00,08h 15m,05:15,3.8,INR 600,27 Seats available,Non A/C Seater / Sleeper (2+1)
https://www.redbus.in/bus-tickets/hyderabad-to-ongole,Hyderabad to Ongole,FlixBus,22:00,08h 30m,06:30,4.3,INR 722.32,10 Seats available,VE A/C Sleeper (2+1)
https://www.redbus.in/bus-tickets/hyderabad-to-ongole,Hyderabad to Ongole,VV Vinayak Travels,22:35,07h 40m,06:15,3.8,INR 461,23 Seats available,Non A/C Seater / Sleeper (2+1)
https://www.redbus.in/bus-tickets/hyderabad-to-ongole,Hyderabad to Ongole,Sri Krishna Travels,20:00,09h 00m,05:00,3.3,INR 550,14 Seats available,Non A/C Seater / Sleeper (2+1)
https://www.redbus.in/bus-tickets/hyderabad-to-ongole,Hyderabad to Ongole,Sri Lakshmi Narasimha Travels (SLNT),22:00,07h 00m,05:00,3.8,INR 339,25 Seats available,Non A/C Seater / Sleeper (2+1)
https://www.redbus.in/bus-tickets/hyderabad-to-ongole,Hyderabad to Ongole,Vihari Travels,20:00,08h 15m,04:15,3.8,474,15 Seats available,NON AC Seater / Sleeper 2+1
https://www.redbus.in/bus-tickets/hyderabad-to-ongole,Hyderabad to Ongole,SAI PRASANNA TRAVELS,21:40,07h 50m,05:30,3.0,INR 475,30 Seats available,Non A/C Seater / Sleeper (2+1)
https://www.redbus.in/bus-tickets/hyderabad-to-ongole,Hyderabad to Ongole,V Kaveri Travels,21:30,08h 35m,06:05,3.7,INR 600,29 Seats available,Non A/C Seater / Sleeper (2+1)
https://www.redbus.in/bus-tickets/hyderabad-to-ongole,Hyderabad to Ongole,VV Vinayak Travels,22:15,07h 45m,06:00,3.1,INR 457,30 Seats available,Non A/C Seater / Sleeper (2+1)
https://www.redbus.in/bus-tickets/hyderabad-to-ongole,Hyderabad to Ongole,Sri Laxmi Sravanthi Siva Tours And Travels,21:40,07h 35m,05:15,3.3,INR 499,38 Seats available,Non A/C Seater / Sleeper (2+1)
https://www.redbus.in/bus-tickets/hyderabad-to-ongole,Hyderabad to Ongole,Jagan Travels,19:10,09h 20m,04:30,4.1,INR 540,19 Seats available,Non A/C Seater / Sleeper (2+1)
https://www.redbus.in/bus-tickets/hyderabad-to-ongole,Hyderabad to Ongole,Sri Laxmi Sravanthi Siva Tours And Travels,21:40,08h 20m,06:00,3.3,INR 555,27 Seats available,Non A/C Seater / Sleeper (2+1)
https://www.redbus.in/bus-tickets/hyderabad-to-ongole,Hyderabad to Ongole,Chandu Travels,21:30,07h 45m,05:15,3.7,561,8 Seats available,Non A/C Seater / Sleeper (2+1)
https://www.redbus.in/bus-tickets/hyderabad-to-ongole,Hyderabad to Ongole,V Kaveri Travels,21:30,08h 15m,05:45,3.8,INR 629,25 Seats available,NON A/C Sleeper (2+1)
https://www.redbus.in/bus-tickets/hyderabad-to-ongole,Hyderabad to Ongole,Kaveri Travels,21:00,07h 15m,04:15,3.7,INR 1080,19 Seats available,Volvo Multi Axle B9R A/C Sleeper (2+1)
https://www.redbus.in/bus-tickets/hyderabad-to-ongole,Hyderabad to Ongole,Lakshmi Travels,19:30,09h 00m,04:30,3.8,369,26 Seats available,Non A/C Seater / Sleeper (2+1)
https://www.redbus.in/bus-tickets/hyderabad-to-ongole,Hyderabad to Ongole,Mozo travels,20:10,07h 45m,03:55,3.5,INR 649,22 Seats available,A/C Seater / Sleeper (2+1)
https://www.redbus.in/bus-tickets/hyderabad-to-ongole,Hyderabad to Ongole,VV Vinayak Travels,21:10,08h 50m,06:00,3.5,INR 435,31 Seats available,Non A/C Seater / Sleeper (2+1)
https://www.redbus.in/bus-tickets/hyderabad-to-ongole,Hyderabad to Ongole,V Kaveri Travels,17:00,06h 59m,23:59,3.9,INR 1070,19 Seats available,A/C Sleeper (2+1)
https://www.redbus.in/bus-tickets/hyderabad-to-ongole,Hyderabad to Ongole,Sri Sahasra Tours and Travels,21:00,08h 35m,05:35,4.1,INR 449,22 Seats available,A/C Seater / Sleeper (2+1)
https://www.redbus.in/bus-tickets/hyderabad-to-ongole,Hyderabad to Ongole,KTC Travels,20:50,07h 25m,04:15,3.6,665,18 Seats available,A/C Sleeper (2+1)
https://www.redbus.in/bus-tickets/hyderabad-to-ongole,Hyderabad to Ongole,V Kaveri Travels,21:30,08h 30m,06:00,3.6,INR 560,33 Seats available,Non A/C Seater / Sleeper (2+1)
https://www.redbus.in/bus-tickets/hyderabad-to-ongole,Hyderabad to Ongole,Orange Tours and Travels,23:45,06h 45m,06:30,2.9,INR 800,21 Seats available,Volvo Multi-Axle Sleeper A/C (2+1)
https://www.redbus.in/bus-tickets/hyderabad-to-ongole,Hyderabad to Ongole,Sri Krishna Travels,21:45,08h 30m,06:15,2.6,INR 1000,22 Seats available,Volvo Multi-Axle A/C Sleeper (2+1)
https://www.redbus.in/bus-tickets/hyderabad-to-ongole,Hyderabad to Ongole,KKaveri Travels,18:40,09h 20m,04:00,3.4,INR 590,28 Seats available,Non A/C Seater / Sleeper (2+1)
https://www.redbus.in/bus-tickets/hyderabad-to-ongole,Hyderabad to Ongole,V Kaveri Travels,21:30,08h 20m,05:50,3.5,INR 1101,21 Seats available,A/C Sleeper (2+1)
https://www.redbus.in/bus-tickets/hyderabad-to-ongole,Hyderabad to Ongole,Zingbus Plus,23:40,05h 55m,05:35,3.6,870,25 Seats available,A/C Sleeper (2+1)
https://www.redbus.in/bus-tickets/hyderabad-to-ongole,Hyderabad to Ongole,V Kaveri Travels,19:00,08h 30m,03:30,3.4,INR 899,14 Seats available,VE A/C Sleeper (2+1)
https://www.redbus.in/bus-tickets/hyderabad-to-ongole,Hyderabad to Ongole,Cherry tours&travels,22:00,07h 00m,05:00,2.5,INR 650,20 Seats available,A/C Seater / Sleeper (2+1)
https://www.redbus.in/bus-tickets/hyderabad-to-ongole,Hyderabad to Ongole,Vihari Travels,22:00,07h 30m,05:30,3.8,665,22 Seats available,NON A/C Sleeper (2+1)
https://www.redbus.in/bus-tickets/hyderabad-to-ongole,Hyderabad to Ongole,IntrCity SmartBus,23:35,07h 15m,06:50,4.7,INR 639,29 Seats available,A/C Seater / Sleeper (2+1)
https://www.redbus.in/bus-tickets/hyderabad-to-ongole,Hyderabad to Ongole,Zingbus Plus,18:20,06h 00m,00:20,3.9,1160,18 Seats available,A/C Sleeper (2+1)
https://www.redbus.in/bus-tickets/hyderabad-to-ongole,Hyderabad to Ongole,Morning Star Travels,23:30,05h 45m,05:15,2.4,INR 790,29 Seats available,A/C Sleeper (2+1)
https://www.redbus.in/bus-tickets/hyderabad-to-ongole,Hyderabad to Ongole,Sri Krishna Travels,20:00,07h 20m,03:20,3.9,INR 1400,26 Seats available,Volvo Multi Axle A/C Sleeper I-Shift B11R (2+1)
https://www.redbus.in/bus-tickets/hyderabad-to-ongole,Hyderabad to Ongole,Sri Tulasi Tours and Travels,22:00,06h 30m,04:30,3.6,INR 999,22 Seats available,A/C Sleeper (2+1)
https://www.redbus.in/bus-tickets/hyderabad-to-ongole,Hyderabad to Ongole,Vikram Travels,20:45,06h 15m,03:00,3.2,INR 817,22 Seats available,VE A/C Sleeper (2+1)
https://www.redbus.in/bus-tickets/hyderabad-to-ongole,Hyderabad to Ongole,Kaveri Travels,21:00,07h 00m,04:00,3.0,INR 908,14 Seats available,A/C Sleeper (2+1)
https://www.redbus.in/bus-tickets/hyderabad-to-ongole,Hyderabad to Ongole,Rajeswari Travels,21:00,07h 30m,04:30,2.6,449,29 Seats available,Non A/C Seater / Sleeper (2+1)
https://www.redbus.in/bus-tickets/hyderabad-to-ongole,Hyderabad to Ongole,KKaveri Travels,22:00,07h 00m,05:00,3.0,INR 1100,20 Seats available,A/C Sleeper (2+1)
https://www.redbus.in/bus-tickets/hyderabad-to-ongole,Hyderabad to Ongole,SVT Travels,22:00,08h 05m,06:05,3.0,INR 506,35 Seats available,A/C Seater / Sleeper (2+1)
https://www.redbus.in/bus-tickets/hyderabad-to-ongole,Hyderabad to Ongole,V Kaveri Travels,19:00,08h 00m,03:00,2.5,INR 1190,16 Seats available,Volvo 9600 Multi-Axle A/C Sleeper (2+1)
https://www.redbus.in/bus-tickets/hyderabad-to-ongole,Hyderabad to Ongole,Sri Laxmi Sravanthi Siva Tours And Travels,21:50,07h 30m,05:20,2.5,INR 599,23 Seats available,A/C Seater / Sleeper (2+1)
https://www.redbus.in/bus-tickets/hyderabad-to-ongole,Hyderabad to Ongole,KKaveri Travels,22:00,07h 00m,05:00,2.1,INR 670,29 Seats available,Non A/C Seater / Sleeper (2+1)
https://www.redbus.in/bus-tickets/hyderabad-to-ongole,Hyderabad to Ongole,Vikram Travels,20:40,05h 20m,02:00,2.3,INR 1449,27 Seats available,Volvo 9600 Multi-Axle A/C Sleeper (2+1)
https://www.redbus.in/bus-tickets/hyderabad-to-ongole,Hyderabad to Ongole,KKaveri Travels,18:40,09h 20m,04:00,2.1,INR 1000,21 Seats available,Volvo Multi-Axle A/C Sleeper (2+1)
https://www.redbus.in/bus-tickets/hyderabad-to-ongole,Hyderabad to Ongole,LUCKY TRAVELS,22:35,07h 15m,05:50,1.5,INR 790,21 Seats available,Volvo Multi-Axle A/C Sleeper (2+1)
https://www.redbus.in/bus-tickets/hyderabad-to-ongole,Hyderabad to Ongole,VKV Travels,21:30,08h 00m,05:30,4.6,941,28 Seats available,A/C Sleeper (2+1)
https://www.redbus.in/bus-tickets/hyderabad-to-ongole,Hyderabad to Ongole,Keerthi Travels,16:45,08h 45m,01:30,4.5,INR 1099,20 Seats available,Bharat Benz A/C Sleeper (2+1)
https://www.redbus.in/bus-tickets/hyderabad-to-ongole,Hyderabad to Ongole,BSR Tours And Travels,19:30,07h 15m,02:45,4.4,INR 1169,21 Seats available,A/C Sleeper (2+1)
https://www.redbus.in/bus-tickets/hyderabad-to-ongole,Hyderabad to Ongole,Ramana Tours And Travels,20:00,06h 35m,02:35,4.1,INR 1159,24 Seats available,A/C Sleeper (2+1)
https://www.redbus.in/bus-tickets/hyderabad-to-ongole,Hyderabad to Ongole,Vihari Travels,21:45,07h 45m,05:30,3.6,846,17 Seats available,NON A/C Sleeper (2+1)
https://www.redbus.in/bus-tickets/hyderabad-to-ongole,Hyderabad to Ongole,KMBT Travels,22:00,07h 00m,05:00,3.6,416,22 Seats available,Non A/C Seater / Sleeper (2+1)
https://www.redbus.in/bus-tickets/hyderabad-to-ongole,Hyderabad to Ongole,Mozo travels,18:20,08h 10m,02:30,3.8,INR 899,18 Seats available,A/C Sleeper (2+1)
https://www.redbus.in/bus-tickets/hyderabad-to-ongole,Hyderabad to Ongole,Zingbus Plus,20:05,06h 30m,02:35,3.7,1376,26 Seats available,A/C Sleeper (2+1)
https://www.redbus.in/bus-tickets/hyderabad-to-ongole,Hyderabad to Ongole,Sri Sahasra Tours and Travels,17:00,07h 30m,00:30,3.7,INR 888,24 Seats available,A/C Sleeper (2+1)
https://www.redbus.in/bus-tickets/hyderabad-to-ongole,Hyderabad to Ongole,Zingbus Plus,23:50,05h 30m,05:20,3.7,870,25 Seats available,VE A/C Sleeper (2+1)
https://www.redbus.in/bus-tickets/hyderabad-to-ongole,Hyderabad to Ongole,Chandu Travels,21:30,07h 45m,05:15,3.6,902,20 Seats available,A/C Sleeper (2+1)
https://www.redbus.in/bus-tickets/hyderabad-to-ongole,Hyderabad to Ongole,Sri Laxmi Sravanthi Siva Tours And Travels,21:50,07h 30m,05:20,3.6,INR 599,29 Seats available,Non A/C Seater / Sleeper (2+1)
https://www.redbus.in/bus-tickets/hyderabad-to-ongole,Hyderabad to Ongole,Yolo Bus,19:33,05h 41m,01:14,3.5,INR 1180,20 Seats available,Bharat Benz A/C Sleeper (2+1)
https://www.redbus.in/bus-tickets/hyderabad-to-ongole,Hyderabad to Ongole,Sai Vijetha Travels,22:55,07h 30m,06:25,3.1,380,37 Seats available,Non A/C Seater / Sleeper (2+1)
https://www.redbus.in/bus-tickets/hyderabad-to-ongole,Hyderabad to Ongole,Vihari Travels,21:40,08h 30m,06:10,3.0,389,24 Seats available,NON AC Seater / Sleeper 2+1
https://www.redbus.in/bus-tickets/hyderabad-to-ongole,Hyderabad to Ongole,Padmavathi Travels,21:45,06h 20m,04:05,3.5,INR 800,19 Seats available,A/C Sleeper (2+1)
https://www.redbus.in/bus-tickets/hyderabad-to-ongole,Hyderabad to Ongole,LIMOLINER,20:20,06h 25m,02:45,4.0,INR 899,12 Seats available,A/C Sleeper (2+1)
https://www.redbus.in/bus-tickets/hyderabad-to-ongole,Hyderabad to Ongole,Jagan Travels,20:40,06h 05m,02:45,3.4,INR 1499,21 Seats available,Volvo 9600 Multi-Axle A/C Sleeper (2+1)
https://www.redbus.in/bus-tickets/hyderabad-to-ongole,Hyderabad to Ongole,Sai Vijetha Travels,22:25,07h 30m,05:55,4.0,3800,39 Seats available,Non A/C Seater / Sleeper (2+1)
https://www.redbus.in/bus-tickets/hyderabad-to-ongole,Hyderabad to Ongole,Padmavathi Travels,21:45,06h 20m,04:05,4.3,INR 700,12 Seats available,NON A/C Sleeper (2+1)
https://www.redbus.in/bus-tickets/hyderabad-to-ongole,Hyderabad to Ongole,Vihari Travels,20:00,08h 30m,04:30,3.3,618,25 Seats available,NON AC Seater / Sleeper 2+1
https://www.redbus.in/bus-tickets/hyderabad-to-ongole,Hyderabad to Ongole,V Kaveri Travels,21:30,08h 15m,05:45,3.3,INR 600,33 Seats available,Non A/C Seater / Sleeper (2+1)
https://www.redbus.in/bus-tickets/hyderabad-to-ongole,Hyderabad to Ongole,Vihari Travels,21:45,07h 45m,05:30,2.6,523,30 Seats available,Non A/C Seater / Sleeper (2+1)
https://www.redbus.in/bus-tickets/hyderabad-to-ongole,Hyderabad to Ongole,Cherry tours&travels,19:45,08h 45m,04:30,3.1,532,16 Seats available,Non A/C Seater / Sleeper (2+1)
https://www.redbus.in/bus-tickets/hyderabad-to-ongole,Hyderabad to Ongole,Ramu Tours & Travels,22:30,07h 15m,05:45,3.9,INR 700,16 Seats available,A/C Sleeper (2+1)
https://www.redbus.in/bus-tickets/hyderabad-to-ongole,Hyderabad to Ongole,Meghana Travels,21:50,06h 50m,04:40,3.5,INR 600,38 Seats available,A/C Seater / Sleeper (2+1)
https://www.redbus.in/bus-tickets/hyderabad-to-ongole,Hyderabad to Ongole,Sri Krishna Travels,19:30,05h 45m,01:15,3.2,INR 1570,16 Seats available,Volvo 9600 Multi-Axle A/C Sleeper (2+1)
https://www.redbus.in/bus-tickets/hyderabad-to-ongole,Hyderabad to Ongole,Sri Tulasi Tours and Travels,19:44,08h 36m,04:20,3.1,INR 529,13 Seats available,Non A/C Seater / Sleeper (2+1)
https://www.redbus.in/bus-tickets/hyderabad-to-ongole,Hyderabad to Ongole,KKaveri Travels,21:00,08h 40m,05:40,3.1,INR 800,21 Seats available,Bharat Benz A/C Sleeper (2+1)
https://www.redbus.in/bus-tickets/hyderabad-to-ongole,Hyderabad to Ongole,Ramu Tours & Travels,21:20,08h 00m,05:20,3.0,INR 440,28 Seats available,A/C Seater / Sleeper (2+1)
https://www.redbus.in/bus-tickets/hyderabad-to-ongole,Hyderabad to Ongole,Go Tour Travels and Holidays,22:45,06h 00m,04:45,3.6,927,16 Seats available,A/C Sleeper (2+1)
https://www.redbus.in/bus-tickets/hyderabad-to-ongole,Hyderabad to Ongole,SAI PRASANNA TRAVELS,20:00,08h 00m,04:00,3.0,INR 475,33 Seats available,Non A/C Seater / Sleeper (2+1)
https://www.redbus.in/bus-tickets/hyderabad-to-ongole,Hyderabad to Ongole,VV Vinayak Travels,22:10,07h 50m,06:00,2.4,INR 490,19 Seats available,Non A/C Seater / Sleeper (2+1)
https://www.redbus.in/bus-tickets/hyderabad-to-ongole,Hyderabad to Ongole,Jagan Travels,21:15,08h 15m,05:30,2.5,INR 595,35 Seats available,A/C Seater / Sleeper (2+1)
https://www.redbus.in/bus-tickets/hyderabad-to-ongole,Hyderabad to Ongole,Lakshmi Travels,22:00,07h 10m,05:10,3.0,2775,32 Seats available,Non A/C Seater / Sleeper (2+1)
https://www.redbus.in/bus-tickets/hyderabad-to-ongole,Hyderabad to Ongole,KKaveri Travels,21:00,08h 40m,05:40,1.8,INR 1220,23 Seats available,Bharat Benz A/C Sleeper (2+1)
https://www.redbus.in/bus-tickets/hyderabad-to-ongole,Hyderabad to Ongole,Sri Laxmi Sravanthi Siva Tours And Travels,21:40,07h 35m,05:15,2.5,INR 499,30 Seats available,Non A/C Seater / Sleeper (2+1)
https://www.redbus.in/bus-tickets/hyderabad-to-ongole,Hyderabad to Ongole,IntrCity SmartBus,23:40,07h 15m,06:55,4.7,INR 599,29 Seats available,A/C Seater / Sleeper (2+1)
https://www.redbus.in/bus-tickets/hyderabad-to-ongole,Hyderabad to Ongole,KKaveri Travels,19:00,08h 30m,03:30,2.5,INR 550,32 Seats available,Non A/C Seater / Sleeper (2+1)
https://www.redbus.in/bus-tickets/hyderabad-to-ongole,Hyderabad to Ongole,Harikrishna Travels,23:00,07h 00m,06:00,2.5,1140,23 Seats available,Non A/C Seater / Sleeper (2+1)
https://www.redbus.in/bus-tickets/hyderabad-to-ongole,Hyderabad to Ongole,KMBT Travels,22:00,07h 00m,05:00,3.6,666,21 Seats available,NON A/C Sleeper (2+1)
https://www.redbus.in/bus-tickets/hyderabad-to-ongole,Hyderabad to Ongole,KTC Travels,21:20,07h 00m,04:20,3.6,508,19 Seats available,A/C Seater / Sleeper (2+1)
https://www.redbus.in/bus-tickets/hyderabad-to-ongole,Hyderabad to Ongole,KTC Travels,22:00,06h 15m,04:15,3.6,665,19 Seats available,A/C Sleeper (2+1)
https://www.redbus.in/bus-tickets/hyderabad-to-ongole,Hyderabad to Ongole,Cherry tours&travels,21:50,08h 10m,06:00,3.4,475,5 Seats available,Non A/C Seater / Sleeper (2+1)
https://www.redbus.in/bus-tickets/hyderabad-to-ongole,Hyderabad to Ongole,Cherry tours&travels,22:00,07h 00m,05:00,3.4,INR 560,21 Seats available,Non A/C Seater / Sleeper (2+1)
https://www.redbus.in/bus-tickets/hyderabad-to-ongole,Hyderabad to Ongole,Sai Vijetha Travels,22:55,07h 30m,06:25,3.4,3800,52 Seats available,Non A/C Seater / Sleeper (2+1)
https://www.redbus.in/bus-tickets/hyderabad-to-ongole,Hyderabad to Ongole,Cherry tours&travels,19:45,08h 45m,04:30,3.4,INR 610,19 Seats available,Non A/C Seater / Sleeper (2+1)
https://www.redbus.in/bus-tickets/hyderabad-to-ongole,Hyderabad to Ongole,Vihari Travels,21:10,07h 35m,04:45,3.3,2850,1 Seat available,NON A/C Sleeper (2+1)
https://www.redbus.in/bus-tickets/hyderabad-to-ongole,Hyderabad to Ongole,VV Vinayak Travels,23:21,06h 39m,06:00,3.3,INR 510,19 Seats available,Non A/C Seater / Sleeper (2+1)
https://www.redbus.in/bus-tickets/hyderabad-to-ongole,Hyderabad to Ongole,Sri Krishna Travels,17:45,09h 45m,03:30,3.2,INR 700,29 Seats available,A/C Seater / Sleeper (2+1)
https://www.redbus.in/bus-tickets/hyderabad-to-ongole,Hyderabad to Ongole,Sri Sivanjali Bus,21:20,08h 40m,06:00,2.6,2850,37 Seats available,Non A/C Seater / Sleeper (2+1)
https://www.redbus.in/bus-tickets/hyderabad-to-ongole,Hyderabad to Ongole,Shree Saipooja Travels,22:50,06h 25m,05:15,2.6,INR 3000,42 Seats available,A/C Seater/Sleeper (2+1)
https://www.redbus.in/bus-tickets/hyderabad-to-ongole,Hyderabad to Ongole,KKaveri Travels,21:20,08h 25m,05:45,2.5,INR 500,30 Seats available,Non A/C Seater / Sleeper (2+1)
https://www.redbus.in/bus-tickets/hyderabad-to-ongole,Hyderabad to Ongole,Hriday Tours & Travels,22:00,06h 00m,04:00,2.3,INR 2400,24 Seats available,Volvo Multi-Axle A/C Sleeper (2+1)
https://www.redbus.in/bus-tickets/hyderabad-to-ongole,Hyderabad to Ongole,Poojitha Travels,22:30,08h 30m,07:00,,INR 4000,45 Seats available,A/C Seater / Sleeper (2+1)
https://www.redbus.in/bus-tickets/bangalore-to-tirupathi,Bangalore to Tirupati,NueGo,10:20,04h 10m,14:30,4.3,332,13 Seats available,Electric A/C Seater (2+2)
https://www.redbus.in/bus-tickets/bangalore-to-tirupathi,Bangalore to Tirupati,Yolo Bus,10:24,04h 59m,15:23,4.3,280,20 Seats available,Bharat Benz A/C Seater /Sleeper (2+1)
https://www.redbus.in/bus-tickets/bangalore-to-tirupathi,Bangalore to Tirupati,NueGo,11:00,06h 15m,17:15,4.3,332,20 Seats available,Electric A/C Seater (2+2)
https://www.redbus.in/bus-tickets/bangalore-to-tirupathi,Bangalore to Tirupati,AdHYBUS,22:30,05h 50m,04:20,4.6,558,28 Seats available,Bharat Benz A/C Sleeper (2+1)
https://www.redbus.in/bus-tickets/bangalore-to-tirupathi,Bangalore to Tirupati,Yolo Bus,11:55,06h 23m,18:18,4.0,INR 350,30 Seats available,Bharat Benz A/C Seater /Sleeper (2+1)
https://www.redbus.in/bus-tickets/bangalore-to-tirupathi,Bangalore to Tirupati,Yolo Bus,12:25,06h 23m,18:48,4.0,INR 350,36 Seats available,Bharat Benz A/C Seater /Sleeper (2+1)
https://www.redbus.in/bus-tickets/bangalore-to-tirupathi,Bangalore to Tirupati,FRESHBUS,12:35,05h 40m,18:15,4.7,314,36 Seats available,Electric A/C Seater (2+2)
https://www.redbus.in/bus-tickets/bangalore-to-tirupathi,Bangalore to Tirupati,AdGKT TRAVELS,21:00,07h 30m,04:30,3.6,427,24 Seats available,A/C Seater/Sleeper (2+1)
https://www.redbus.in/bus-tickets/bangalore-to-tirupathi,Bangalore to Tirupati,FRESHBUS,14:30,06h 00m,20:30,4.7,323,26 Seats available,Electric A/C Seater (2+2)
https://www.redbus.in/bus-tickets/bangalore-to-tirupathi,Bangalore to Tirupati,Kaveri Travels,19:30,04h 00m,23:30,3.8,INR 459,30 Seats available,A/C Seater / Sleeper (2+1)
https://www.redbus.in/bus-tickets/bangalore-to-tirupathi,Bangalore to Tirupati,NueGo,13:00,05h 30m,18:30,4.4,332,23 Seats available,Electric A/C Seater (2+2)
https://www.redbus.in/bus-tickets/bangalore-to-tirupathi,Bangalore to Tirupati,Yolo Bus,13:45,06h 23m,20:08,3.8,INR 350,33 Seats available,Bharat Benz A/C Seater /Sleeper (2+1)
https://www.redbus.in/bus-tickets/bangalore-to-tirupathi,Bangalore to Tirupati,FRESHBUS,19:20,05h 25m,00:45,4.6,404,40 Seats available,Electric A/C Seater (2+2)
https://www.redbus.in/bus-tickets/bangalore-to-tirupathi,Bangalore to Tirupati,NueGo,14:00,05h 30m,19:30,4.5,332,22 Seats available,Electric A/C Seater (2+2)
https://www.redbus.in/bus-tickets/bangalore-to-tirupathi,Bangalore to Tirupati,Yolo Bus,14:55,06h 44m,21:39,3.5,INR 350,29 Seats available,Bharat Benz A/C Seater /Sleeper (2+1)
https://www.redbus.in/bus-tickets/bangalore-to-tirupathi,Bangalore to Tirupati,SVD Vedansh Travels,16:00,06h 15m,22:15,3.1,INR 499,29 Seats available,A/C Sleeper (2+1)
https://www.redbus.in/bus-tickets/bangalore-to-tirupathi,Bangalore to Tirupati,NueGo,18:00,06h 55m,00:55,4.2,332,22 Seats available,Electric A/C Seater (2+2)
https://www.redbus.in/bus-tickets/bangalore-to-tirupathi,Bangalore to Tirupati,Sri Vengamamba Bus Transport (SVBT),18:00,05h 15m,23:15,5.0,INR 600,18 Seats available,A/C Sleeper (2+1)
https://www.redbus.in/bus-tickets/bangalore-to-tirupathi,Bangalore to Tirupati,Sai Balaji Travels,18:50,05h 09m,23:59,4.6,INR 599,25 Seats available,A/C Seater / Sleeper (2+1)
https://www.redbus.in/bus-tickets/bangalore-to-tirupathi,Bangalore to Tirupati,Kaveri Travels,19:00,04h 30m,23:30,4.8,INR 600,29 Seats available,A/C Sleeper (2+1)
https://www.redbus.in/bus-tickets/bangalore-to-tirupathi,Bangalore to Tirupati,Balaji Tourist,19:00,08h 00m,03:00,3.0,INR 1500,1 Seat available,Volvo Multi-Axle A/C Semisleeper (2+2)
https://www.redbus.in/bus-tickets/bangalore-to-tirupathi,Bangalore to Tirupati,VV Vinayak Travels,19:10,06h 20m,01:30,3.3,INR 474,30 Seats available,Non A/C Seater / Sleeper (2+1)
https://www.redbus.in/bus-tickets/bangalore-to-tirupathi,Bangalore to Tirupati,VV Vinayak Travels,19:10,06h 20m,01:30,3.3,INR 405,26 Seats available,Non A/C Seater / Sleeper (2+1)
https://www.redbus.in/bus-tickets/bangalore-to-tirupathi,Bangalore to Tirupati,VV Vinayak Travels,19:20,05h 15m,00:35,3.3,INR 480,20 Seats available,Non A/C Seater / Sleeper (2+1)
https://www.redbus.in/bus-tickets/bangalore-to-tirupathi,Bangalore to Tirupati,Sea Bird Tourist,19:30,06h 45m,02:15,3.8,INR 1551,4 Seats available,A/C Sleeper (2+1)
https://www.redbus.in/bus-tickets/bangalore-to-tirupathi,Bangalore to Tirupati,Yolo Bus,19:50,06h 23m,02:13,3.7,INR 470,33 Seats available,Bharat Benz A/C Seater /Sleeper (2+1)
https://www.redbus.in/bus-tickets/bangalore-to-tirupathi,Bangalore to Tirupati,IntrCity SmartBus,19:55,04h 35m,00:30,4.0,INR 519,30 Seats available,A/C Seater / Sleeper (2+1)
https://www.redbus.in/bus-tickets/bangalore-to-tirupathi,Bangalore to Tirupati,Sri KVR Travels,20:00,04h 30m,00:30,4.4,INR 550,26 Seats available,Non A/C Seater / Sleeper (2+1)
https://www.redbus.in/bus-tickets/bangalore-to-tirupathi,Bangalore to Tirupati,V Kaveri Travels,20:00,03h 59m,23:59,3.2,INR 600,25 Seats available,Non A/C Seater / Sleeper (2+1)
https://www.redbus.in/bus-tickets/bangalore-to-tirupathi,Bangalore to Tirupati,SRKT Travels,20:00,04h 40m,00:40,3.1,INR 600,32 Seats available,A/C Seater / Sleeper (2+1)
https://www.redbus.in/bus-tickets/bangalore-to-tirupathi,Bangalore to Tirupati,IntrCity SmartBus,20:25,04h 25m,00:50,4.4,INR 519,31 Seats available,A/C Seater / Sleeper (2+1)
https://www.redbus.in/bus-tickets/bangalore-to-tirupathi,Bangalore to Tirupati,IntrCity SmartBus,20:25,04h 15m,00:40,3.8,INR 519,36 Seats available,A/C Seater / Sleeper (2+1)
https://www.redbus.in/bus-tickets/bangalore-to-tirupathi,Bangalore to Tirupati,RK Travels,20:30,07h 00m,03:30,3.2,INR 350,28 Seats available,Non A/C Seater / Sleeper (2+1)
https://www.redbus.in/bus-tickets/bangalore-to-tirupathi,Bangalore to Tirupati,RK Travels,20:30,06h 31m,03:01,3.7,INR 399,12 Seats available,Non A/C Seater / Sleeper (2+1)
https://www.redbus.in/bus-tickets/bangalore-to-tirupathi,Bangalore to Tirupati,Sea Bird Tourist,20:30,06h 45m,03:15,4.6,INR 1551,4 Seats available,A/C Sleeper (2+1)
https://www.redbus.in/bus-tickets/bangalore-to-tirupathi,Bangalore to Tirupati,Sea Bird Tourist,20:30,06h 45m,03:15,3.4,INR 1000,7 Seats available,Volvo Multi-Axle A/C Semi Sleeper (2+2)
https://www.redbus.in/bus-tickets/bangalore-to-tirupathi,Bangalore to Tirupati,BSRM Travels,20:45,07h 05m,03:50,4.5,INR 499,15 Seats available,Non A/C Seater / Sleeper (2+1)
https://www.redbus.in/bus-tickets/bangalore-to-tirupathi,Bangalore to Tirupati,CHOPPA TRAVELS,20:50,07h 05m,03:55,3.8,INR 399,20 Seats available,Non A/C Seater / Sleeper (2+1)
https://www.redbus.in/bus-tickets/bangalore-to-tirupathi,Bangalore to Tirupati,RK Travels,20:50,07h 00m,03:50,3.7,INR 399,25 Seats available,Non A/C Seater / Sleeper (2+1)
https://www.redbus.in/bus-tickets/bangalore-to-tirupathi,Bangalore to Tirupati,Dhriti Travels,20:55,06h 05m,03:00,3.1,INR 500,10 Seats available,NON A/C Seater / Sleeper (2+2)
https://www.redbus.in/bus-tickets/bangalore-to-tirupathi,Bangalore to Tirupati,CHOPPA TRAVELS,21:00,06h 30m,03:30,3.9,INR 499,5 Seats available,NON A/C Sleeper (2+1)
https://www.redbus.in/bus-tickets/bangalore-to-tirupathi,Bangalore to Tirupati,Yolo Bus,21:00,05h 48m,02:48,4.1,INR 380,21 Seats available,Bharat Benz A/C Seater /Sleeper (2+1)
https://www.redbus.in/bus-tickets/bangalore-to-tirupathi,Bangalore to Tirupati,Rajeswari Travels,21:00,07h 05m,04:05,3.4,599,9 Seats available,A/C Sleeper (2+1)
https://www.redbus.in/bus-tickets/bangalore-to-tirupathi,Bangalore to Tirupati,Sri Vengamamba Bus Transport (SVBT),21:00,05h 00m,02:00,3.6,INR 474,23 Seats available,Non A/C Seater / Sleeper (2+1)
https://www.redbus.in/bus-tickets/bangalore-to-tirupathi,Bangalore to Tirupati,RK Travels,21:00,06h 50m,03:50,4.0,INR 499,27 Seats available,A/C Seater / Sleeper (2+1)
https://www.redbus.in/bus-tickets/bangalore-to-tirupathi,Bangalore to Tirupati,BSRM Travels,21:00,07h 00m,04:00,4.5,INR 499,14 Seats available,A/C Seater / Sleeper (2+1)
https://www.redbus.in/bus-tickets/bangalore-to-tirupathi,Bangalore to Tirupati,Sri Krishna Travels,21:00,05h 00m,02:00,3.0,INR 500,21 Seats available,Non A/C Seater / Sleeper (2+1)
https://www.redbus.in/bus-tickets/bangalore-to-tirupathi,Bangalore to Tirupati,RCV Travels,21:00,07h 40m,04:40,4.3,INR 499,26 Seats available,A/C Seater / Sleeper (2+1)
https://www.redbus.in/bus-tickets/bangalore-to-tirupathi,Bangalore to Tirupati,Metro Lines Travels,21:00,06h 00m,03:00,3.9,INR 398,34 Seats available,NON A/C Seater/ Sleeper (2+1)
https://www.redbus.in/bus-tickets/bangalore-to-tirupathi,Bangalore to Tirupati,Go Tour Travels and Holidays,22:00,05h 00m,03:00,4.1,561,20 Seats available,A/C Sleeper (2+1)
https://www.redbus.in/bus-tickets/bangalore-to-tirupathi,Bangalore to Tirupati,GKT TRAVELS,21:05,06h 55m,04:00,3.6,645,23 Seats available,A/C Sleeper (2+1)
https://www.redbus.in/bus-tickets/bangalore-to-tirupathi,Bangalore to Tirupati,FRESHBUS,23:10,05h 40m,04:50,4.6,431,36 Seats available,Electric A/C Seater (2+2)
https://www.redbus.in/bus-tickets/bangalore-to-tirupathi,Bangalore to Tirupati,IntrCity SmartBus,21:10,04h 25m,01:35,4.4,INR 519,31 Seats available,A/C Seater / Sleeper (2+1)
https://www.redbus.in/bus-tickets/bangalore-to-tirupathi,Bangalore to Tirupati,Zingbus Plus,21:20,04h 30m,01:50,4.4,398,37 Seats available,A/C Seater / Sleeper (2+1)
https://www.redbus.in/bus-tickets/bangalore-to-tirupathi,Bangalore to Tirupati,GKT TRAVELS,21:20,06h 55m,04:15,3.5,645,19 Seats available,A/C Sleeper (2+1)
https://www.redbus.in/bus-tickets/bangalore-to-tirupathi,Bangalore to Tirupati,VTA Travels,21:30,06h 45m,04:15,3.9,INR 3000,46 Seats available,Mercedes Multi-Axle Semi Sleeper (2+2)
https://www.redbus.in/bus-tickets/bangalore-to-tirupathi,Bangalore to Tirupati,Navayuga Travels,21:35,06h 25m,04:00,4.2,INR 349,25 Seats available,A/C Seater / Sleeper (2+1)
https://www.redbus.in/bus-tickets/bangalore-to-tirupathi,Bangalore to Tirupati,Sri Vengamamba Bus Transport (SVBT),21:40,05h 20m,03:00,4.4,INR 565,18 Seats available,A/C Seater/Sleeper (2+1)
https://www.redbus.in/bus-tickets/bangalore-to-tirupathi,Bangalore to Tirupati,Yolo Bus,21:45,05h 48m,03:33,4.1,INR 360,29 Seats available,Bharat Benz A/C Seater /Sleeper (2+1)
https://www.redbus.in/bus-tickets/bangalore-to-tirupathi,Bangalore to Tirupati,FRESHBUS,22:30,05h 15m,03:45,4.6,431,35 Seats available,Electric A/C Seater (2+2)
https://www.redbus.in/bus-tickets/bangalore-to-tirupathi,Bangalore to Tirupati,Siri SmartBus,21:50,06h 00m,03:50,3.4,671,13 Seats available,VE A/C Sleeper (2+1)
https://www.redbus.in/bus-tickets/bangalore-to-tirupathi,Bangalore to Tirupati,IntrCity SmartBus,21:55,04h 10m,02:05,4.0,INR 479,22 Seats available,Bharat Benz A/C Seater /Sleeper (2+1)
https://www.redbus.in/bus-tickets/bangalore-to-tirupathi,Bangalore to Tirupati,NueGo,22:00,05h 30m,03:30,4.4,332,21 Seats available,Electric A/C Seater (2+2)
https://www.redbus.in/bus-tickets/bangalore-to-tirupathi,Bangalore to Tirupati,IntrCity SmartBus,22:00,06h 45m,04:45,4.8,INR 539,28 Seats available,A/C Seater / Sleeper (2+1)
https://www.redbus.in/bus-tickets/bangalore-to-tirupathi,Bangalore to Tirupati,GreenLine Travels And Holidays,22:00,06h 00m,04:00,3.5,INR 530,35 Seats available,Non A/C Seater / Sleeper (2+1)
https://www.redbus.in/bus-tickets/bangalore-to-tirupathi,Bangalore to Tirupati,HYBUS,22:00,06h 15m,04:15,4.4,558,26 Seats available,Bharat Benz A/C Sleeper (2+1)
https://www.redbus.in/bus-tickets/bangalore-to-tirupathi,Bangalore to Tirupati,Rajeswari Travels,22:15,05h 10m,03:25,3.4,399,23 Seats available,Non A/C Seater / Sleeper (2+1)
https://www.redbus.in/bus-tickets/bangalore-to-tirupathi,Bangalore to Tirupati,Sri Vengamamba Bus Transport (SVBT),22:15,05h 00m,03:15,3.1,INR 530,17 Seats available,Non A/C Seater / Sleeper (2+1)
https://www.redbus.in/bus-tickets/bangalore-to-tirupathi,Bangalore to Tirupati,Rajeswari Travels,22:20,05h 30m,03:50,3.3,449,24 Seats available,A/C Seater / Sleeper (2+1)
https://www.redbus.in/bus-tickets/bangalore-to-tirupathi,Bangalore to Tirupati,Vega Bus,22:30,06h 00m,04:30,3.6,569,22 Seats available,A/C Seater / Sleeper (2+1)
https://www.redbus.in/bus-tickets/bangalore-to-tirupathi,Bangalore to Tirupati,Dream Line Travels Pvt Ltd,22:30,04h 00m,02:30,3.1,INR 591,13 Seats available,A/C Sleeper (2+1)
https://www.redbus.in/bus-tickets/bangalore-to-tirupathi,Bangalore to Tirupati,IntrCity SmartBus,22:30,04h 20m,02:50,4.1,INR 519,37 Seats available,A/C Seater / Sleeper (2+1)
https://www.redbus.in/bus-tickets/bangalore-to-tirupathi,Bangalore to Tirupati,National travels,22:30,05h 30m,04:00,4.4,INR 600,20 Seats available,Bharat Benz A/C Sleeper (2+1)
https://www.redbus.in/bus-tickets/bangalore-to-tirupathi,Bangalore to Tirupati,Varsha Tours And Travels,22:30,05h 45m,04:15,3.1,INR 1999,36 Seats available,A/C Sleeper (2+1)
https://www.redbus.in/bus-tickets/bangalore-to-tirupathi,Bangalore to Tirupati,IntrCity SmartBus,22:40,04h 10m,02:50,4.9,INR 479,31 Seats available,A/C Seater / Sleeper (2+1)
https://www.redbus.in/bus-tickets/bangalore-to-tirupathi,Bangalore to Tirupati,LUCKY TRAVELS,22:40,05h 20m,04:00,4.1,INR 599,14 Seats available,A/C Sleeper (2+1)
https://www.redbus.in/bus-tickets/bangalore-to-tirupathi,Bangalore to Tirupati,Yolo Bus,22:45,05h 48m,04:33,3.7,INR 360,35 Seats available,Bharat Benz A/C Seater /Sleeper (2+1)
https://www.redbus.in/bus-tickets/bangalore-to-tirupathi,Bangalore to Tirupati,Jabbar Travels,22:45,04h 45m,03:30,3.7,INR 538,11 Seats available,Bharat Benz A/C Sleeper (2+1)
https://www.redbus.in/bus-tickets/bangalore-to-tirupathi,Bangalore to Tirupati,LUCKY TRAVELS,22:50,05h 30m,04:20,3.2,INR 449,22 Seats available,NON A/C Sleeper (2+1)
https://www.redbus.in/bus-tickets/bangalore-to-tirupathi,Bangalore to Tirupati,Simhapuri Travels,23:00,04h 00m,03:00,3.5,INR 399,14 Seats available,NON A/C Sleeper (2+1)
https://www.redbus.in/bus-tickets/bangalore-to-tirupathi,Bangalore to Tirupati,IntrCity SmartBus,23:00,05h 20m,04:20,4.8,INR 479,31 Seats available,A/C Seater / Sleeper (2+1)
https://www.redbus.in/bus-tickets/bangalore-to-tirupathi,Bangalore to Tirupati,Sri Vinayaka Travels,23:00,04h 30m,03:30,3.8,INR 399,17 Seats available,A/C Seater / Sleeper (2+1)
https://www.redbus.in/bus-tickets/bangalore-to-tirupathi,Bangalore to Tirupati,NueGo,23:00,06h 15m,05:15,4.1,394,18 Seats available,Electric A/C Seater (2+2)
https://www.redbus.in/bus-tickets/bangalore-to-tirupathi,Bangalore to Tirupati,FRESHBUS,23:40,05h 50m,05:30,4.6,431,38 Seats available,Electric A/C Seater (2+2)
https://www.redbus.in/bus-tickets/bangalore-to-tirupathi,Bangalore to Tirupati,NueGo,23:50,05h 30m,05:20,4.1,332,19 Seats available,Electric A/C Seater (2+2)
https://www.redbus.in/bus-tickets/bangalore-to-tirupathi,Bangalore to Tirupati,Aditya Logistics,23:50,04h 40m,04:30,4.2,INR 599,19 Seats available,A/C Sleeper (2+1)
https://www.redbus.in/bus-tickets/bangalore-to-tirupathi,Bangalore to Tirupati,SRKT Travels,19:15,04h 40m,23:55,1.9,INR 650,29 Seats available,A/C Seater / Sleeper (2+1)
https://www.redbus.in/bus-tickets/bangalore-to-tirupathi,Bangalore to Tirupati,Sri Krishna Travels,19:30,06h 00m,01:30,2.5,INR 600,12 Seats available,Non A/C Seater / Sleeper (2+1)
https://www.redbus.in/bus-tickets/bangalore-to-tirupathi,Bangalore to Tirupati,Vibhav Holidays,20:00,06h 30m,02:30,2.5,INR 649,21 Seats available,Volvo Multi-Axle B9R A/c Semi Sleeper (2+2)
https://www.redbus.in/bus-tickets/bangalore-to-tirupathi,Bangalore to Tirupati,RK Travels,20:15,07h 45m,04:00,2.7,INR 499,10 Seats available,Non A/C Seater / Sleeper (2+1)
https://www.redbus.in/bus-tickets/bangalore-to-tirupathi,Bangalore to Tirupati,Sri Shanmukh Travels,20:40,05h 50m,02:30,2.3,INR 600,3 Seats available,A/C Sleeper (2+1)
https://www.redbus.in/bus-tickets/bangalore-to-tirupathi,Bangalore to Tirupati,Sri Shanmukh Travels,20:40,06h 20m,03:00,2.3,INR 500,6 Seats available,A/C Sleeper (2+1)
https://www.redbus.in/bus-tickets/bangalore-to-tirupathi,Bangalore to Tirupati,RK Travels,21:00,07h 00m,04:00,1.8,INR 399,29 Seats available,Non A/C Seater / Sleeper (2+1)
https://www.redbus.in/bus-tickets/bangalore-to-tirupathi,Bangalore to Tirupati,Sai Sri Balaji Travels,21:30,07h 30m,05:00,2.4,INR 550,6 Seats available,Bharat Benz NON A/C sleeper (2+1)
https://www.redbus.in/bus-tickets/bangalore-to-tirupathi,Bangalore to Tirupati,RDS Travels,22:30,05h 45m,04:15,2.9,3599,36 Seats available,NON A/C Sleeper (2+1)
https://www.redbus.in/bus-tickets/bangalore-to-tirupathi,Bangalore to Tirupati,Bharathi Travels,23:00,04h 30m,03:30,2.0,404,32 Seats available,Non A/C Seater / Sleeper (2+1)
https://www.redbus.in/bus-tickets/bangalore-to-tirupathi,Bangalore to Tirupati,Bharathi Travels,23:55,05h 05m,05:00,2.4,INR 600,34 Seats available,A/C Sleeper (2+1)
https://www.redbus.in/bus-tickets/bangalore-to-tirupathi,Bangalore to Tirupati,Shyamoli Paribahan Pvt Ltd,14:10,04h 20m,18:30,4.2,INR 3295,5 Seats available,Bharat Benz A/C Seater /Sleeper (2+1)
https://www.redbus.in/bus-tickets/bangalore-to-tirupathi,Bangalore to Tirupati,SVD Vedansh Travels,14:30,06h 30m,21:00,3.0,INR 1209,22 Seats available,A/C Sleeper (2+1)
https://www.redbus.in/bus-tickets/bangalore-to-tirupathi,Bangalore to Tirupati,Sri Tulasi Tours and Travels,15:00,05h 30m,20:30,3.4,INR 1999,22 Seats available,A/C Sleeper (2+1)
https://www.redbus.in/bus-tickets/bangalore-to-tirupathi,Bangalore to Tirupati,FlixBus,15:30,06h 50m,22:20,4.1,INR 1159.82,11 Seats available,A/C Sleeper (2+1)
https://www.redbus.in/bus-tickets/bangalore-to-tirupathi,Bangalore to Tirupati,VKV Travels,16:00,04h 30m,20:30,4.5,979,25 Seats available,A/C Sleeper (2+1)
https://www.redbus.in/bus-tickets/bangalore-to-tirupathi,Bangalore to Tirupati,Shyamoli Paribahan Pvt Ltd,16:15,05h 00m,21:15,4.5,INR 930,14 Seats available,Volvo 9600 Multi-Axle A/C Sleeper (2+1)
https://www.redbus.in/bus-tickets/bangalore-to-tirupathi,Bangalore to Tirupati,Sai Balaji Travels,16:15,04h 35m,20:50,4.6,INR 3999,2 Seats available,A/C Seater / Sleeper (2+1)
https://www.redbus.in/bus-tickets/bangalore-to-tirupathi,Bangalore to Tirupati,Navayuga Travels,16:20,04h 55m,21:15,4.1,INR 842,15 Seats available,A/C Sleeper (2+1)
https://www.redbus.in/bus-tickets/bangalore-to-tirupathi,Bangalore to Tirupati,Sri Keerthana Sai Travels,16:30,04h 15m,20:45,4.2,INR 6666,24 Seats available,A/C Sleeper (2+1)
https://www.redbus.in/bus-tickets/bangalore-to-tirupathi,Bangalore to Tirupati,Shree Manikanta Travels,16:30,04h 50m,21:20,3.3,INR 699,20 Seats available,Volvo 9600 Multi-Axle A/C Sleeper (2+1)
https://www.redbus.in/bus-tickets/bangalore-to-tirupathi,Bangalore to Tirupati,Shyamoli Paribahan Pvt Ltd,17:00,05h 00m,22:00,4.1,INR 1247,10 Seats available,Volvo 9600 Multi-Axle A/C Sleeper (2+1)
https://www.redbus.in/bus-tickets/bangalore-to-tirupathi,Bangalore to Tirupati,Svkdt travels,17:00,05h 30m,22:30,3.7,941,22 Seats available,A/C Sleeper (2+1)
https://www.redbus.in/bus-tickets/bangalore-to-tirupathi,Bangalore to Tirupati,Rajesh Transports,17:00,04h 40m,21:40,4.6,INR 1063,17 Seats available,Volvo 9600 Multi-Axle A/C Sleeper (2+1)
https://www.redbus.in/bus-tickets/bangalore-to-tirupathi,Bangalore to Tirupati,Shyamoli Paribahan Pvt Ltd,17:10,05h 10m,22:20,3.4,INR 936,10 Seats available,A/C Sleeper (2+1)
https://www.redbus.in/bus-tickets/bangalore-to-tirupathi,Bangalore to Tirupati,Sri Krishna Travels,17:30,05h 15m,22:45,3.0,INR 899,16 Seats available,A/C Sleeper (2+1)
https://www.redbus.in/bus-tickets/bangalore-to-tirupathi,Bangalore to Tirupati,Sri Durga Malleswari Travels,18:00,05h 55m,23:55,4.1,810,21 Seats available,A/C Sleeper (2+1)
https://www.redbus.in/bus-tickets/bangalore-to-tirupathi,Bangalore to Tirupati,Yaswanth Travels,18:00,05h 30m,23:30,3.7,2850,31 Seats available,A/C Sleeper (2+1)
https://www.redbus.in/bus-tickets/bangalore-to-tirupathi,Bangalore to Tirupati,Mayuri Travels,18:00,04h 40m,22:40,3.3,INR 1110,26 Seats available,A/C Sleeper (2+1)
https://www.redbus.in/bus-tickets/bangalore-to-tirupathi,Bangalore to Tirupati,Navayuga Travels,18:10,04h 30m,22:40,3.8,INR 950,16 Seats available,A/C Sleeper (2+1)
https://www.redbus.in/bus-tickets/bangalore-to-tirupathi,Bangalore to Tirupati,Sai RK Travels,18:30,04h 30m,23:00,3.5,INR 999,23 Seats available,A/C Sleeper (2+1)
https://www.redbus.in/bus-tickets/bangalore-to-tirupathi,Bangalore to Tirupati,FlixBus,18:30,06h 41m,01:11,3.9,INR 909.82,14 Seats available,A/C Sleeper (2+1)
https://www.redbus.in/bus-tickets/bangalore-to-tirupathi,Bangalore to Tirupati,Express Line,19:00,04h 30m,23:30,4.4,INR 1269,13 Seats available,Volvo 9600 Multi-Axle A/C Sleeper (2+1)
https://www.redbus.in/bus-tickets/bangalore-to-tirupathi,Bangalore to Tirupati,Sri Krishna Travels,19:00,04h 45m,23:45,3.0,INR 859,14 Seats available,Volvo 9600 Multi-Axle A/C Sleeper (2+1)
https://www.redbus.in/bus-tickets/bangalore-to-tirupathi,Bangalore to Tirupati,Rajesh Transports,19:00,04h 25m,23:25,4.5,INR 1000,23 Seats available,Volvo 9600 Multi-Axle A/C Sleeper (2+1)
https://www.redbus.in/bus-tickets/bangalore-to-tirupathi,Bangalore to Tirupati,Prasanna Travels,19:00,04h 30m,23:30,3.3,INR 1200,25 Seats available,A/C Sleeper (2+1)
https://www.redbus.in/bus-tickets/bangalore-to-tirupathi,Bangalore to Tirupati,Jabbar Travels,19:00,05h 30m,00:30,3.2,INR 720,15 Seats available,VE A/C Sleeper (2+1)
https://www.redbus.in/bus-tickets/bangalore-to-tirupathi,Bangalore to Tirupati,Shyamoli Paribahan Pvt Ltd,19:00,04h 30m,23:30,4.1,INR 811,23 Seats available,Volvo 9600 A/C Seater/Sleeper (2+1)
https://www.redbus.in/bus-tickets/bangalore-to-tirupathi,Bangalore to Tirupati,Sri Krishna Travels,19:00,04h 30m,23:30,4.1,INR 899,11 Seats available,A/C Sleeper (2+1)
https://www.redbus.in/bus-tickets/bangalore-to-tirupathi,Bangalore to Tirupati,FlixBus,19:00,07h 36m,02:36,4.0,INR 909.82,27 Seats available,A/C Sleeper (2+1)
https://www.redbus.in/bus-tickets/bangalore-to-tirupathi,Bangalore to Tirupati,CVR Travels,19:00,11h 05m,06:05,3.5,INR 5000,45 Seats available,A/C Seater / Sleeper (2+1)
https://www.redbus.in/bus-tickets/bangalore-to-tirupathi,Bangalore to Tirupati,IntrCity SmartBus,19:20,04h 25m,23:45,4.5,INR 859,12 Seats available,A/C Sleeper (2+1)
https://www.redbus.in/bus-tickets/bangalore-to-tirupathi,Bangalore to Tirupati,Intercity travels,19:35,04h 24m,23:59,4.5,INR 911,18 Seats available,Bharat Benz A/C Sleeper (2+1)
https://www.redbus.in/bus-tickets/bangalore-to-tirupathi,Bangalore to Tirupati,CCC Bus,19:45,04h 09m,23:54,4.6,949,22 Seats available,A/C Sleeper (2+1)
https://www.redbus.in/bus-tickets/bangalore-to-tirupathi,Bangalore to Tirupati,Shyamoli Paribahan Pvt Ltd,19:45,04h 14m,23:59,3.7,INR 1100,11 Seats available,Volvo 9600 Multi-Axle A/C Sleeper (2+1)
https://www.redbus.in/bus-tickets/bangalore-to-tirupathi,Bangalore to Tirupati,IRA Transports,19:45,04h 14m,23:59,4.4,INR 959,21 Seats available,A/C Sleeper (2+1)
https://www.redbus.in/bus-tickets/bangalore-to-tirupathi,Bangalore to Tirupati,Rajesh Transports,19:45,04h 14m,23:59,3.6,INR 950,25 Seats available,Volvo 9600 Multi-Axle A/C Sleeper (2+1)
https://www.redbus.in/bus-tickets/bangalore-to-tirupathi,Bangalore to Tirupati,Sanga Tours and Travels,20:00,05h 30m,01:30,4.9,810,20 Seats available,A/C Sleeper (2+1)
https://www.redbus.in/bus-tickets/bangalore-to-tirupathi,Bangalore to Tirupati,Dhriti Travels,20:00,57h 30m,05:30,3.4,INR 4800,10 Seats available,NON A/C Seater / Sleeper (2+2)
https://www.redbus.in/bus-tickets/bangalore-to-tirupathi,Bangalore to Tirupati,Mayura Bus,20:00,27h 00m,23:00,4.0,INR 2100,15 Seats available,A/C Sleeper (2+1)
https://www.redbus.in/bus-tickets/bangalore-to-tirupathi,Bangalore to Tirupati,Sri Vengamamba Bus Transport (SVBT),20:00,05h 15m,01:15,3.6,INR 1082,16 Seats available,A/C Sleeper (2+1)
https://www.redbus.in/bus-tickets/bangalore-to-tirupathi,Bangalore to Tirupati,GreenLine Travels And Holidays,20:00,06h 30m,02:30,3.5,INR 2199,19 Seats available,A/C Sleeper (2+1)
https://www.redbus.in/bus-tickets/bangalore-to-tirupathi,Bangalore to Tirupati,Sugama Tourist,20:00,26h 30m,22:30,3.8,INR 2220,34 Seats available,Volvo Multi-Axle I-Shift A/C Semi Sleeper (2+2)
https://www.redbus.in/bus-tickets/bangalore-to-tirupathi,Bangalore to Tirupati,Pramukh Travels,20:00,03h 30m,23:30,4.6,INR 1199,20 Seats available,Volvo 9600 Multi-Axle A/C Sleeper (2+1)
https://www.redbus.in/bus-tickets/bangalore-to-tirupathi,Bangalore to Tirupati,National travels,20:00,07h 00m,03:00,4.1,INR 800,25 Seats available,VE A/C Sleeper (2+1)
https://www.redbus.in/bus-tickets/bangalore-to-tirupathi,Bangalore to Tirupati,Sri Venkataramana Travels,20:00,06h 30m,02:30,3.0,720,28 Seats available,Non A/C Seater / Sleeper (2+1)
https://www.redbus.in/bus-tickets/bangalore-to-tirupathi,Bangalore to Tirupati,GreenLine Travels And Holidays,20:15,06h 00m,02:15,3.4,INR 2199,20 Seats available,A/C Sleeper (2+1)
https://www.redbus.in/bus-tickets/bangalore-to-tirupathi,Bangalore to Tirupati,Kamakshi Tours And Travels,20:30,05h 30m,02:00,3.9,INR 1069,8 Seats available,A/C Sleeper (2+1)
https://www.redbus.in/bus-tickets/bangalore-to-tirupathi,Bangalore to Tirupati,GreenLine Travels And Holidays,20:30,06h 30m,03:00,3.4,INR 2199,15 Seats available,A/C Sleeper (2+1)
https://www.redbus.in/bus-tickets/bangalore-to-tirupathi,Bangalore to Tirupati,Rajesh Transports,20:30,04h 00m,00:30,4.4,INR 1010,33 Seats available,A/C Volvo B11R Multi-Axle Sleeper (2+1)
https://www.redbus.in/bus-tickets/bangalore-to-tirupathi,Bangalore to Tirupati,FlixBus,20:30,06h 21m,02:51,4.0,INR 909.82,31 Seats available,VE A/C Sleeper (2+1)
https://www.redbus.in/bus-tickets/bangalore-to-tirupathi,Bangalore to Tirupati,Butterfly Holidays,20:30,07h 30m,04:00,4.3,INR 6999,27 Seats available,VE A/C Sleeper (2+1)
https://www.redbus.in/bus-tickets/bangalore-to-tirupathi,Bangalore to Tirupati,Rajesh Transports,20:30,03h 57m,00:27,3.4,INR 1475,32 Seats available,A/C Volvo B11R Multi-Axle Sleeper (2+1)
https://www.redbus.in/bus-tickets/bangalore-to-tirupathi,Bangalore to Tirupati,GreenLine Travels And Holidays,20:45,06h 15m,03:00,3.4,INR 2199,16 Seats available,A/C Sleeper (2+1)
https://www.redbus.in/bus-tickets/bangalore-to-tirupathi,Bangalore to Tirupati,Sri Vengamamba Bus Transport (SVBT),20:45,04h 15m,01:00,3.5,INR 784,11 Seats available,A/C Seater/Sleeper (2+1)
https://www.redbus.in/bus-tickets/bangalore-to-tirupathi,Bangalore to Tirupati,KMBT Travels,21:00,06h 00m,03:00,3.6,731,21 Seats available,NON A/C Sleeper (2+1)
https://www.redbus.in/bus-tickets/bangalore-to-tirupathi,Bangalore to Tirupati,CHOPPA TRAVELS,21:00,06h 45m,03:45,3.8,INR 699,16 Seats available,A/C Sleeper (2+1)
https://www.redbus.in/bus-tickets/bangalore-to-tirupathi,Bangalore to Tirupati,Balaji Tourist,21:00,06h 00m,03:00,3.0,INR 2000,1 Seat available,Volvo Multi-Axle A/C Semisleeper (2+2)
https://www.redbus.in/bus-tickets/bangalore-to-tirupathi,Bangalore to Tirupati,CHOPPA TRAVELS,21:00,06h 30m,03:30,4.0,INR 799,35 Seats available,Non A/C Seater / Sleeper (2+1)
https://www.redbus.in/bus-tickets/bangalore-to-tirupathi,Bangalore to Tirupati,Sohan Tours & Travels,21:30,05h 50m,03:20,4.9,INR 840,14 Seats available,Bharat Benz A/C Sleeper (2+1)
https://www.redbus.in/bus-tickets/bangalore-to-tirupathi,Bangalore to Tirupati,Sri Krishna Tour and Travels,21:30,05h 50m,03:20,4.0,INR 1990,27 Seats available,A/C Sleeper (2+1)
https://www.redbus.in/bus-tickets/bangalore-to-tirupathi,Bangalore to Tirupati,ST Bus &Logistics,21:30,06h 45m,04:15,3.3,3799,49 Seats available,Scania Multi-Axle AC Semi Sleeper (2+2)
https://www.redbus.in/bus-tickets/bangalore-to-tirupathi,Bangalore to Tirupati,Kaveri Travels,21:30,04h 30m,02:00,3.1,INR 980,24 Seats available,VE A/C Sleeper (2+1)
https://www.redbus.in/bus-tickets/bangalore-to-tirupathi,Bangalore to Tirupati,KMBT Travels,21:30,05h 30m,03:00,3.9,823,31 Seats available,A/C Seater / Sleeper (2+1)
https://www.redbus.in/bus-tickets/bangalore-to-tirupathi,Bangalore to Tirupati,Sri Krishna Travels,21:30,04h 30m,02:00,3.0,INR 1000,19 Seats available,Volvo Multi Axle A/C Sleeper I-Shift B11R (2+1)
https://www.redbus.in/bus-tickets/bangalore-to-tirupathi,Bangalore to Tirupati,Zingbus Plus,21:40,04h 50m,02:30,4.2,796,28 Seats available,VE A/C Sleeper (2+1)
https://www.redbus.in/bus-tickets/bangalore-to-tirupathi,Bangalore to Tirupati,ASHITHA TRAVELS,21:40,06h 05m,03:45,4.2,759,20 Seats available,A/C Sleeper (2+1)
https://www.redbus.in/bus-tickets/bangalore-to-tirupathi,Bangalore to Tirupati,LUCKY TRAVELS,21:55,06h 05m,04:00,3.6,INR 799,20 Seats available,A/C Sleeper (2+1)
https://www.redbus.in/bus-tickets/bangalore-to-tirupathi,Bangalore to Tirupati,Siri SmartBus,22:00,06h 00m,04:00,3.4,698,15 Seats available,VE A/C Sleeper (2+1)
https://www.redbus.in/bus-tickets/bangalore-to-tirupathi,Bangalore to Tirupati,V Kaveri Travels,22:00,05h 15m,03:15,3.2,INR 728,18 Seats available,VE A/C Sleeper (2+1)
https://www.redbus.in/bus-tickets/bangalore-to-tirupathi,Bangalore to Tirupati,FlixBus,22:20,06h 40m,05:00,4.0,INR 811.61,34 Seats available,VE A/C Sleeper (2+1)
https://www.redbus.in/bus-tickets/bangalore-to-tirupathi,Bangalore to Tirupati,AKHILA TRAVELS,22:25,04h 21m,02:46,3.5,INR 749,24 Seats available,A/C Sleeper (2+1)
https://www.redbus.in/bus-tickets/bangalore-to-tirupathi,Bangalore to Tirupati,IRA Transports,22:30,04h 30m,03:00,3.8,INR 810,21 Seats available,Bharat Benz A/C Sleeper (2+1)
https://www.redbus.in/bus-tickets/bangalore-to-tirupathi,Bangalore to Tirupati,Rajesh Transports,22:30,04h 00m,02:30,4.5,INR 1675,30 Seats available,A/C Volvo B11R Multi-Axle Sleeper (2+1)
https://www.redbus.in/bus-tickets/bangalore-to-tirupathi,Bangalore to Tirupati,GRV Yatrikha LLP,22:30,04h 30m,03:00,4.0,INR 849,9 Seats available,Scania AC Multi Axle Sleeper (2+1)
https://www.redbus.in/bus-tickets/bangalore-to-tirupathi,Bangalore to Tirupati,Rajesh Transports,22:30,03h 30m,02:00,4.3,INR 1080,25 Seats available,Volvo 9600 Multi-Axle A/C Sleeper (2+1)
https://www.redbus.in/bus-tickets/bangalore-to-tirupathi,Bangalore to Tirupati,GreenLine Travels And Holidays,22:30,05h 30m,04:00,4.9,INR 900,16 Seats available,VE A/C Sleeper (2+1)
https://www.redbus.in/bus-tickets/bangalore-to-tirupathi,Bangalore to Tirupati,Shyamoli Paribahan Pvt Ltd,22:30,03h 15m,01:45,3.7,INR 1360,9 Seats available,Volvo Multi Axle A/C Sleeper I-Shift B11R (2+1)
https://www.redbus.in/bus-tickets/bangalore-to-tirupathi,Bangalore to Tirupati,Intercity travels,22:30,05h 00m,03:30,4.3,INR 799,14 Seats available,A/C Sleeper (2+1)
https://www.redbus.in/bus-tickets/bangalore-to-tirupathi,Bangalore to Tirupati,AKHILA TRAVELS,22:40,04h 21m,03:01,3.4,INR 749,12 Seats available,A/C Semi Sleeper / Sleeper (2+1)
https://www.redbus.in/bus-tickets/bangalore-to-tirupathi,Bangalore to Tirupati,Dhriti Travels,22:45,05h 45m,04:30,3.1,INR 900,6 Seats available,VE A/C Sleeper (2+1)
https://www.redbus.in/bus-tickets/bangalore-to-tirupathi,Bangalore to Tirupati,Dhriti Travels,22:45,57h 45m,08:30,3.4,INR 5500,2 Seats available,VE A/C Sleeper (2+1)
https://www.redbus.in/bus-tickets/bangalore-to-tirupathi,Bangalore to Tirupati,GreenLine Travels And Holidays,23:00,05h 00m,04:00,4.6,INR 1350,19 Seats available,VE Executive A/C Sleeper (1+1)
https://www.redbus.in/bus-tickets/bangalore-to-tirupathi,Bangalore to Tirupati,BSR Tours And Travels,23:00,04h 00m,03:00,4.4,INR 1376,22 Seats available,Volvo 9600 Multi-Axle A/C Sleeper (2+1)
https://www.redbus.in/bus-tickets/bangalore-to-tirupathi,Bangalore to Tirupati,Sai Sindhu Travels,23:15,05h 15m,04:30,3.9,INR 890,20 Seats available,NON A/C Sleeper (2+1)
https://www.redbus.in/bus-tickets/bangalore-to-tirupathi,Bangalore to Tirupati,Rajesh Transports,23:20,04h 10m,03:30,4.4,INR 999,28 Seats available,A/C Volvo B11R Multi-Axle Sleeper (2+1)
https://www.redbus.in/bus-tickets/bangalore-to-tirupathi,Bangalore to Tirupati,Rajesh Transports,23:20,04h 05m,03:25,4.5,INR 1275,36 Seats available,A/C Sleeper (2+1)
https://www.redbus.in/bus-tickets/bangalore-to-tirupathi,Bangalore to Tirupati,IntrCity SmartBus,23:25,04h 10m,03:35,4.8,INR 729,27 Seats available,AC Sleeper (2+1)
https://www.redbus.in/bus-tickets/bangalore-to-tirupathi,Bangalore to Tirupati,Sri Tulasi Tours and Travels,14:00,04h 30m,18:30,2.6,INR 2599,12 Seats available,A/C Sleeper (2+1)
https://www.redbus.in/bus-tickets/bangalore-to-tirupathi,Bangalore to Tirupati,Naveen Tours and Travels,15:28,06h 52m,22:20,2.6,INR 880,30 Seats available,VE A/C Seater / Sleeper (2+1)
https://www.redbus.in/bus-tickets/bangalore-to-tirupathi,Bangalore to Tirupati,Komitla Trans lines.,15:30,05h 00m,20:30,2.8,INR 1569,21 Seats available,NON A/C Sleeper (2+1)
https://www.redbus.in/bus-tickets/bangalore-to-tirupathi,Bangalore to Tirupati,Sri Keerthana Sai Travels,15:30,05h 45m,21:15,2.6,INR 1399,15 Seats available,A/C Sleeper (2+1)
https://www.redbus.in/bus-tickets/bangalore-to-tirupathi,Bangalore to Tirupati,Sri Tulasi Tours and Travels,16:00,05h 30m,21:30,2.7,INR 3099,17 Seats available,A/C Sleeper (2+1)
https://www.redbus.in/bus-tickets/bangalore-to-tirupathi,Bangalore to Tirupati,GMC Travels,16:15,04h 55m,21:10,2.6,INR 890,34 Seats available,A/C Seater / Sleeper (2+1)
https://www.redbus.in/bus-tickets/bangalore-to-tirupathi,Bangalore to Tirupati,Sri Tulasi Tours and Travels,17:00,05h 00m,22:00,2.9,INR 949,21 Seats available,A/C Sleeper (2+1)
https://www.redbus.in/bus-tickets/bangalore-to-tirupathi,Bangalore to Tirupati,Svkdt travels,17:30,05h 01m,22:31,2.4,1036,23 Seats available,A/C Sleeper (2+1)
https://www.redbus.in/bus-tickets/bangalore-to-tirupathi,Bangalore to Tirupati,SRI SAI MURALI KRISHNA TRAVELS,17:30,04h 30m,22:00,2.3,INR 4000,30 Seats available,NON A/C Sleeper (2+1)
https://www.redbus.in/bus-tickets/bangalore-to-tirupathi,Bangalore to Tirupati,Sri Tulasi Tours and Travels,17:30,05h 00m,22:30,2.4,INR 1049,18 Seats available,A/C Sleeper (2+1)
https://www.redbus.in/bus-tickets/bangalore-to-tirupathi,Bangalore to Tirupati,Svkdt travels,18:30,05h 10m,23:40,2.7,1131,19 Seats available,Scania AC Multi Axle Sleeper (2+1)
https://www.redbus.in/bus-tickets/bangalore-to-tirupathi,Bangalore to Tirupati,Chaitra Sri Travels,18:30,06h 20m,00:50,2.7,INR 3999,41 Seats available,Non A/C Seater / Sleeper (2+1)
https://www.redbus.in/bus-tickets/bangalore-to-tirupathi,Bangalore to Tirupati,Morning Star Travels,18:30,05h 20m,23:50,2.7,INR 790,20 Seats available,A/C Sleeper (2+1)
https://www.redbus.in/bus-tickets/bangalore-to-tirupathi,Bangalore to Tirupati,Vibhav Holidays,19:00,27h 00m,22:00,2.7,INR 2095,13 Seats available,A/C Sleeper (2+1)
https://www.redbus.in/bus-tickets/bangalore-to-tirupathi,Bangalore to Tirupati,Morning Star Travels,19:15,04h 40m,23:55,2.7,INR 1090,23 Seats available,Volvo Multi Axle B9R A/C Sleeper (2+1)
https://www.redbus.in/bus-tickets/bangalore-to-tirupathi,Bangalore to Tirupati,Chaitra Sri Travels,19:15,06h 30m,01:45,1.9,INR 899,26 Seats available,NON A/C Sleeper (2+1)
https://www.redbus.in/bus-tickets/bangalore-to-tirupathi,Bangalore to Tirupati,Svkdt travels,19:30,05h 10m,00:40,2.9,1226,15 Seats available,A/C Sleeper (2+1)
https://www.redbus.in/bus-tickets/bangalore-to-tirupathi,Bangalore to Tirupati,Chalasani Travels (Kaleswari),19:30,04h 33m,00:03,1.7,INR 1000,16 Seats available,A/C Sleeper (2+1)
https://www.redbus.in/bus-tickets/bangalore-to-tirupathi,Bangalore to Tirupati,Varsha Tours And Travels,19:30,27h 40m,23:10,2.7,INR 1899,20 Seats available,A/C Sleeper (2+1)
https://www.redbus.in/bus-tickets/bangalore-to-tirupathi,Bangalore to Tirupati,Vibhav Holidays,20:00,26h 30m,22:30,2.7,INR 2095,16 Seats available,A/C Sleeper (2+1)
https://www.redbus.in/bus-tickets/bangalore-to-tirupathi,Bangalore to Tirupati,Vibhav Holidays,20:00,26h 00m,22:00,1.7,INR 1809,26 Seats available,Volvo Multi-Axle B9R A/c Semi Sleeper (2+2)
https://www.redbus.in/bus-tickets/bangalore-to-tirupathi,Bangalore to Tirupati,Varsha Tours And Travels,20:30,25h 30m,22:00,2.8,INR 1999,20 Seats available,A/C Sleeper (2+1)
https://www.redbus.in/bus-tickets/bangalore-to-tirupathi,Bangalore to Tirupati,Sri Vengamamba Bus Transport (SVBT),20:30,05h 00m,01:30,1.8,INR 1136,9 Seats available,A/C Sleeper (2+1)
https://www.redbus.in/bus-tickets/bangalore-to-tirupathi,Bangalore to Tirupati,Sai Sri Balaji Travels,20:45,37h 00m,09:45,2.3,INR 2550,6 Seats available,Bharat Benz NON A/C sleeper (2+1)
https://www.redbus.in/bus-tickets/bangalore-to-tirupathi,Bangalore to Tirupati,NSK Travels,20:45,06h 15m,03:00,1.8,INR 900,36 Seats available,A/C Sleeper (2+1)
https://www.redbus.in/bus-tickets/bangalore-to-tirupathi,Bangalore to Tirupati,Harikrishna Travels,21:00,05h 15m,02:15,2.9,713,31 Seats available,Non A/C Seater / Sleeper (2+1)
https://www.redbus.in/bus-tickets/bangalore-to-tirupathi,Bangalore to Tirupati,Chalasani Travels (Kaleswari),21:00,04h 10m,01:10,2.4,INR 1000,19 Seats available,A/C Sleeper (2+1)
https://www.redbus.in/bus-tickets/bangalore-to-tirupathi,Bangalore to Tirupati,Durga Shree Travels,21:05,24h 30m,21:35,2.6,INR 2399,17 Seats available,A/C Sleeper (2+1)
https://www.redbus.in/bus-tickets/bangalore-to-tirupathi,Bangalore to Tirupati,Svkdt travels,21:30,04h 30m,02:00,1.7,941,25 Seats available,A/C Sleeper (2+1)
https://www.redbus.in/bus-tickets/bangalore-to-tirupathi,Bangalore to Tirupati,Varsha Tours And Travels,21:30,23h 00m,20:30,2.9,INR 1999,25 Seats available,A/C Sleeper (2+1)
https://www.redbus.in/bus-tickets/bangalore-to-tirupathi,Bangalore to Tirupati,Komitla Trans lines.,22:00,03h 55m,01:55,2.7,INR 919,23 Seats available,NON A/C Sleeper (2+1)
https://www.redbus.in/bus-tickets/bangalore-to-tirupathi,Bangalore to Tirupati,Morning Star Travels,22:25,04h 00m,02:25,2.9,INR 990,22 Seats available,A/C Sleeper (2+1)
https://www.redbus.in/bus-tickets/bangalore-to-tirupathi,Bangalore to Tirupati,Jabbar Travels,22:45,05h 15m,04:00,2.9,INR 929,2 Seats available,NON A/C Sleeper (2+1)
https://www.redbus.in/bus-tickets/bangalore-to-tirupathi,Bangalore to Tirupati,Chalasani Travels (Kaleswari),23:20,04h 00m,03:20,3.6,INR 1000,21 Seats available,A/C Sleeper (2+1)
https://www.redbus.in/bus-tickets/bangalore-to-tirupathi,Bangalore to Tirupati,VRL Travels,17:00,04h 00m,21:00,3.6,INR 1700,21 Seats available,Volvo 9600 Multi-Axle A/C Sleeper (2+1)
https://www.redbus.in/bus-tickets/bangalore-to-tirupathi,Bangalore to Tirupati,VRL Travels,18:15,04h 00m,22:15,3.6,INR 1100,44 Seats available,Volvo A/C B11R Multi Axle Semi Sleeper (2+2)
https://www.redbus.in/bus-tickets/bangalore-to-tirupathi,Bangalore to Tirupati,VRL Travels,21:30,03h 30m,01:00,,INR 1000,21 Seats available,A/C Sleeper (2+1)
https://www.redbus.in/bus-tickets/ongole-to-hyderabad,Ongole to Hyderabad,Vikram Travels,23:15,07h 03m,06:18,4.7,INR 1049,20 Seats available,A/C Sleeper (2+1)
https://www.redbus.in/bus-tickets/ongole-to-hyderabad,Ongole to Hyderabad,Sri Vengamamba Bus Transport (SVBT),23:00,07h 35m,06:35,4.5,INR 785,18 Seats available,A/C Seater / Sleeper (2+1)
https://www.redbus.in/bus-tickets/ongole-to-hyderabad,Ongole to Hyderabad,V Kaveri Travels,22:45,07h 15m,06:00,4.6,INR 700,18 Seats available,NON A/C Sleeper (2+1)
https://www.redbus.in/bus-tickets/ongole-to-hyderabad,Ongole to Hyderabad,AdKKaveri Travels,23:00,07h 10m,06:10,3.6,INR 880,21 Seats available,Non A/C Seater / Sleeper (2+1)
https://www.redbus.in/bus-tickets/ongole-to-hyderabad,Ongole to Hyderabad,Sri Vengamamba Bus Transport (SVBT),22:30,07h 35m,06:05,4.4,INR 1000,16 Seats available,A/C Sleeper (2+1)
https://www.redbus.in/bus-tickets/ongole-to-hyderabad,Ongole to Hyderabad,Kaveri Travels,21:50,08h 05m,05:55,4.3,INR 1080,19 Seats available,A/C Sleeper (2+1)
https://www.redbus.in/bus-tickets/ongole-to-hyderabad,Ongole to Hyderabad,Pspk Bus,21:20,08h 20m,05:40,4.3,INR 550,21 Seats available,Non A/C Seater / Sleeper (2+1)
https://www.redbus.in/bus-tickets/ongole-to-hyderabad,Ongole to Hyderabad,AdKKaveri Travels,21:30,08h 25m,05:55,3.5,INR 600,17 Seats available,Non A/C Seater / Sleeper (2+1)
https://www.redbus.in/bus-tickets/ongole-to-hyderabad,Ongole to Hyderabad,Kaveri Travels,23:30,07h 10m,06:40,4.0,INR 1080,22 Seats available,Volvo Multi Axle A/C Sleeper I-Shift B11R (2+1)
https://www.redbus.in/bus-tickets/ongole-to-hyderabad,Ongole to Hyderabad,Kaveri Travels,21:50,07h 40m,05:30,4.1,INR 500,30 Seats available,Non A/C Seater / Sleeper (2+1)
https://www.redbus.in/bus-tickets/ongole-to-hyderabad,Ongole to Hyderabad,V Kaveri Travels,23:20,06h 55m,06:15,4.3,INR 899,17 Seats available,Scania AC Multi Axle Sleeper (2+1)
https://www.redbus.in/bus-tickets/ongole-to-hyderabad,Ongole to Hyderabad,Kaveri Travels,23:10,07h 30m,06:40,4.0,INR 550,22 Seats available,NON AC Seater / Sleeper 2+1
https://www.redbus.in/bus-tickets/ongole-to-hyderabad,Ongole to Hyderabad,V Kaveri Travels,22:00,07h 45m,05:45,4.3,INR 800,24 Seats available,NON A/C Sleeper (2+1)
https://www.redbus.in/bus-tickets/ongole-to-hyderabad,Ongole to Hyderabad,Jagan Travels,23:15,07h 02m,06:17,4.3,INR 772,20 Seats available,Non A/C Seater / Sleeper (2+1)
https://www.redbus.in/bus-tickets/ongole-to-hyderabad,Ongole to Hyderabad,V Kaveri Travels,22:00,08h 00m,06:00,4.0,INR 1190,23 Seats available,Volvo Multi-Axle A/C Sleeper (2+1)
https://www.redbus.in/bus-tickets/ongole-to-hyderabad,Ongole to Hyderabad,Chandu Travels,23:35,06h 55m,06:30,3.9,846,24 Seats available,A/C Sleeper (2+1)
https://www.redbus.in/bus-tickets/ongole-to-hyderabad,Ongole to Hyderabad,KKaveri Travels,23:30,07h 15m,06:45,3.9,INR 1000,18 Seats available,Volvo Multi-Axle A/C Sleeper (2+1)
https://www.redbus.in/bus-tickets/ongole-to-hyderabad,Ongole to Hyderabad,IntrCity SmartBus,23:40,06h 40m,06:20,4.4,INR 1029,18 Seats available,A/C Sleeper (2+1)
https://www.redbus.in/bus-tickets/ongole-to-hyderabad,Ongole to Hyderabad,V Kaveri Travels,23:00,07h 40m,06:40,4.2,INR 600,24 Seats available,Non A/C Seater / Sleeper (2+1)
https://www.redbus.in/bus-tickets/ongole-to-hyderabad,Ongole to Hyderabad,Mozo travels,00:40,07h 02m,07:42,4.3,INR 949,17 Seats available,A/C Sleeper (2+1)
https://www.redbus.in/bus-tickets/ongole-to-hyderabad,Ongole to Hyderabad,Kamakshi Tours And Travels,21:45,08h 43m,06:28,3.9,INR 550,25 Seats available,Non A/C Seater / Sleeper (2+1)
https://www.redbus.in/bus-tickets/ongole-to-hyderabad,Ongole to Hyderabad,Sri Krishna Travels,23:45,06h 47m,06:32,3.7,INR 1160,25 Seats available,Volvo Multi-Axle A/C Sleeper (2+1)
https://www.redbus.in/bus-tickets/ongole-to-hyderabad,Ongole to Hyderabad,Sri Krishna Travels,22:50,07h 22m,06:12,3.6,INR 1050,18 Seats available,Volvo Multi-Axle A/C Sleeper (2+1)
https://www.redbus.in/bus-tickets/ongole-to-hyderabad,Ongole to Hyderabad,Sri Krishna Travels,22:30,07h 15m,05:45,3.7,INR 560,26 Seats available,Non A/C Seater / Sleeper (2+1)
https://www.redbus.in/bus-tickets/ongole-to-hyderabad,Ongole to Hyderabad,Sri Krishna Travels,22:15,07h 30m,05:45,3.7,INR 560,27 Seats available,Non A/C Seater / Sleeper (2+1)
https://www.redbus.in/bus-tickets/ongole-to-hyderabad,Ongole to Hyderabad,Cherry tours&travels,21:30,08h 00m,05:30,3.4,637,21 Seats available,A/C Seater / Sleeper (2+1)
https://www.redbus.in/bus-tickets/ongole-to-hyderabad,Ongole to Hyderabad,SVT Travels,23:10,07h 35m,06:45,New,INR 681,35 Seats available,A/C Seater / Sleeper (2+1)
https://www.redbus.in/bus-tickets/ongole-to-hyderabad,Ongole to Hyderabad,SVT Travels,21:30,08h 47m,06:17,New,INR 4000,33 Seats available,A/C Seater / Sleeper (2+1)
https://www.redbus.in/bus-tickets/ongole-to-hyderabad,Ongole to Hyderabad,Poojitha Travels,22:45,07h 15m,06:00,New,INR 3000,45 Seats available,A/C Seater / Sleeper (2+1)
https://www.redbus.in/bus-tickets/ongole-to-hyderabad,Ongole to Hyderabad,Poojitha Travels,22:00,08h 40m,06:40,New,INR 4000,45 Seats available,A/C Seater / Sleeper (2+1)
https://www.redbus.in/bus-tickets/ongole-to-hyderabad,Ongole to Hyderabad,VV Vinayak Travels,22:10,08h 30m,06:40,3.4,INR 929,20 Seats available,A/C Sleeper (2+1)
https://www.redbus.in/bus-tickets/ongole-to-hyderabad,Ongole to Hyderabad,Sri Lakshmi Narasimha Travels (SLNT),22:20,08h 00m,06:20,3.8,INR 549,27 Seats available,Non A/C Seater / Sleeper (2+1)
https://www.redbus.in/bus-tickets/ongole-to-hyderabad,Ongole to Hyderabad,Sri Lakshmi Narasimha Travels (SLNT),22:10,07h 15m,05:25,4.1,INR 499,20 Seats available,Non A/C Seater / Sleeper (2+1)
https://www.redbus.in/bus-tickets/ongole-to-hyderabad,Ongole to Hyderabad,Vihari Travels,21:50,08h 00m,05:50,3.7,570,32 Seats available,NON AC Seater / Sleeper 2+1
https://www.redbus.in/bus-tickets/ongole-to-hyderabad,Ongole to Hyderabad,Vihari Travels,22:15,08h 20m,06:35,3.6,760,13 Seats available,NON A/C Sleeper (2+1)
https://www.redbus.in/bus-tickets/ongole-to-hyderabad,Ongole to Hyderabad,Padmavathi Travels,23:50,06h 44m,06:34,4.0,INR 800,23 Seats available,A/C Sleeper (2+1)
https://www.redbus.in/bus-tickets/ongole-to-hyderabad,Ongole to Hyderabad,New Slnst Travels,22:35,06h 40m,05:15,3.8,968,17 Seats available,A/C Sleeper (2+1)
https://www.redbus.in/bus-tickets/ongole-to-hyderabad,Ongole to Hyderabad,VV Vinayak Travels,22:30,08h 10m,06:40,3.6,INR 477,20 Seats available,Non A/C Seater / Sleeper (2+1)
https://www.redbus.in/bus-tickets/ongole-to-hyderabad,Ongole to Hyderabad,Yolo Bus,23:39,06h 40m,06:19,3.1,INR 470,30 Seats available,Bharat Benz A/C Seater /Sleeper (2+1)
https://www.redbus.in/bus-tickets/ongole-to-hyderabad,Ongole to Hyderabad,VV Vinayak Travels,22:20,07h 50m,06:10,3.8,INR 533,19 Seats available,Non A/C Seater / Sleeper (2+1)
https://www.redbus.in/bus-tickets/ongole-to-hyderabad,Ongole to Hyderabad,VV Vinayak Travels,22:30,07h 25m,05:55,3.1,INR 500,25 Seats available,Non A/C Seater / Sleeper (2+1)
https://www.redbus.in/bus-tickets/ongole-to-hyderabad,Ongole to Hyderabad,V Kaveri Travels,23:45,07h 00m,06:45,3.5,INR 1000,18 Seats available,A/C Sleeper (2+1)
https://www.redbus.in/bus-tickets/ongole-to-hyderabad,Ongole to Hyderabad,Morning Star Travels,23:45,06h 20m,06:05,3.0,INR 990,29 Seats available,A/C Sleeper (2+1)
https://www.redbus.in/bus-tickets/ongole-to-hyderabad,Ongole to Hyderabad,Sai Vijetha Travels,21:45,07h 50m,05:35,4.4,428,36 Seats available,Non A/C Seater / Sleeper (2+1)
https://www.redbus.in/bus-tickets/ongole-to-hyderabad,Ongole to Hyderabad,Sri Sahasra Tours and Travels,22:45,08h 02m,06:47,3.8,INR 549,13 Seats available,A/C Seater / Sleeper (2+1)
https://www.redbus.in/bus-tickets/ongole-to-hyderabad,Ongole to Hyderabad,V Kaveri Travels,23:00,07h 15m,06:15,3.3,INR 820,13 Seats available,Non A/C Seater / Sleeper (2+1)
https://www.redbus.in/bus-tickets/ongole-to-hyderabad,Ongole to Hyderabad,Cherry tours&travels,22:45,07h 30m,06:15,3.3,570,36 Seats available,Non A/C Seater / Sleeper (2+1)
https://www.redbus.in/bus-tickets/ongole-to-hyderabad,Ongole to Hyderabad,Kaveri Travels,01:00,06h 35m,07:35,4.3,INR 699,18 Seats available,A/C Sleeper (2+1)
https://www.redbus.in/bus-tickets/ongole-to-hyderabad,Ongole to Hyderabad,Kaveri Travels,22:40,08h 05m,06:45,3.3,INR 680,3 Seats available,Non A/C Seater / Sleeper (2+1)
https://www.redbus.in/bus-tickets/ongole-to-hyderabad,Ongole to Hyderabad,Sri Lakshmi Narasimha Travels (SLNT),22:30,08h 00m,06:30,3.7,INR 610,20 Seats available,Non A/C Seater / Sleeper (2+1)
https://www.redbus.in/bus-tickets/ongole-to-hyderabad,Ongole to Hyderabad,Kaveri Travels,00:30,07h 00m,07:30,3.1,INR 1080,23 Seats available,Volvo Multi Axle B9R A/C Sleeper (2+1)
https://www.redbus.in/bus-tickets/ongole-to-hyderabad,Ongole to Hyderabad,Sri Laxmi Sravanthi Siva Tours And Travels,22:00,07h 59m,05:59,3.2,INR 599,36 Seats available,Non A/C Seater / Sleeper (2+1)
https://www.redbus.in/bus-tickets/ongole-to-hyderabad,Ongole to Hyderabad,SAI PRASANNA TRAVELS,21:55,07h 36m,05:31,2.9,INR 550,21 Seats available,Non A/C Seater / Sleeper (2+1)
https://www.redbus.in/bus-tickets/ongole-to-hyderabad,Ongole to Hyderabad,Sri Krishna Travels,23:59,07h 16m,07:15,3.3,INR 1100,13 Seats available,Volvo Multi Axle A/C Sleeper I-Shift B11R (2+1)
https://www.redbus.in/bus-tickets/ongole-to-hyderabad,Ongole to Hyderabad,Chandu Travels,23:05,06h 15m,05:20,2.9,684,10 Seats available,Non A/C Seater / Sleeper (2+1)
https://www.redbus.in/bus-tickets/ongole-to-hyderabad,Ongole to Hyderabad,Sri Tulasi Tours and Travels,23:22,07h 08m,06:30,2.8,INR 749,28 Seats available,A/C Seater / Sleeper (2+1)
https://www.redbus.in/bus-tickets/ongole-to-hyderabad,Ongole to Hyderabad,Sri Laxmi Sravanthi Siva Tours And Travels,22:52,07h 23m,06:15,2.7,INR 555,39 Seats available,Non A/C Seater / Sleeper (2+1)
https://www.redbus.in/bus-tickets/ongole-to-hyderabad,Ongole to Hyderabad,Kaveri Travels,23:45,07h 20m,07:05,4.1,INR 680,26 Seats available,Non A/C Seater / Sleeper (2+1)
https://www.redbus.in/bus-tickets/ongole-to-hyderabad,Ongole to Hyderabad,Vihari Travels,23:10,07h 40m,06:50,2.8,941,7 Seats available,NON AC Seater / Sleeper 2+1
https://www.redbus.in/bus-tickets/ongole-to-hyderabad,Ongole to Hyderabad,Zingbus Plus,23:40,07h 35m,07:15,2.3,860,23 Seats available,A/C Sleeper (2+1)
https://www.redbus.in/bus-tickets/ongole-to-hyderabad,Ongole to Hyderabad,Chandu Travels,23:20,06h 50m,06:10,2.7,1254,3 Seats available,A/C Sleeper (2+1)
https://www.redbus.in/bus-tickets/ongole-to-hyderabad,Ongole to Hyderabad,SVT Travels,23:10,07h 35m,06:45,2.0,INR 521,34 Seats available,A/C Seater / Sleeper (2+1)
https://www.redbus.in/bus-tickets/ongole-to-hyderabad,Ongole to Hyderabad,KKaveri Travels,23:58,07h 04m,07:02,1.0,INR 1100,25 Seats available,Volvo Multi-Axle A/C Sleeper (2+1)
https://www.redbus.in/bus-tickets/ongole-to-hyderabad,Ongole to Hyderabad,Sri Lakshmi Narasimha Travels (SLNT),23:40,07h 05m,06:45,3.9,INR 790,22 Seats available,A/C Sleeper (2+1)
https://www.redbus.in/bus-tickets/ongole-to-hyderabad,Ongole to Hyderabad,V Kaveri Travels,21:30,08h 10m,05:40,3.5,INR 600,30 Seats available,Non A/C Seater / Sleeper (2+1)
https://www.redbus.in/bus-tickets/ongole-to-hyderabad,Ongole to Hyderabad,Sri Krishna Travels,22:30,07h 30m,06:00,3.4,INR 2000,35 Seats available,Non A/C Seater / Sleeper (2+1)
https://www.redbus.in/bus-tickets/ongole-to-hyderabad,Ongole to Hyderabad,V Kaveri Travels,23:45,07h 05m,06:50,3.8,INR 600,34 Seats available,Non A/C Seater / Sleeper (2+1)
https://www.redbus.in/bus-tickets/ongole-to-hyderabad,Ongole to Hyderabad,Sri Krishna Travels,23:59,06h 56m,06:55,3.5,INR 790,25 Seats available,A/C Seater / Sleeper (2+1)
https://www.redbus.in/bus-tickets/ongole-to-hyderabad,Ongole to Hyderabad,Cherry tours&travels,22:15,06h 50m,05:05,2.6,542,17 Seats available,Non A/C Seater / Sleeper (2+1)
https://www.redbus.in/bus-tickets/ongole-to-hyderabad,Ongole to Hyderabad,Rajeswari Travels,23:50,06h 37m,06:27,3.7,849,14 Seats available,Non A/C Seater / Sleeper (2+1)
https://www.redbus.in/bus-tickets/ongole-to-hyderabad,Ongole to Hyderabad,Lakshmi Travels,22:00,07h 25m,05:25,3.3,449,27 Seats available,Non A/C Seater / Sleeper (2+1)
https://www.redbus.in/bus-tickets/ongole-to-hyderabad,Ongole to Hyderabad,Sri Laxmi Sravanthi Siva Tours And Travels,21:35,08h 10m,05:45,3.2,INR 599,24 Seats available,Non A/C Seater / Sleeper (2+1)
https://www.redbus.in/bus-tickets/ongole-to-hyderabad,Ongole to Hyderabad,Meghana Travels,23:30,07h 05m,06:35,2.8,INR 850,25 Seats available,A/C Sleeper (2+1)
https://www.redbus.in/bus-tickets/ongole-to-hyderabad,Ongole to Hyderabad,Cherry tours&travels,21:30,08h 00m,05:30,3.6,INR 1500,16 Seats available,Non A/C Seater / Sleeper (2+1)
https://www.redbus.in/bus-tickets/ongole-to-hyderabad,Ongole to Hyderabad,Ramu Tours & Travels,23:30,07h 10m,06:40,2.5,INR 540,32 Seats available,A/C Seater / Sleeper (2+1)
https://www.redbus.in/bus-tickets/ongole-to-hyderabad,Ongole to Hyderabad,Sri Laxmi Sravanthi Siva Tours And Travels,21:45,08h 10m,05:55,2.6,INR 575,23 Seats available,Non A/C Seater / Sleeper (2+1)
https://www.redbus.in/bus-tickets/ongole-to-hyderabad,Ongole to Hyderabad,VV Vinayak Travels,22:30,08h 10m,06:40,2.3,INR 515,24 Seats available,Non A/C Seater / Sleeper (2+1)
https://www.redbus.in/bus-tickets/ongole-to-hyderabad,Ongole to Hyderabad,Sri Tulasi Tours and Travels,21:55,07h 20m,05:15,3.0,INR 589,21 Seats available,Non A/C Seater / Sleeper (2+1)
https://www.redbus.in/bus-tickets/ongole-to-hyderabad,Ongole to Hyderabad,Ramu Tours & Travels,23:00,06h 45m,05:45,1.7,INR 540,30 Seats available,A/C Seater / Sleeper (2+1)
https://www.redbus.in/bus-tickets/ongole-to-hyderabad,Ongole to Hyderabad,Cherry tours&travels,22:15,07h 15m,05:30,1.4,INR 570,9 Seats available,Non A/C Seater / Sleeper (2+1)
https://www.redbus.in/bus-tickets/ongole-to-hyderabad,Ongole to Hyderabad,KTC Travels,23:55,06h 00m,05:55,2.2,INR 2000,23 Seats available,A/C Seater / Sleeper (2+1)
https://www.redbus.in/bus-tickets/ongole-to-hyderabad,Ongole to Hyderabad,Sri Laxmi Sravanthi Siva Tours And Travels,22:55,06h 58m,05:53,2.4,INR 599,40 Seats available,Non A/C Seater / Sleeper (2+1)
https://www.redbus.in/bus-tickets/ongole-to-hyderabad,Ongole to Hyderabad,KMBT Travels,22:00,07h 50m,05:50,2.6,463,10 Seats available,Non A/C Seater / Sleeper (2+1)
https://www.redbus.in/bus-tickets/ongole-to-hyderabad,Ongole to Hyderabad,SAI PRASANNA TRAVELS,21:45,08h 21m,06:06,2.1,INR 2222,27 Seats available,Non A/C Seater / Sleeper (2+1)
https://www.redbus.in/bus-tickets/ongole-to-hyderabad,Ongole to Hyderabad,Sri Laxmi Sravanthi Siva Tours And Travels,22:00,07h 45m,05:45,2.9,INR 599,25 Seats available,Non A/C Seater / Sleeper (2+1)
https://www.redbus.in/bus-tickets/ongole-to-hyderabad,Ongole to Hyderabad,Sai Vijetha Travels,22:30,07h 50m,06:20,4.4,3800,52 Seats available,Non A/C Seater / Sleeper (2+1)
https://www.redbus.in/bus-tickets/ongole-to-hyderabad,Ongole to Hyderabad,Harikrishna Travels,23:55,05h 55m,05:50,2.5,1140,31 Seats available,Non A/C Seater / Sleeper (2+1)
https://www.redbus.in/bus-tickets/ongole-to-hyderabad,Ongole to Hyderabad,Padmavathi Travels,23:59,06h 35m,06:34,4.0,INR 700,24 Seats available,NON A/C Sleeper (2+1)
https://www.redbus.in/bus-tickets/ongole-to-hyderabad,Ongole to Hyderabad,Sri Sahasra Tours and Travels,23:50,06h 23m,06:13,3.7,INR 949,28 Seats available,A/C Sleeper (2+1)
https://www.redbus.in/bus-tickets/ongole-to-hyderabad,Ongole to Hyderabad,KMBT Travels,22:00,07h 50m,05:50,3.4,2303,25 Seats available,NON A/C Sleeper (2+1)
https://www.redbus.in/bus-tickets/ongole-to-hyderabad,Ongole to Hyderabad,Vihari Travels,23:10,07h 40m,06:50,3.4,969,12 Seats available,NON A/C Sleeper (2+1)
https://www.redbus.in/bus-tickets/ongole-to-hyderabad,Ongole to Hyderabad,Rajeswari Travels,23:20,06h 37m,05:57,3.3,849,14 Seats available,Non A/C Seater / Sleeper (2+1)
https://www.redbus.in/bus-tickets/ongole-to-hyderabad,Ongole to Hyderabad,Lakshmi Travels,22:00,05h 00m,03:00,3.2,INR 499,28 Seats available,Non A/C Seater / Sleeper (2+1)
https://www.redbus.in/bus-tickets/ongole-to-hyderabad,Ongole to Hyderabad,Cherry tours&travels,22:45,07h 30m,06:15,3.0,637,28 Seats available,Non A/C Seater / Sleeper (2+1)
https://www.redbus.in/bus-tickets/ongole-to-hyderabad,Ongole to Hyderabad,Sri Laxmi Sravanthi Siva Tours And Travels,22:00,07h 59m,05:59,2.9,INR 599,31 Seats available,Non A/C Seater / Sleeper (2+1)
https://www.redbus.in/bus-tickets/ongole-to-hyderabad,Ongole to Hyderabad,SAI PRASANNA TRAVELS,20:15,09h 46m,06:01,2.8,INR 3000,27 Seats available,Non A/C Seater / Sleeper (2+1)
https://www.redbus.in/bus-tickets/ongole-to-hyderabad,Ongole to Hyderabad,Shree Saipooja Travels,23:15,06h 00m,05:15,2.6,INR 3000,42 Seats available,A/C Seater/Sleeper (2+1)
https://www.redbus.in/bus-tickets/ongole-to-hyderabad,Ongole to Hyderabad,Vihari Travels,22:55,07h 40m,06:35,,732,18 Seats available,NON AC Seater / Sleeper 2+1
https://www.redbus.in/bus-tickets/ananthapur-to-bangalore,Anantapur (andhra pradesh) to Bangalore,TGSRTC - 1001,23:35,04h 25m,04:00,3.0,INR 340,17 Seats available,LAHARI A/C SLEEPER CUM SEATER
https://www.redbus.in/bus-tickets/ananthapur-to-bangalore,Anantapur (andhra pradesh) to Bangalore,Royal Rich India - R No 208,20:10,03h 35m,23:45,4.6,1400,17 Seats available,Bharat Benz A/C Sleeper (2+1)
https://www.redbus.in/bus-tickets/ananthapur-to-bangalore,Anantapur (andhra pradesh) to Bangalore,Shyamoli Paribahan Pvt Ltd,23:40,02h 45m,02:25,4.6,900,24 Seats available,Volvo 9600 Multi-Axle A/C Sleeper (2+1)
https://www.redbus.in/bus-tickets/ananthapur-to-bangalore,Anantapur (andhra pradesh) to Bangalore,Kallada Travels (Suresh Kallada),20:25,03h 35m,00:00,4.0,550,32 Seats available,Volvo Multi-Axle I-Shift A/C Semi Sleeper (2+2)
https://www.redbus.in/bus-tickets/ananthapur-to-bangalore,Anantapur (andhra pradesh) to Bangalore,Royal Rich India,18:10,04h 50m,23:00,4.7,1000,20 Seats available,Bharat Benz A/C Sleeper (2+1)
https://www.redbus.in/bus-tickets/ananthapur-to-bangalore,Anantapur (andhra pradesh) to Bangalore,BHAIRAVA TOURS AND TRAVELS,23:59,05h 46m,05:45,3.7,INR 600,28 Seats available,Non A/C Seater / Sleeper (2+1)
https://www.redbus.in/bus-tickets/ananthapur-to-bangalore,Anantapur (andhra pradesh) to Bangalore,YAS Tours and Travels,22:00,01h 59m,23:59,4.2,INR 1200,27 Seats available,Volvo Multi Axle A/C Sleeper I-Shift B11R (2+1)
https://www.redbus.in/bus-tickets/ananthapur-to-bangalore,Anantapur (andhra pradesh) to Bangalore,OVR Travels,23:40,05h 50m,05:30,4.2,INR 650,20 Seats available,Non A/C Seater / Sleeper (2+1)
https://www.redbus.in/bus-tickets/ananthapur-to-bangalore,Anantapur (andhra pradesh) to Bangalore,OVR Travels,23:40,05h 50m,05:30,3.1,INR 850,15 Seats available,NON A/C Sleeper (2+1)
https://www.redbus.in/bus-tickets/ananthapur-to-bangalore,Anantapur (andhra pradesh) to Bangalore,VEERA & SRI KALESWARI TRAVELS,23:45,06h 25m,06:10,4.9,INR 600,24 Seats available,Non A/C Seater / Sleeper (2+1)
https://www.redbus.in/bus-tickets/ananthapur-to-bangalore,Anantapur (andhra pradesh) to Bangalore,YAS Tours and Travels,23:55,03h 50m,03:45,4.1,INR 1200,24 Seats available,Volvo Multi Axle A/C Sleeper I-Shift B11R (2+1)
https://www.redbus.in/bus-tickets/ananthapur-to-bangalore,Anantapur (andhra pradesh) to Bangalore,Delta Transports Pvt Ltd,00:20,03h 00m,03:20,4.5,1800,21 Seats available,Volvo 9600 Multi-Axle A/C Sleeper (2+1)
https://www.redbus.in/bus-tickets/ananthapur-to-bangalore,Anantapur (andhra pradesh) to Bangalore,Kallada Travels (Suresh Kallada),20:05,03h 45m,23:50,4.1,INR 850,27 Seats available,A/C Sleeper (2+1)
https://www.redbus.in/bus-tickets/ananthapur-to-bangalore,Anantapur (andhra pradesh) to Bangalore,Northern Travels,18:30,03h 00m,21:30,2.0,INR 490,9 Seats available,Bharat Benz A/C Seater /Sleeper (2+1)
https://www.redbus.in/bus-tickets/ananthapur-to-bangalore,Anantapur (andhra pradesh) to Bangalore,YAS Tours and Travels,20:15,03h 40m,23:55,3.0,INR 1200,28 Seats available,Volvo Multi Axle A/C Sleeper I-Shift B11R (2+1)
https://www.redbus.in/bus-tickets/ananthapur-to-bangalore,Anantapur (andhra pradesh) to Bangalore,Dream Line Travels Pvt Ltd,04:20,05h 25m,09:45,2.9,INR 765,19 Seats available,VE A/C Sleeper (2+1)
https://www.redbus.in/bus-tickets/ananthapur-to-bangalore,Anantapur (andhra pradesh) to Bangalore,Kallada Travels (Suresh Kallada),22:55,03h 30m,02:25,1.0,INR 900,31 Seats available,A/C Sleeper (2+1)
https://www.redbus.in/bus-tickets/ananthapur-to-bangalore,Anantapur (andhra pradesh) to Bangalore,Kallada Travels (Suresh Kallada),23:00,03h 25m,02:25,2.2,INR 900,22 Seats available,A/C Sleeper (2+1)
https://www.redbus.in/bus-tickets/ananthapur-to-bangalore,Anantapur (andhra pradesh) to Bangalore,KSM Roadways,15:30,03h 35m,19:05,4.8,INR 1599,29 Seats available,A/C Volvo B11R Multi-Axle Sleeper (2+1)
https://www.redbus.in/bus-tickets/ananthapur-to-bangalore,Anantapur (andhra pradesh) to Bangalore,Sri Vengamamba Bus Transport (SVBT),23:59,04h 31m,04:30,4.4,INR 550,15 Seats available,A/C Seater / Sleeper (2+1)
https://www.redbus.in/bus-tickets/ananthapur-to-bangalore,Anantapur (andhra pradesh) to Bangalore,GreenLine Travels And Holidays,01:00,05h 10m,06:10,4.1,INR 999,29 Seats available,NON A/C Sleeper (2+1)
https://www.redbus.in/bus-tickets/ananthapur-to-bangalore,Anantapur (andhra pradesh) to Bangalore,Skyline Transport,23:15,05h 15m,04:30,4.1,INR 3999,45 Seats available,Non A/C Seater / Sleeper (2+1)
https://www.redbus.in/bus-tickets/ananthapur-to-bangalore,Anantapur (andhra pradesh) to Bangalore,GreenLine Travels And Holidays,01:50,03h 55m,05:45,4.1,INR 999,29 Seats available,NON A/C Sleeper (2+1)
https://www.redbus.in/bus-tickets/ananthapur-to-bangalore,Anantapur (andhra pradesh) to Bangalore,GreenLine Travels And Holidays,01:45,04h 45m,06:30,4.1,INR 999,26 Seats available,NON A/C Sleeper (2+1)
https://www.redbus.in/bus-tickets/ananthapur-to-bangalore,Anantapur (andhra pradesh) to Bangalore,GreenLine Travels And Holidays,01:30,04h 00m,05:30,4.1,INR 999,13 Seats available,NON A/C Sleeper (2+1)
https://www.redbus.in/bus-tickets/ananthapur-to-bangalore,Anantapur (andhra pradesh) to Bangalore,GreenLine Travels And Holidays,01:15,03h 50m,05:05,4.1,INR 1110,17 Seats available,A/C Sleeper (2+1)
https://www.redbus.in/bus-tickets/ananthapur-to-bangalore,Anantapur (andhra pradesh) to Bangalore,BigBus,21:10,03h 35m,00:45,3.9,INR 1400,17 Seats available,Volvo 9600 Multi-Axle A/C Sleeper (2+1)
https://www.redbus.in/bus-tickets/ananthapur-to-bangalore,Anantapur (andhra pradesh) to Bangalore,BigBus,21:30,03h 00m,00:30,3.9,INR 1300,12 Seats available,Volvo 9600 Multi-Axle A/C Sleeper (2+1)
https://www.redbus.in/bus-tickets/ananthapur-to-bangalore,Anantapur (andhra pradesh) to Bangalore,Kallada Travels (Suresh Kallada),22:50,04h 10m,03:00,3.5,INR 550,48 Seats available,Scania Multi-Axle AC Semi Sleeper (2+2)
https://www.redbus.in/bus-tickets/ananthapur-to-bangalore,Anantapur (andhra pradesh) to Bangalore,Orange Tours and Travels,21:45,03h 30m,01:15,3.5,INR 800,20 Seats available,Scania AC Multi Axle Sleeper (2+1)
https://www.redbus.in/bus-tickets/ananthapur-to-bangalore,Anantapur (andhra pradesh) to Bangalore,Orange Tours and Travels,23:00,03h 30m,02:30,3.5,INR 900,26 Seats available,Volvo Multi-Axle Sleeper A/C (2+1)
https://www.redbus.in/bus-tickets/ananthapur-to-bangalore,Anantapur (andhra pradesh) to Bangalore,Orange Tours and Travels,23:30,03h 00m,02:30,3.5,INR 1600,4 Seats available,Bharat Benz A/C Sleeper (2+1)
https://www.redbus.in/bus-tickets/ananthapur-to-bangalore,Anantapur (andhra pradesh) to Bangalore,Kallada Travels (Suresh Kallada),23:55,03h 05m,03:00,3.5,INR 1200,24 Seats available,A/C Sleeper (2+1)
https://www.redbus.in/bus-tickets/ananthapur-to-bangalore,Anantapur (andhra pradesh) to Bangalore,Kallada Travels (Suresh Kallada),21:25,03h 55m,01:20,3.5,900,24 Seats available,Scania AC Multi Axle Sleeper (2+1)
https://www.redbus.in/bus-tickets/ananthapur-to-bangalore,Anantapur (andhra pradesh) to Bangalore,YAS Tours and Travels,22:05,03h 25m,01:30,3.6,700,38 Seats available,Volvo A/C B11R Multi Axle Semi Sleeper (2+2)
https://www.redbus.in/bus-tickets/ananthapur-to-bangalore,Anantapur (andhra pradesh) to Bangalore,YAS Tours and Travels,20:20,03h 25m,23:45,4.5,700,31 Seats available,Volvo A/C Semi Sleeper (2+2)
https://www.redbus.in/bus-tickets/ananthapur-to-bangalore,Anantapur (andhra pradesh) to Bangalore,PSK Travels,23:40,04h 05m,03:45,3.4,INR 1490,12 Seats available,Bharat Benz A/C Sleeper (2+1)
https://www.redbus.in/bus-tickets/ananthapur-to-bangalore,Anantapur (andhra pradesh) to Bangalore,PSK Travels,20:45,03h 40m,00:25,3.4,INR 1090,28 Seats available,Volvo Multi Axle A/C Sleeper I-Shift B11R (2+1)
https://www.redbus.in/bus-tickets/ananthapur-to-bangalore,Anantapur (andhra pradesh) to Bangalore,PSK Travels,00:20,03h 20m,03:40,3.4,INR 1490,29 Seats available,Volvo Multi Axle A/C Sleeper I-Shift B11R (2+1)
https://www.redbus.in/bus-tickets/ananthapur-to-bangalore,Anantapur (andhra pradesh) to Bangalore,SRI GURU SAI TRAVELS,23:15,04h 00m,03:15,2.1,INR 1499,27 Seats available,A/C Sleeper (2+1)
https://www.redbus.in/bus-tickets/bangalore-to-kadapa,Bangalore to Kadapa,Jathin travels,18:20,07h 40m,02:00,4.1,INR 650,26 Seats available,A/C Seater / Sleeper (2+1)
https://www.redbus.in/bus-tickets/bangalore-to-kadapa,Bangalore to Kadapa,Shiva Parvathi Tours And Travels,19:00,07h 30m,02:30,4.4,INR 500,26 Seats available,A/C Seater / Sleeper (2+1)
https://www.redbus.in/bus-tickets/bangalore-to-kadapa,Bangalore to Kadapa,BHAIRAVA TOURS AND TRAVELS,19:15,07h 45m,03:00,3.8,INR 499,22 Seats available,Non A/C Seater / Sleeper (2+1)
https://www.redbus.in/bus-tickets/bangalore-to-kadapa,Bangalore to Kadapa,AdAR & BCVR Travels,20:30,07h 30m,04:00,3.7,INR 500,41 Seats available,Non A/C Seater / Sleeper (2+1)
https://www.redbus.in/bus-tickets/bangalore-to-kadapa,Bangalore to Kadapa,Royal Voyage Travels (RVT),19:20,08h 05m,03:25,3.6,INR 600,24 Seats available,A/C Seater / Sleeper (2+1)
https://www.redbus.in/bus-tickets/bangalore-to-kadapa,Bangalore to Kadapa,Giridhar Tours and Travels,19:24,07h 51m,03:15,4.7,INR 700,26 Seats available,A/C Seater/Sleeper (2+1)
https://www.redbus.in/bus-tickets/bangalore-to-kadapa,Bangalore to Kadapa,Giridhar Tours and Travels,19:30,07h 40m,03:10,4.7,INR 600,8 Seats available,Non A/C Seater / Sleeper (2+1)
https://www.redbus.in/bus-tickets/bangalore-to-kadapa,Bangalore to Kadapa,AdAR & BCVR Travels,21:30,06h 30m,04:00,4.2,INR 500,29 Seats available,Non A/C Seater / Sleeper (2+1)
https://www.redbus.in/bus-tickets/bangalore-to-kadapa,Bangalore to Kadapa,Amara Tours And Travels,19:30,07h 30m,03:00,4.6,INR 749,19 Seats available,A/C Seater / Sleeper (2+1)
https://www.redbus.in/bus-tickets/bangalore-to-kadapa,Bangalore to Kadapa,SLVT Travels,19:40,06h 50m,02:30,3.4,INR 499,26 Seats available,Non A/C Seater / Sleeper (2+1)
https://www.redbus.in/bus-tickets/bangalore-to-kadapa,Bangalore to Kadapa,Sri Vinayaka Travels,19:45,09h 00m,04:45,4.1,INR 599,9 Seats available,NON A/C Sleeper (2+1)
https://www.redbus.in/bus-tickets/bangalore-to-kadapa,Bangalore to Kadapa,CGR Travels,19:55,08h 30m,04:25,4.1,INR 550,6 Seats available,Non A/C Seater / Sleeper (2+1)
https://www.redbus.in/bus-tickets/bangalore-to-kadapa,Bangalore to Kadapa,Sri Vengamamba Bus Transport (SVBT),20:00,06h 10m,02:10,4.8,INR 600,20 Seats available,Non A/C Seater / Sleeper (2+1)
https://www.redbus.in/bus-tickets/bangalore-to-kadapa,Bangalore to Kadapa,VEERA & SRI KALESWARI TRAVELS,20:00,08h 10m,04:10,3.3,INR 500,2 Seats available,Non A/C Seater / Sleeper (2+1)
https://www.redbus.in/bus-tickets/bangalore-to-kadapa,Bangalore to Kadapa,V Kaveri Travels,20:00,06h 00m,02:00,3.4,INR 700,24 Seats available,Non A/C Seater / Sleeper (2+1)
https://www.redbus.in/bus-tickets/bangalore-to-kadapa,Bangalore to Kadapa,SLNS Travels,20:00,07h 30m,03:30,4.1,INR 1000,11 Seats available,A/C Sleeper (2+1)
https://www.redbus.in/bus-tickets/bangalore-to-kadapa,Bangalore to Kadapa,Sri Vinayaka Travels,20:10,07h 50m,04:00,4.2,INR 750,12 Seats available,A/C Sleeper (2+1)
https://www.redbus.in/bus-tickets/bangalore-to-kadapa,Bangalore to Kadapa,CGR Travels,20:10,09h 35m,05:45,3.9,INR 400,26 Seats available,NON A/C Semi Sleeper / Sleeper (2+1)
https://www.redbus.in/bus-tickets/bangalore-to-kadapa,Bangalore to Kadapa,CGR Travels,20:15,08h 30m,04:45,4.1,INR 400,35 Seats available,Non A/C Seater / Sleeper (2+1)
https://www.redbus.in/bus-tickets/bangalore-to-kadapa,Bangalore to Kadapa,Maheswari Travels,20:15,07h 45m,04:00,4.1,INR 499,20 Seats available,Non A/C Seater / Sleeper (2+1)
https://www.redbus.in/bus-tickets/bangalore-to-kadapa,Bangalore to Kadapa,SUVARNAMUKHI TRAVELS,20:15,08h 00m,04:15,3.9,INR 800,16 Seats available,A/C Sleeper (2+1)
https://www.redbus.in/bus-tickets/bangalore-to-kadapa,Bangalore to Kadapa,Sri Vengamamba Bus Transport (SVBT),20:30,06h 00m,02:30,3.6,INR 800,15 Seats available,A/C Sleeper (2+1)
https://www.redbus.in/bus-tickets/bangalore-to-kadapa,Bangalore to Kadapa,PRL BUS,20:30,07h 30m,04:00,4.1,INR 699,31 Seats available,A/C Seater / Sleeper (2+1)
https://www.redbus.in/bus-tickets/bangalore-to-kadapa,Bangalore to Kadapa,Sri Vengamamba Bus Transport (SVBT),20:30,06h 00m,02:30,4.9,INR 828,17 Seats available,A/C Seater / Sleeper (2+1)
https://www.redbus.in/bus-tickets/bangalore-to-kadapa,Bangalore to Kadapa,Bharath Travels,20:30,08h 00m,04:30,3.0,INR 590,17 Seats available,Non A/C Seater / Sleeper (2+1)
https://www.redbus.in/bus-tickets/bangalore-to-kadapa,Bangalore to Kadapa,Maheswari Travels,20:30,08h 05m,04:35,3.8,INR 399,31 Seats available,Non A/C Seater / Sleeper (2+1)
https://www.redbus.in/bus-tickets/bangalore-to-kadapa,Bangalore to Kadapa,Sri Shrinivasa Bus Transport (SSBT),20:30,06h 00m,02:30,4.6,INR 660,28 Seats available,Non A/C Seater / Sleeper (2+1)
https://www.redbus.in/bus-tickets/bangalore-to-kadapa,Bangalore to Kadapa,Indu Travels,20:35,07h 50m,04:25,3.4,INR 450,32 Seats available,Non A/C Seater / Sleeper (2+1)
https://www.redbus.in/bus-tickets/bangalore-to-kadapa,Bangalore to Kadapa,Maheswari Travels,20:35,07h 55m,04:30,4.0,INR 499,18 Seats available,Non A/C Seater / Sleeper (2+1)
https://www.redbus.in/bus-tickets/bangalore-to-kadapa,Bangalore to Kadapa,HARITHA TRAVELS,20:40,07h 50m,04:30,3.6,INR 598,20 Seats available,A/C Seater / Sleeper (2+1)
https://www.redbus.in/bus-tickets/bangalore-to-kadapa,Bangalore to Kadapa,HARITHA TRAVELS,20:40,07h 20m,04:00,4.1,INR 398,32 Seats available,Non A/C Seater / Sleeper (2+1)
https://www.redbus.in/bus-tickets/bangalore-to-kadapa,Bangalore to Kadapa,Sri Vengamamba Bus Transport (SVBT),20:45,06h 00m,02:45,4.7,INR 600,23 Seats available,Non A/C Seater / Sleeper (2+1)
https://www.redbus.in/bus-tickets/bangalore-to-kadapa,Bangalore to Kadapa,Indu Travels,20:50,06h 50m,03:40,3.6,INR 399,20 Seats available,Non A/C Seater / Sleeper (2+1)
https://www.redbus.in/bus-tickets/bangalore-to-kadapa,Bangalore to Kadapa,PRL BUS,21:00,07h 15m,04:15,4.2,INR 600,24 Seats available,Non A/C Seater / Sleeper (2+1)
https://www.redbus.in/bus-tickets/bangalore-to-kadapa,Bangalore to Kadapa,Indu Travels,21:00,07h 15m,04:15,3.6,INR 700,18 Seats available,A/C Sleeper (2+1)
https://www.redbus.in/bus-tickets/bangalore-to-kadapa,Bangalore to Kadapa,AR & BCVR Travels,21:00,07h 00m,04:00,4.1,INR 500,27 Seats available,Non A/C Seater / Sleeper (2+1)
https://www.redbus.in/bus-tickets/bangalore-to-kadapa,Bangalore to Kadapa,Sri Shrinivasa Bus Transport (SSBT),21:00,06h 00m,03:00,4.0,INR 660,29 Seats available,Non A/C Seater / Sleeper (2+1)
https://www.redbus.in/bus-tickets/bangalore-to-kadapa,Bangalore to Kadapa,RK Travels,21:10,07h 20m,04:30,4.2,INR 500,26 Seats available,Non A/C Seater / Sleeper (2+1)
https://www.redbus.in/bus-tickets/bangalore-to-kadapa,Bangalore to Kadapa,SREE RUDRA TRAVELS,21:15,06h 00m,03:15,4.7,INR 450,34 Seats available,Non A/C Seater / Sleeper (2+1)
https://www.redbus.in/bus-tickets/bangalore-to-kadapa,Bangalore to Kadapa,INDHU BUS,21:40,07h 00m,04:40,3.9,INR 450,30 Seats available,Non A/C Seater / Sleeper (2+1)
https://www.redbus.in/bus-tickets/bangalore-to-kadapa,Bangalore to Kadapa,Sri Vengamamba Bus Transport (SVBT),21:45,06h 10m,03:55,4.1,INR 600,14 Seats available,Non A/C Seater / Sleeper (2+1)
https://www.redbus.in/bus-tickets/bangalore-to-kadapa,Bangalore to Kadapa,S R Travels,19:15,08h 00m,03:15,2.7,INR 690,6 Seats available,Non A/C Seater / Sleeper (2+1)
https://www.redbus.in/bus-tickets/bangalore-to-kadapa,Bangalore to Kadapa,AR & BCVR Travels,20:15,08h 20m,04:35,2.9,INR 500,36 Seats available,Non A/C Seater / Sleeper (2+1)
https://www.redbus.in/bus-tickets/bangalore-to-kadapa,Bangalore to Kadapa,SEVEN HILLS TRAVELS,21:00,07h 10m,04:10,2.9,INR 500,30 Seats available,Non A/C Seater / Sleeper (2+1)
https://www.redbus.in/bus-tickets/bangalore-to-kadapa,Bangalore to Kadapa,Indu Travels,21:15,06h 15m,03:30,2.0,INR 449,32 Seats available,Non A/C Seater / Sleeper (2+1)
https://www.redbus.in/bus-tickets/bangalore-to-kadapa,Bangalore to Kadapa,Sri Shrinivasa Bus Transport (SSBT),22:30,06h 00m,04:30,1.9,INR 660,24 Seats available,NON A/C Semi Sleeper / Sleeper (2+1)
https://www.redbus.in/bus-tickets/bangalore-to-kadapa,Bangalore to Kadapa,Sri Vengamamba Bus Transport (SVBT),21:00,06h 00m,03:00,4.0,INR 1292,12 Seats available,A/C Sleeper (2+1)
https://www.redbus.in/bus-tickets/bangalore-to-kadapa,Bangalore to Kadapa,BABA TRAVELS,21:15,07h 15m,04:30,3.8,INR 2000,36 Seats available,Non A/C Seater / Sleeper (2+1)
https://www.redbus.in/bus-tickets/bangalore-to-kadapa,Bangalore to Kadapa,V Kaveri Travels,21:00,06h 00m,03:00,2.1,INR 1290,19 Seats available,A/C Sleeper (2+1)
https://www.redbus.in/bus-tickets/chittoor-andhra-pradesh-to-bangalore,Chittoor (Andhra Pradesh) to Bangalore,Venson Transports,11:10,04h 50m,16:00,3.3,INR 275,58 Seats available,Non AC Seater (2+3)
https://www.redbus.in/bus-tickets/chittoor-andhra-pradesh-to-bangalore,Chittoor (Andhra Pradesh) to Bangalore,NueGo,12:20,05h 25m,17:45,4.1,332,15 Seats available,Electric A/C Seater (2+2)
https://www.redbus.in/bus-tickets/chittoor-andhra-pradesh-to-bangalore,Chittoor (Andhra Pradesh) to Bangalore,NueGo,13:20,06h 00m,19:20,4.5,332,23 Seats available,Electric A/C Seater (2+2)
https://www.redbus.in/bus-tickets/chittoor-andhra-pradesh-to-bangalore,Chittoor (Andhra Pradesh) to Bangalore,FRESHBUS,13:40,03h 55m,17:35,4.9,323,22 Seats available,Electric A/C Seater (2+2)
https://www.redbus.in/bus-tickets/chittoor-andhra-pradesh-to-bangalore,Chittoor (Andhra Pradesh) to Bangalore,Navayuga Travels,14:05,05h 25m,19:30,3.6,INR 249,26 Seats available,A/C Seater / Sleeper (2+1)
https://www.redbus.in/bus-tickets/chittoor-andhra-pradesh-to-bangalore,Chittoor (Andhra Pradesh) to Bangalore,Yolo Bus,14:36,04h 37m,19:13,3.3,INR 349,27 Seats available,Bharat Benz A/C Seater /Sleeper (2+1)
https://www.redbus.in/bus-tickets/chittoor-andhra-pradesh-to-bangalore,Chittoor (Andhra Pradesh) to Bangalore,FRESHBUS,15:40,04h 15m,19:55,4.4,341,25 Seats available,Electric A/C Seater (2+2)
https://www.redbus.in/bus-tickets/chittoor-andhra-pradesh-to-bangalore,Chittoor (Andhra Pradesh) to Bangalore,Yolo Bus,15:37,04h 37m,20:14,3.6,INR 300,17 Seats available,Bharat Benz A/C Seater /Sleeper (2+1)
https://www.redbus.in/bus-tickets/chittoor-andhra-pradesh-to-bangalore,Chittoor (Andhra Pradesh) to Bangalore,NueGo,16:50,06h 00m,22:50,3.7,332,29 Seats available,Electric A/C Seater (2+2)
https://www.redbus.in/bus-tickets/chittoor-andhra-pradesh-to-bangalore,Chittoor (Andhra Pradesh) to Bangalore,FRESHBUS,17:40,03h 40m,21:20,4.6,422,19 Seats available,Electric A/C Seater (2+2)
https://www.redbus.in/bus-tickets/chittoor-andhra-pradesh-to-bangalore,Chittoor (Andhra Pradesh) to Bangalore,Bharathi Travels,19:00,03h 45m,22:45,3.8,INR 550,26 Seats available,A/C Sleeper (2+1)
https://www.redbus.in/bus-tickets/chittoor-andhra-pradesh-to-bangalore,Chittoor (Andhra Pradesh) to Bangalore,NueGo,19:20,28h 25m,23:45,4.5,332,39 Seats available,Electric A/C Seater (2+2)
https://www.redbus.in/bus-tickets/chittoor-andhra-pradesh-to-bangalore,Chittoor (Andhra Pradesh) to Bangalore,NueGo,20:50,05h 25m,02:15,3.7,332,40 Seats available,Electric A/C Seater (2+2)
https://www.redbus.in/bus-tickets/chittoor-andhra-pradesh-to-bangalore,Chittoor (Andhra Pradesh) to Bangalore,NueGo,23:20,05h 25m,04:45,4.4,332,32 Seats available,Electric A/C Seater (2+2)
https://www.redbus.in/bus-tickets/chittoor-andhra-pradesh-to-bangalore,Chittoor (Andhra Pradesh) to Bangalore,Yolo Bus,23:21,04h 37m,03:58,3.4,INR 350,35 Seats available,Bharat Benz A/C Seater /Sleeper (2+1)
https://www.redbus.in/bus-tickets/chittoor-andhra-pradesh-to-bangalore,Chittoor (Andhra Pradesh) to Bangalore,FRESHBUS,23:40,04h 00m,03:40,4.8,440,35 Seats available,Electric A/C Seater (2+2)
https://www.redbus.in/bus-tickets/chittoor-andhra-pradesh-to-bangalore,Chittoor (Andhra Pradesh) to Bangalore,FRESHBUS,00:25,03h 55m,04:20,4.4,485,31 Seats available,Electric A/C Seater (2+2)
https://www.redbus.in/bus-tickets/chittoor-andhra-pradesh-to-bangalore,Chittoor (Andhra Pradesh) to Bangalore,RK Travels,00:40,05h 05m,05:45,3.8,INR 499,17 Seats available,Non A/C Seater / Sleeper (2+1)
https://www.redbus.in/bus-tickets/chittoor-andhra-pradesh-to-bangalore,Chittoor (Andhra Pradesh) to Bangalore,FRESHBUS,01:15,04h 05m,05:20,4.6,458,34 Seats available,Electric A/C Seater (2+2)
https://www.redbus.in/bus-tickets/chittoor-andhra-pradesh-to-bangalore,Chittoor (Andhra Pradesh) to Bangalore,Yolo Bus,13:06,04h 37m,17:43,2.0,INR 350,15 Seats available,Bharat Benz A/C Seater /Sleeper (2+1)
https://www.redbus.in/bus-tickets/chittoor-andhra-pradesh-to-bangalore,Chittoor (Andhra Pradesh) to Bangalore,Venson Transports,14:10,05h 05m,19:15,2.2,INR 275,58 Seats available,Non AC Seater (2+3)
https://www.redbus.in/bus-tickets/chittoor-andhra-pradesh-to-bangalore,Chittoor (Andhra Pradesh) to Bangalore,Yolo Bus,20:21,04h 37m,00:58,2.5,INR 340,31 Seats available,Bharat Benz A/C Seater /Sleeper (2+1)
https://www.redbus.in/bus-tickets/chittoor-andhra-pradesh-to-bangalore,Chittoor (Andhra Pradesh) to Bangalore,Dhriti Travels,21:15,02h 40m,23:55,3.4,INR 900,21 Seats available,VE A/C Sleeper (2+1)
https://www.redbus.in/bus-tickets/chittoor-andhra-pradesh-to-bangalore,Chittoor (Andhra Pradesh) to Bangalore,Sai Sindhu Travels,00:59,04h 01m,05:00,3.5,INR 690,18 Seats available,NON A/C Sleeper (2+1)
https://www.redbus.in/bus-tickets/chittoor-andhra-pradesh-to-bangalore,Chittoor (Andhra Pradesh) to Bangalore,Sri Durga Malleswari Travels,02:45,05h 45m,08:30,4.1,4050,32 Seats available,A/C Sleeper (2+1)
https://www.redbus.in/bus-tickets/bangalore-to-ananthapur,Bangalore to Anantapur (andhra pradesh),IntrCity SmartBus,19:00,04h 00m,23:00,4.5,INR 399,26 Seats available,A/C Seater / Sleeper (2+1)
https://www.redbus.in/bus-tickets/bangalore-to-ananthapur,Bangalore to Anantapur (andhra pradesh),Zingbus Plus,20:00,03h 55m,23:55,4.2,836,24 Seats available,A/C Sleeper (2+1)
https://www.redbus.in/bus-tickets/bangalore-to-ananthapur,Bangalore to Anantapur (andhra pradesh),IntrCity SmartBus,21:45,03h 45m,01:30,4.1,INR 529,33 Seats available,A/C Seater / Sleeper (2+1)
https://www.redbus.in/bus-tickets/bangalore-to-ananthapur,Bangalore to Anantapur (andhra pradesh),IntrCity SmartBus,20:55,03h 50m,00:45,3.9,INR 769,12 Seats available,AC Sleeper (2+1)
https://www.redbus.in/bus-tickets/bangalore-to-ananthapur,Bangalore to Anantapur (andhra pradesh),Royal Rich India - R No 102,23:35,03h 35m,03:10,4.7,1000,28 Seats available,Bharat Benz A/C Sleeper (2+1)
https://www.redbus.in/bus-tickets/bangalore-to-ananthapur,Bangalore to Anantapur (andhra pradesh),BHAIRAVA TOURS AND TRAVELS,20:45,05h 45m,02:30,4.3,INR 600,28 Seats available,Non A/C Seater / Sleeper (2+1)
https://www.redbus.in/bus-tickets/bangalore-to-ananthapur,Bangalore to Anantapur (andhra pradesh),IntrCity SmartBus,20:00,04h 10m,00:10,4.5,INR 769,21 Seats available,Bharat Benz A/C Sleeper (2+1)
https://www.redbus.in/bus-tickets/bangalore-to-ananthapur,Bangalore to Anantapur (andhra pradesh),Zingbus Plus,21:35,03h 40m,01:15,5.0,759,26 Seats available,Scania AC Multi Axle Sleeper (2+1)
https://www.redbus.in/bus-tickets/bangalore-to-ananthapur,Bangalore to Anantapur (andhra pradesh),Go Tour Travels and Holidays,22:30,03h 30m,02:00,4.8,849,16 Seats available,A/C Sleeper (2+1)
https://www.redbus.in/bus-tickets/bangalore-to-ananthapur,Bangalore to Anantapur (andhra pradesh),YAS Tours and Travels,00:20,03h 40m,04:00,3.9,900,41 Seats available,Volvo A/C B11R Multi Axle Semi Sleeper (2+2)
https://www.redbus.in/bus-tickets/bangalore-to-ananthapur,Bangalore to Anantapur (andhra pradesh),Sugama Tourist,22:45,04h 15m,03:00,3.8,INR 800,14 Seats available,NON A/C Sleeper (2+1)
https://www.redbus.in/bus-tickets/bangalore-to-ananthapur,Bangalore to Anantapur (andhra pradesh),IntrCity SmartBus,21:20,03h 50m,01:10,4.1,INR 529,26 Seats available,VE A/C Seater / Sleeper (2+1)
https://www.redbus.in/bus-tickets/bangalore-to-ananthapur,Bangalore to Anantapur (andhra pradesh),BRS Travels,21:00,05h 00m,02:00,3.2,INR 800,23 Seats available,A/C Sleeper (2+1)
https://www.redbus.in/bus-tickets/bangalore-to-ananthapur,Bangalore to Anantapur (andhra pradesh),Jabbar Travels,22:30,04h 00m,02:30,4.6,INR 664,23 Seats available,NON A/C Semi Sleeper / Sleeper (2+1)
https://www.redbus.in/bus-tickets/bangalore-to-ananthapur,Bangalore to Anantapur (andhra pradesh),Sugama Tourist,22:30,04h 00m,02:30,4.4,INR 650,19 Seats available,Non A/C Seater / Sleeper (2+1)
https://www.redbus.in/bus-tickets/bangalore-to-ananthapur,Bangalore to Anantapur (andhra pradesh),OVR Travels,20:00,07h 00m,03:00,4.2,INR 650,46 Seats available,Non A/C Seater / Sleeper (2+1)
https://www.redbus.in/bus-tickets/bangalore-to-ananthapur,Bangalore to Anantapur (andhra pradesh),Nagashree Travels,23:00,04h 45m,03:45,3.7,INR 800,24 Seats available,NON A/C Sleeper (2+1)
https://www.redbus.in/bus-tickets/bangalore-to-ananthapur,Bangalore to Anantapur (andhra pradesh),Sri Durgamba Travels - R No 15,22:30,04h 30m,03:00,3.5,INR 650,32 Seats available,Non A/C Seater / Sleeper (2+1)
https://www.redbus.in/bus-tickets/bangalore-to-ananthapur,Bangalore to Anantapur (andhra pradesh),YAS Tours and Travels,00:40,03h 50m,04:30,3.9,INR 1500,7 Seats available,Volvo Multi Axle A/C Sleeper I-Shift B11R (2+1)
https://www.redbus.in/bus-tickets/bangalore-to-ananthapur,Bangalore to Anantapur (andhra pradesh),Sri Vinayaka Travels,20:00,04h 45m,00:45,4.3,INR 560,27 Seats available,NON A/C Seater/ Sleeper (2+1)
https://www.redbus.in/bus-tickets/bangalore-to-ananthapur,Bangalore to Anantapur (andhra pradesh),GreenLine Travels And Holidays,21:30,05h 30m,03:00,4.0,INR 999,26 Seats available,VE A/C Sleeper (2+1)
https://www.redbus.in/bus-tickets/bangalore-to-ananthapur,Bangalore to Anantapur (andhra pradesh),IntrCity SmartBus,22:55,03h 45m,02:40,3.2,INR 1799,1 Seat available,AC Sleeper (2+1)
https://www.redbus.in/bus-tickets/bangalore-to-ananthapur,Bangalore to Anantapur (andhra pradesh),Yolo Bus,21:04,02h 38m,23:42,3.4,INR 800,25 Seats available,Bharat Benz A/C Sleeper (2+1)
https://www.redbus.in/bus-tickets/bangalore-to-ananthapur,Bangalore to Anantapur (andhra pradesh),Kallada Travels (Suresh Kallada),00:45,03h 15m,04:00,2.0,700,38 Seats available,Volvo Multi-Axle I-Shift A/C Semi Sleeper (2+2)
https://www.redbus.in/bus-tickets/bangalore-to-ananthapur,Bangalore to Anantapur (andhra pradesh),S.L Travels,18:50,04h 45m,23:35,2.8,INR 712,26 Seats available,NON A/C Sleeper (2+1)
https://www.redbus.in/bus-tickets/bangalore-to-ananthapur,Bangalore to Anantapur (andhra pradesh),Tranzindia Travels,21:30,04h 30m,02:00,1.7,INR 575,24 Seats available,Non A/C Seater / Sleeper (2+1)
https://www.redbus.in/bus-tickets/bangalore-to-ananthapur,Bangalore to Anantapur (andhra pradesh),Shyamoli Paribahan Pvt Ltd,22:30,04h 15m,02:45,2.8,INR 800,32 Seats available,Volvo 9600 Multi-Axle A/C Sleeper (2+1)
https://www.redbus.in/bus-tickets/bangalore-to-ananthapur,Bangalore to Anantapur (andhra pradesh),Dhanunjaya Travels,23:59,03h 31m,03:30,1.6,INR 499,26 Seats available,A/C Seater / Sleeper (2+1)
https://www.redbus.in/bus-tickets/bangalore-to-ananthapur,Bangalore to Anantapur (andhra pradesh),Streamline tours and travels,23:15,05h 30m,04:45,2.4,INR 899,22 Seats available,Bharat Benz A/C Sleeper (2+1)
https://www.redbus.in/bus-tickets/bangalore-to-ananthapur,Bangalore to Anantapur (andhra pradesh),Kallada Travels (Suresh Kallada),23:30,03h 25m,02:55,2.4,INR 1000,28 Seats available,A/C Sleeper (2+1)
https://www.redbus.in/bus-tickets/bangalore-to-ananthapur,Bangalore to Anantapur (andhra pradesh),OVR Travels,20:40,06h 20m,03:00,2.6,INR 850,24 Seats available,NON A/C Sleeper (2+1)
https://www.redbus.in/bus-tickets/bangalore-to-ananthapur,Bangalore to Anantapur (andhra pradesh),IntrCity SmartBus,20:25,04h 00m,00:25,1.9,INR 599,33 Seats available,A/C Seater / Sleeper (2+1)
https://www.redbus.in/bus-tickets/bangalore-to-ananthapur,Bangalore to Anantapur (andhra pradesh),KSM Roadways,22:45,02h 55m,01:40,4.8,INR 1599,30 Seats available,A/C Volvo B11R Multi-Axle Sleeper (2+1)
https://www.redbus.in/bus-tickets/bangalore-to-ananthapur,Bangalore to Anantapur (andhra pradesh),KSM Roadways,22:00,03h 10m,01:10,4.8,INR 1599,30 Seats available,A/C Volvo B11R Multi-Axle Sleeper (2+1)
https://www.redbus.in/bus-tickets/bangalore-to-ananthapur,Bangalore to Anantapur (andhra pradesh),TVK TRAVELS,22:00,03h 15m,01:15,4.7,INR 1199,16 Seats available,Bharat Benz A/C Sleeper (2+1)
https://www.redbus.in/bus-tickets/bangalore-to-ananthapur,Bangalore to Anantapur (andhra pradesh),Jabbar Travels,21:45,03h 45m,01:30,4.6,INR 765,25 Seats available,Scania AC Multi Axle Sleeper (2+1)
https://www.redbus.in/bus-tickets/bangalore-to-ananthapur,Bangalore to Anantapur (andhra pradesh),KSM Roadways,22:30,02h 35m,01:05,4.8,INR 1599,27 Seats available,A/C Volvo B11R Multi-Axle Sleeper (2+1)
https://www.redbus.in/bus-tickets/bangalore-to-ananthapur,Bangalore to Anantapur (andhra pradesh),Mythri Tours And Travels,20:30,03h 29m,23:59,4.6,INR 1000,15 Seats available,A/C Sleeper (2+1)
https://www.redbus.in/bus-tickets/bangalore-to-ananthapur,Bangalore to Anantapur (andhra pradesh),Mythri Tours And Travels,20:15,03h 40m,23:55,4.6,INR 849,24 Seats available,A/C Sleeper (2+1)
https://www.redbus.in/bus-tickets/bangalore-to-ananthapur,Bangalore to Anantapur (andhra pradesh),Go Tour Travels and Holidays,22:00,03h 45m,01:45,4.8,1017,23 Seats available,Scania AC Multi Axle Sleeper (2+1)
https://www.redbus.in/bus-tickets/bangalore-to-ananthapur,Bangalore to Anantapur (andhra pradesh),Go Tour Travels and Holidays,22:30,03h 30m,02:00,4.8,1120,26 Seats available,Volvo 9600 Multi-Axle A/C Sleeper (2+1)
https://www.redbus.in/bus-tickets/bangalore-to-ananthapur,Bangalore to Anantapur (andhra pradesh),KSM Roadways,21:00,04h 15m,01:15,4.8,INR 1679,15 Seats available,Bharat Benz A/C Sleeper (2+1)
https://www.redbus.in/bus-tickets/bangalore-to-ananthapur,Bangalore to Anantapur (andhra pradesh),KSM Roadways,22:35,02h 25m,01:00,4.8,INR 3199,11 Seats available,Bharat Benz A/C Sleeper (1+1)
https://www.redbus.in/bus-tickets/bangalore-to-ananthapur,Bangalore to Anantapur (andhra pradesh),Go Tour Travels and Holidays,21:45,03h 45m,01:30,4.8,1027,29 Seats available,Scania AC Multi Axle Sleeper (2+1)
https://www.redbus.in/bus-tickets/bangalore-to-ananthapur,Bangalore to Anantapur (andhra pradesh),SMRR Bus,19:30,06h 30m,02:00,New,INR 950,27 Seats available,Volvo Multi Axle A/C Sleeper I-Shift B11R (2+1)
https://www.redbus.in/bus-tickets/bangalore-to-ananthapur,Bangalore to Anantapur (andhra pradesh),Pramukh Travels,23:15,02h 45m,02:00,4.6,INR 1199,20 Seats available,Volvo 9600 Multi-Axle A/C Sleeper (2+1)
https://www.redbus.in/bus-tickets/bangalore-to-ananthapur,Bangalore to Anantapur (andhra pradesh),Pramukh Travels,23:00,02h 45m,01:45,4.6,INR 1299,26 Seats available,Volvo 9600 Multi-Axle A/C Sleeper (2+1)
https://www.redbus.in/bus-tickets/bangalore-to-ananthapur,Bangalore to Anantapur (andhra pradesh),Pramukh Travels,22:00,03h 00m,01:00,4.6,INR 1199,25 Seats available,Volvo 9600 Multi-Axle A/C Sleeper (2+1)
https://www.redbus.in/bus-tickets/bangalore-to-ananthapur,Bangalore to Anantapur (andhra pradesh),Jabbar Travels,21:00,04h 00m,01:00,4.6,INR 765,18 Seats available,VE A/C Sleeper (2+1)
https://www.redbus.in/bus-tickets/bangalore-to-ananthapur,Bangalore to Anantapur (andhra pradesh),Jabbar Travels,22:00,03h 30m,01:30,4.6,INR 804,19 Seats available,Scania AC Multi Axle Sleeper (2+1)
https://www.redbus.in/bus-tickets/bangalore-to-ananthapur,Bangalore to Anantapur (andhra pradesh),Mythri Tours And Travels,21:55,04h 35m,02:30,4.6,INR 999,11 Seats available,A/C Sleeper (2+1)
https://www.redbus.in/bus-tickets/bangalore-to-ananthapur,Bangalore to Anantapur (andhra pradesh),KSM Roadways,12:20,03h 10m,15:30,4.8,INR 1599,30 Seats available,A/C Volvo B11R Multi-Axle Sleeper (2+1)
https://www.redbus.in/bus-tickets/bangalore-to-ananthapur,Bangalore to Anantapur (andhra pradesh),KSM Roadways,22:25,02h 35m,01:00,4.8,INR 1299,19 Seats available,Bharat Benz A/C Sleeper (2+1)
https://www.redbus.in/bus-tickets/bangalore-to-ananthapur,Bangalore to Anantapur (andhra pradesh),Intercity travels,20:25,04h 20m,00:45,4.5,INR 999,21 Seats available,Bharat Benz A/C Sleeper (2+1)
https://www.redbus.in/bus-tickets/bangalore-to-ananthapur,Bangalore to Anantapur (andhra pradesh),Intercity travels,21:30,04h 20m,01:50,4.5,INR 999,17 Seats available,Bharat Benz A/C Sleeper (2+1)
https://www.redbus.in/bus-tickets/bangalore-to-ananthapur,Bangalore to Anantapur (andhra pradesh),Intercity travels,20:55,04h 35m,01:30,4.5,INR 999,19 Seats available,Bharat Benz A/C Sleeper (2+1)
https://www.redbus.in/bus-tickets/bangalore-to-ananthapur,Bangalore to Anantapur (andhra pradesh),Intercity travels,20:15,04h 00m,00:15,4.5,INR 1199,22 Seats available,Bharat Benz A/C Sleeper (2+1)
https://www.redbus.in/bus-tickets/bangalore-to-ananthapur,Bangalore to Anantapur (andhra pradesh),Vikram Travels,21:00,04h 30m,01:30,4.5,INR 1179,32 Seats available,Volvo 9600 Multi-Axle A/C Sleeper (2+1)
https://www.redbus.in/bus-tickets/bangalore-to-ananthapur,Bangalore to Anantapur (andhra pradesh),Vikram Travels,22:00,03h 30m,01:30,4.5,INR 1179,30 Seats available,Volvo 9600 Multi-Axle A/C Sleeper (2+1)
https://www.redbus.in/bus-tickets/bangalore-to-ananthapur,Bangalore to Anantapur (andhra pradesh),Intercity travels,22:45,04h 00m,02:45,4.5,INR 1099,18 Seats available,Bharat Benz A/C Sleeper (2+1)
https://www.redbus.in/bus-tickets/bangalore-to-ananthapur,Bangalore to Anantapur (andhra pradesh),Intercity travels,21:15,04h 15m,01:30,4.5,INR 999,21 Seats available,Bharat Benz A/C Sleeper (2+1)
https://www.redbus.in/bus-tickets/bangalore-to-ananthapur,Bangalore to Anantapur (andhra pradesh),Sri Vengamamba Bus Transport (SVBT),22:45,04h 30m,03:15,4.4,INR 500,21 Seats available,A/C Seater / Sleeper (2+1)
https://www.redbus.in/bus-tickets/bangalore-to-ananthapur,Bangalore to Anantapur (andhra pradesh),Rajesh Transports,19:35,06h 25m,02:00,4.4,INR 1299,28 Seats available,Volvo 9600 Multi-Axle A/C Sleeper (2+1)
https://www.redbus.in/bus-tickets/bangalore-to-ananthapur,Bangalore to Anantapur (andhra pradesh),VSR Tours and Travels,18:50,06h 10m,01:00,4.4,629,24 Seats available,A/C Sleeper (2+1)
https://www.redbus.in/bus-tickets/bangalore-to-ananthapur,Bangalore to Anantapur (andhra pradesh),Delta Transports Pvt Ltd,23:10,03h 10m,02:20,4.4,1800,20 Seats available,Volvo 9600 Multi-Axle A/C Sleeper (2+1)
https://www.redbus.in/bus-tickets/bangalore-to-ananthapur,Bangalore to Anantapur (andhra pradesh),Rajesh Transports,21:00,03h 30m,00:30,4.4,INR 1299,26 Seats available,Volvo 9600 Multi-Axle A/C Sleeper (2+1)
https://www.redbus.in/bus-tickets/bangalore-to-ananthapur,Bangalore to Anantapur (andhra pradesh),Sri Vengamamba Bus Transport (SVBT),21:45,04h 45m,02:30,4.4,INR 500,30 Seats available,Non A/C Seater / Sleeper (2+1)
https://www.redbus.in/bus-tickets/bangalore-to-ananthapur,Bangalore to Anantapur (andhra pradesh),BSR Tours And Travels,21:15,05h 15m,02:30,4.4,INR 1329,20 Seats available,Volvo 9600 Multi-Axle A/C Sleeper (2+1)
https://www.redbus.in/bus-tickets/bangalore-to-ananthapur,Bangalore to Anantapur (andhra pradesh),BSR Tours And Travels,18:30,05h 50m,00:20,4.4,INR 980,26 Seats available,Scania AC Multi Axle Sleeper (2+1)
https://www.redbus.in/bus-tickets/bangalore-to-ananthapur,Bangalore to Anantapur (andhra pradesh),Royal Rich India,22:35,03h 50m,02:25,4.4,1050,5 Seats available,Bharat Benz A/C Sleeper (2+1)
https://www.redbus.in/bus-tickets/bangalore-to-ananthapur,Bangalore to Anantapur (andhra pradesh),BSR Tours And Travels,19:20,06h 40m,02:00,4.4,INR 880,18 Seats available,A/C Sleeper (2+1)
https://www.redbus.in/bus-tickets/bangalore-to-ananthapur,Bangalore to Anantapur (andhra pradesh),Sri Vengamamba Bus Transport (SVBT),21:15,04h 45m,02:00,4.4,INR 516,21 Seats available,Non A/C Seater / Sleeper (2+1)
https://www.redbus.in/bus-tickets/bangalore-to-ananthapur,Bangalore to Anantapur (andhra pradesh),Zingbus Plus,21:15,04h 25m,01:40,4.3,828,25 Seats available,A/C Sleeper (2+1)
https://www.redbus.in/bus-tickets/bangalore-to-ananthapur,Bangalore to Anantapur (andhra pradesh),Varad Lines,22:45,03h 45m,02:30,4.3,INR 999,16 Seats available,Bharat Benz NON A/C sleeper (2+1)
https://www.redbus.in/bus-tickets/bangalore-to-ananthapur,Bangalore to Anantapur (andhra pradesh),Dream Line Travels Pvt Ltd,21:45,02h 14m,23:59,4.3,INR 1004,8 Seats available,VE A/C Sleeper (2+1)
https://www.redbus.in/bus-tickets/bangalore-to-ananthapur,Bangalore to Anantapur (andhra pradesh),LVP Travels,22:00,02h 40m,00:40,4.3,INR 699,21 Seats available,A/C Sleeper (2+1)
https://www.redbus.in/bus-tickets/bangalore-to-ananthapur,Bangalore to Anantapur (andhra pradesh),Sree Rama Tours & Travels,22:00,03h 15m,01:15,4.3,774,15 Seats available,A/C Sleeper (2+1)
https://www.redbus.in/bus-tickets/bangalore-to-ananthapur,Bangalore to Anantapur (andhra pradesh),FlixBus,18:45,06h 00m,00:45,4.2,INR 927.68,24 Seats available,VE A/C Sleeper (2+1)
https://www.redbus.in/bus-tickets/bangalore-to-ananthapur,Bangalore to Anantapur (andhra pradesh),FlixBus,17:15,06h 35m,23:50,4.2,INR 927.68,30 Seats available,VE A/C Sleeper (2+1)
https://www.redbus.in/bus-tickets/bangalore-to-ananthapur,Bangalore to Anantapur (andhra pradesh),IntrCity SmartBus,22:45,03h 55m,02:40,4.1,INR 769,18 Seats available,AC Sleeper (2+1)
https://www.redbus.in/bus-tickets/bangalore-to-ananthapur,Bangalore to Anantapur (andhra pradesh),Skyline Transport,22:40,05h 20m,04:00,4.1,INR 3999,45 Seats available,Non A/C Seater / Sleeper (2+1)
https://www.redbus.in/bus-tickets/bangalore-to-ananthapur,Bangalore to Anantapur (andhra pradesh),Highline Transports,19:10,06h 20m,01:30,4.1,INR 800,18 Seats available,VE A/C Sleeper (2+1)
https://www.redbus.in/bus-tickets/bangalore-to-ananthapur,Bangalore to Anantapur (andhra pradesh),IntrCity SmartBus,21:15,05h 55m,03:10,4.1,INR 5000,36 Seats available,AC Sleeper (2+1)
https://www.redbus.in/bus-tickets/bangalore-to-ananthapur,Bangalore to Anantapur (andhra pradesh),GreenLine Travels And Holidays,23:15,03h 25m,02:40,4.0,INR 1249,27 Seats available,VE A/C Sleeper (2+1)
https://www.redbus.in/bus-tickets/bangalore-to-ananthapur,Bangalore to Anantapur (andhra pradesh),GreenLine Travels And Holidays,21:35,05h 10m,02:45,4.0,INR 849,26 Seats available,NON A/C Sleeper (2+1)
https://www.redbus.in/bus-tickets/bangalore-to-ananthapur,Bangalore to Anantapur (andhra pradesh),GreenLine Travels And Holidays,20:15,06h 45m,03:00,4.0,INR 999,21 Seats available,A/C Sleeper (2+1)
https://www.redbus.in/bus-tickets/bangalore-to-ananthapur,Bangalore to Anantapur (andhra pradesh),GreenLine Travels And Holidays,22:30,03h 30m,02:00,4.0,INR 999,22 Seats available,A/C Sleeper (2+1)
https://www.redbus.in/bus-tickets/bangalore-to-ananthapur,Bangalore to Anantapur (andhra pradesh),GreenLine Travels And Holidays,23:00,03h 30m,02:30,4.0,INR 849,28 Seats available,NON A/C Sleeper (2+1)
https://www.redbus.in/bus-tickets/bangalore-to-ananthapur,Bangalore to Anantapur (andhra pradesh),GreenLine Travels And Holidays,20:30,05h 15m,01:45,4.0,INR 849,29 Seats available,NON A/C Sleeper (2+1)
https://www.redbus.in/bus-tickets/bangalore-to-ananthapur,Bangalore to Anantapur (andhra pradesh),BigBus,23:45,04h 16m,04:01,3.9,INR 1200,16 Seats available,Volvo 9600 Multi-Axle A/C Sleeper (2+1)
https://www.redbus.in/bus-tickets/bangalore-to-ananthapur,Bangalore to Anantapur (andhra pradesh),Sugama Tourist,21:10,04h 20m,01:30,3.9,INR 1100,30 Seats available,A/C Sleeper (2+1)
https://www.redbus.in/bus-tickets/bangalore-to-ananthapur,Bangalore to Anantapur (andhra pradesh),SL Travels,21:30,04h 00m,01:30,3.9,INR 999,16 Seats available,A/C Sleeper (2+1)
https://www.redbus.in/bus-tickets/bangalore-to-ananthapur,Bangalore to Anantapur (andhra pradesh),Raj’s Travels and Transports,22:00,03h 10m,01:10,3.9,INR 999,26 Seats available,Benz A/C Sleeper (2+1)
https://www.redbus.in/bus-tickets/bangalore-to-ananthapur,Bangalore to Anantapur (andhra pradesh),Kaveri Travels,22:00,03h 30m,01:30,3.9,INR 880,25 Seats available,A/C Sleeper (2+1)
https://www.redbus.in/bus-tickets/bangalore-to-ananthapur,Bangalore to Anantapur (andhra pradesh),IRA Transports,20:00,03h 55m,23:55,3.9,INR 999,29 Seats available,VE A/C Sleeper (2+1)
https://www.redbus.in/bus-tickets/bangalore-to-ananthapur,Bangalore to Anantapur (andhra pradesh),Sugama Tourist,21:30,04h 30m,02:00,3.9,INR 1100,30 Seats available,A/C Sleeper (2+1)
https://www.redbus.in/bus-tickets/bangalore-to-ananthapur,Bangalore to Anantapur (andhra pradesh),Bmcc Travels,22:30,04h 30m,03:00,3.9,900,26 Seats available,A/C Sleeper (2+1)
https://www.redbus.in/bus-tickets/bangalore-to-ananthapur,Bangalore to Anantapur (andhra pradesh),YAS Tours and Travels,22:10,03h 30m,01:40,3.9,INR 1300,27 Seats available,Volvo Multi Axle A/C Sleeper I-Shift B11R (2+1)
https://www.redbus.in/bus-tickets/bangalore-to-ananthapur,Bangalore to Anantapur (andhra pradesh),SL Travels,21:45,04h 15m,02:00,3.9,INR 890,20 Seats available,NON A/C Sleeper (2+1)
https://www.redbus.in/bus-tickets/bangalore-to-ananthapur,Bangalore to Anantapur (andhra pradesh),JAI MARUTHI TRAVELS,13:30,03h 45m,17:15,3.9,INR 1000,26 Seats available,Volvo Multi Axle A/C Sleeper I-Shift B11R (2+1)
https://www.redbus.in/bus-tickets/bangalore-to-ananthapur,Bangalore to Anantapur (andhra pradesh),Aditya Logistics,22:00,04h 00m,02:00,3.9,INR 999,24 Seats available,A/C Sleeper (2+1)
https://www.redbus.in/bus-tickets/bangalore-to-ananthapur,Bangalore to Anantapur (andhra pradesh),Bmcc Travels,19:00,04h 55m,23:55,3.9,INR 550,40 Seats available,NON AC Seater / Sleeper 2+1
https://www.redbus.in/bus-tickets/bangalore-to-ananthapur,Bangalore to Anantapur (andhra pradesh),YAS Tours and Travels,23:35,03h 50m,03:25,3.9,INR 1300,30 Seats available,Volvo Multi Axle A/C Sleeper I-Shift B11R (2+1)
https://www.redbus.in/bus-tickets/bangalore-to-ananthapur,Bangalore to Anantapur (andhra pradesh),Swamy Ayyappa Travels,23:00,04h 30m,03:30,3.8,1526,28 Seats available,A/C Sleeper (2+1)
https://www.redbus.in/bus-tickets/bangalore-to-ananthapur,Bangalore to Anantapur (andhra pradesh),NS Holidays,21:45,03h 45m,01:30,3.8,INR 670,13 Seats available,NON A/C Sleeper (2+1)
https://www.redbus.in/bus-tickets/bangalore-to-ananthapur,Bangalore to Anantapur (andhra pradesh),Naveen Travels (Durg),17:00,04h 30m,21:30,3.7,INR 1300,21 Seats available,Bharat Benz A/C Sleeper (2+1)
https://www.redbus.in/bus-tickets/bangalore-to-ananthapur,Bangalore to Anantapur (andhra pradesh),Sri Krishna Travels,21:30,04h 00m,01:30,3.7,INR 890,25 Seats available,Volvo Multi-Axle A/C Sleeper (2+1)
https://www.redbus.in/bus-tickets/bangalore-to-ananthapur,Bangalore to Anantapur (andhra pradesh),VEERA & SRI KALESWARI TRAVELS,20:20,06h 10m,02:30,3.7,INR 600,30 Seats available,Non A/C Seater / Sleeper (2+1)
https://www.redbus.in/bus-tickets/bangalore-to-ananthapur,Bangalore to Anantapur (andhra pradesh),November Travels,19:00,05h 55m,00:55,3.6,INR 600,24 Seats available,A/C Seater / Sleeper (2+1)
https://www.redbus.in/bus-tickets/bangalore-to-ananthapur,Bangalore to Anantapur (andhra pradesh),November Travels,19:20,05h 50m,01:10,3.6,INR 920,2 Seats available,Bharat Benz A/C Sleeper (2+1)
https://www.redbus.in/bus-tickets/bangalore-to-ananthapur,Bangalore to Anantapur (andhra pradesh),Balaji Cabs,23:30,04h 10m,03:40,3.5,INR 1499,26 Seats available,Bharat Benz A/C Sleeper (2+1)
https://www.redbus.in/bus-tickets/bangalore-to-ananthapur,Bangalore to Anantapur (andhra pradesh),Sri Durgamba Travels - R No 39,23:00,04h 30m,03:30,3.5,INR 800,12 Seats available,NON A/C Sleeper (2+1)
https://www.redbus.in/bus-tickets/bangalore-to-ananthapur,Bangalore to Anantapur (andhra pradesh),PSK Travels,23:30,03h 45m,03:15,3.4,INR 1590,6 Seats available,Bharat Benz A/C Sleeper (2+1)
https://www.redbus.in/bus-tickets/bangalore-to-ananthapur,Bangalore to Anantapur (andhra pradesh),Yolo Bus,20:04,02h 38m,22:42,3.4,INR 840,25 Seats available,Bharat Benz A/C Sleeper (2+1)
https://www.redbus.in/bus-tickets/bangalore-to-ananthapur,Bangalore to Anantapur (andhra pradesh),Raja Express,18:30,05h 30m,00:00,3.2,711,24 Seats available,VE A/C Sleeper (2+1)
https://www.redbus.in/bus-tickets/bangalore-to-ananthapur,Bangalore to Anantapur (andhra pradesh),Bmcc Travels,19:25,06h 05m,01:30,3.9,INR 550,30 Seats available,Non A/C Seater / Sleeper (2+1)
https://www.redbus.in/bus-tickets/bangalore-to-ananthapur,Bangalore to Anantapur (andhra pradesh),IntrCity SmartBus,21:35,04h 20m,01:55,3.2,INR 779,25 Seats available,AC Sleeper (2+1)
https://www.redbus.in/bus-tickets/bangalore-to-ananthapur,Bangalore to Anantapur (andhra pradesh),SRI MARUTHI TRAVELS,22:30,02h 30m,01:00,3.0,INR 799,23 Seats available,A/C Sleeper (2+1)
https://www.redbus.in/bus-tickets/bangalore-to-ananthapur,Bangalore to Anantapur (andhra pradesh),AVM Tours And Travels,19:25,06h 10m,01:35,3.0,475,33 Seats available,Non A/C Seater / Sleeper (2+1)
https://www.redbus.in/bus-tickets/bangalore-to-ananthapur,Bangalore to Anantapur (andhra pradesh),AR & BCVR Travels,21:15,05h 45m,03:00,2.5,INR 600,44 Seats available,A/C Seater / Sleeper (2+1)
https://www.redbus.in/bus-tickets/bangalore-to-ananthapur,Bangalore to Anantapur (andhra pradesh),Morning Star Travels,20:00,04h 45m,00:45,2.9,INR 990,21 Seats available,A/C Sleeper (2+1)
https://www.redbus.in/bus-tickets/bangalore-to-ananthapur,Bangalore to Anantapur (andhra pradesh),Morning Star Travels,17:30,04h 30m,22:00,2.9,INR 990,29 Seats available,Volvo Multi Axle B9R A/C Sleeper (2+1)
https://www.redbus.in/bus-tickets/bangalore-to-ananthapur,Bangalore to Anantapur (andhra pradesh),Intercity travels,21:00,03h 45m,00:45,4.5,INR 1899,36 Seats available,Bharat Benz A/C Sleeper (2+1)
https://www.redbus.in/bus-tickets/bangalore-to-ananthapur,Bangalore to Anantapur (andhra pradesh),Bus9 Tours And Travels,19:45,05h 45m,01:30,4.5,INR 2500,37 Seats available,Non A/C Seater / Sleeper (2+1)
https://www.redbus.in/bus-tickets/bangalore-to-ananthapur,Bangalore to Anantapur (andhra pradesh),Intercity travels,21:15,04h 00m,01:15,4.5,INR 999,24 Seats available,Bharat Benz A/C Sleeper (2+1)
https://www.redbus.in/bus-tickets/bangalore-to-ananthapur,Bangalore to Anantapur (andhra pradesh),Shyamoli Paribahan Pvt Ltd,22:45,03h 35m,02:20,2.8,INR 1130,8 Seats available,A/C Sleeper (2+1)
https://www.redbus.in/bus-tickets/bangalore-to-ananthapur,Bangalore to Anantapur (andhra pradesh),S.L Travels,23:45,04h 30m,04:15,2.8,INR 890,19 Seats available,NON A/C Sleeper (2+1)
https://www.redbus.in/bus-tickets/bangalore-to-ananthapur,Bangalore to Anantapur (andhra pradesh),Kallada Travels (Suresh Kallada),00:15,03h 45m,04:00,2.8,900,17 Seats available,Scania AC Multi Axle Sleeper (2+1)
https://www.redbus.in/bus-tickets/bangalore-to-ananthapur,Bangalore to Anantapur (andhra pradesh),Kallada Travels (Suresh Kallada),23:45,03h 50m,03:35,2.8,INR 1000,29 Seats available,A/C Sleeper (2+1)
https://www.redbus.in/bus-tickets/bangalore-to-ananthapur,Bangalore to Anantapur (andhra pradesh),Kallada Travels (Suresh Kallada),23:20,03h 40m,03:00,2.8,INR 1200,12 Seats available,A/C Sleeper (2+1)
https://www.redbus.in/bus-tickets/bangalore-to-ananthapur,Bangalore to Anantapur (andhra pradesh),Rajesh Transports,21:45,03h 14m,00:59,4.4,INR 1299,28 Seats available,Volvo 9600 Multi-Axle A/C Sleeper (2+1)
https://www.redbus.in/bus-tickets/bangalore-to-ananthapur,Bangalore to Anantapur (andhra pradesh),Venture transport services,22:45,03h 15m,02:00,4.2,INR 799,26 Seats available,A/C Sleeper (2+1)
https://www.redbus.in/bus-tickets/bangalore-to-ananthapur,Bangalore to Anantapur (andhra pradesh),Sanvi Travels,23:00,04h 00m,03:00,4.2,INR 1099,36 Seats available,NON A/C Sleeper (2+1)
https://www.redbus.in/bus-tickets/bangalore-to-ananthapur,Bangalore to Anantapur (andhra pradesh),FlixBus,17:00,06h 50m,23:50,4.2,INR 927.68,25 Seats available,A/C Sleeper (2+1)
https://www.redbus.in/bus-tickets/bangalore-to-ananthapur,Bangalore to Anantapur (andhra pradesh),Venture transport services,22:30,03h 15m,01:45,4.2,INR 799,26 Seats available,A/C Sleeper (2+1)
https://www.redbus.in/bus-tickets/bangalore-to-ananthapur,Bangalore to Anantapur (andhra pradesh),Sanvi Travels,23:00,04h 00m,03:00,4.2,INR 899,24 Seats available,NON A/C Sleeper (2+1)
https://www.redbus.in/bus-tickets/bangalore-to-ananthapur,Bangalore to Anantapur (andhra pradesh),Manoj Tours and Travels,22:00,03h 10m,01:10,4.2,INR 899,24 Seats available,A/C Sleeper (2+1)
https://www.redbus.in/bus-tickets/bangalore-to-ananthapur,Bangalore to Anantapur (andhra pradesh),FlixBus,20:15,05h 55m,02:10,4.2,INR 927.68,31 Seats available,A/C Sleeper (2+1)
https://www.redbus.in/bus-tickets/bangalore-to-ananthapur,Bangalore to Anantapur (andhra pradesh),Skyline Transport,19:00,07h 15m,02:15,4.1,INR 3999,45 Seats available,Non A/C Seater / Sleeper (2+1)
https://www.redbus.in/bus-tickets/bangalore-to-ananthapur,Bangalore to Anantapur (andhra pradesh),Skyline Transport,22:40,05h 20m,04:00,4.1,INR 3999,45 Seats available,Non A/C Seater / Sleeper (2+1)
https://www.redbus.in/bus-tickets/bangalore-to-ananthapur,Bangalore to Anantapur (andhra pradesh),Streamline tours and travels,22:15,04h 00m,02:15,2.4,INR 1200,28 Seats available,A/C Sleeper (2+1)
https://www.redbus.in/bus-tickets/bangalore-to-ananthapur,Bangalore to Anantapur (andhra pradesh),Streamline tours and travels,21:15,04h 15m,01:30,2.4,899,25 Seats available,Bharat Benz A/C Sleeper (2+1)
https://www.redbus.in/bus-tickets/bangalore-to-ananthapur,Bangalore to Anantapur (andhra pradesh),Streamline tours and travels,21:00,04h 00m,01:00,2.4,INR 1200,29 Seats available,A/C Sleeper (2+1)
https://www.redbus.in/bus-tickets/bangalore-to-ananthapur,Bangalore to Anantapur (andhra pradesh),GreenLine Travels And Holidays,22:45,03h 45m,02:30,4.0,INR 849,30 Seats available,NON A/C Sleeper (2+1)
https://www.redbus.in/bus-tickets/bangalore-to-ananthapur,Bangalore to Anantapur (andhra pradesh),Renuka Bus Service,11:55,04h 20m,16:15,2.3,INR 3500,1 Seat available,A/C Seater / Sleeper (2+1)
https://www.redbus.in/bus-tickets/bangalore-to-ananthapur,Bangalore to Anantapur (andhra pradesh),Dhanunjaya Travels,20:30,04h 20m,00:50,1.9,INR 499,27 Seats available,A/C Semi Sleeper / Sleeper (2+1)
https://www.redbus.in/bus-tickets/bangalore-to-ananthapur,Bangalore to Anantapur (andhra pradesh),Travel Point World LLP,21:10,06h 05m,03:15,1.7,2985,37 Seats available,A/C Seater / Sleeper (2+2)
https://www.redbus.in/bus-tickets/bangalore-to-ananthapur,Bangalore to Anantapur (andhra pradesh),Northern Travels,21:30,04h 20m,01:50,1.6,600,24 Seats available,Bharat Benz A/C Seater /Sleeper (2+1)
https://www.redbus.in/bus-tickets/bangalore-to-ananthapur,Bangalore to Anantapur (andhra pradesh),Tranzindia Travels,18:30,04h 45m,23:15,1.7,INR 700,14 Seats available,VE A/C Sleeper (2+1)
https://www.redbus.in/bus-tickets/bangalore-to-ananthapur,Bangalore to Anantapur (andhra pradesh),Northern Travels,22:00,04h 00m,02:00,1.6,799,23 Seats available,Bharat Benz A/C Sleeper (2+1)
https://www.redbus.in/bus-tickets/bangalore-to-ananthapur,Bangalore to Anantapur (andhra pradesh),Tranzindia Travels,19:00,04h 45m,23:45,1.7,INR 800,24 Seats available,VE A/C Sleeper (2+1)
https://www.redbus.in/bus-tickets/bangalore-to-ananthapur,Bangalore to Anantapur (andhra pradesh),Northern Travels,21:10,04h 50m,02:00,1.6,1199,25 Seats available,Bharat Benz A/C Sleeper (2+1)
https://www.redbus.in/bus-tickets/bangalore-to-ananthapur,Bangalore to Anantapur (andhra pradesh),Tranzindia Travels,21:20,04h 40m,02:00,1.7,INR 990,14 Seats available,VE A/C Sleeper (2+1)
https://www.redbus.in/bus-tickets/bangalore-to-ananthapur,Bangalore to Anantapur (andhra pradesh),Bmcc Travels,17:45,06h 45m,00:30,3.9,INR 550,41 Seats available,NON AC Seater / Sleeper 2+1
https://www.redbus.in/bus-tickets/bangalore-to-ananthapur,Bangalore to Anantapur (andhra pradesh),IRA Transports,19:15,04h 40m,23:55,3.9,INR 809,24 Seats available,A/C Sleeper (2+1)
https://www.redbus.in/bus-tickets/bangalore-to-ananthapur,Bangalore to Anantapur (andhra pradesh),Bmcc Travels,22:30,03h 50m,02:20,3.9,900,29 Seats available,A/C Sleeper (2+1)
https://www.redbus.in/bus-tickets/bangalore-to-ananthapur,Bangalore to Anantapur (andhra pradesh),SL Travels,22:15,03h 45m,02:00,3.9,INR 1249,21 Seats available,A/C Sleeper (2+1)
https://www.redbus.in/bus-tickets/bangalore-to-ananthapur,Bangalore to Anantapur (andhra pradesh),OMER TRAVELS,21:00,03h 10m,00:10,3.8,INR 1000,19 Seats available,VE A/C Sleeper (2+1)
https://www.redbus.in/bus-tickets/bangalore-to-ananthapur,Bangalore to Anantapur (andhra pradesh),November Travels,19:20,05h 50m,01:10,3.6,INR 800,14 Seats available,Bharat Benz A/C Sleeper (2+1)
https://www.redbus.in/bus-tickets/bangalore-to-ananthapur,Bangalore to Anantapur (andhra pradesh),Balaji Cabs,20:45,05h 15m,02:00,3.5,INR 2350,1 Seat available,Bharat Benz A/C Sleeper (2+1)
https://www.redbus.in/bus-tickets/bangalore-to-ananthapur,Bangalore to Anantapur (andhra pradesh),PSK Travels,01:00,03h 55m,04:55,3.4,INR 1390,27 Seats available,Volvo Multi Axle A/C Sleeper I-Shift B11R (2+1)
https://www.redbus.in/bus-tickets/bangalore-to-ananthapur,Bangalore to Anantapur (andhra pradesh),Shree Savariya Travels & Transport,18:15,04h 00m,22:15,3.0,INR 4799,23 Seats available,A/C Sleeper (2+1)
https://www.redbus.in/bus-tickets/bangalore-to-ananthapur,Bangalore to Anantapur (andhra pradesh),Shree Savariya Travels & Transport,12:15,04h 00m,16:15,3.0,INR 3499,19 Seats available,A/C Seater/Sleeper (2+1)
https://www.redbus.in/bus-tickets/bangalore-to-ananthapur,Bangalore to Anantapur (andhra pradesh),Morning Star Travels,20:25,05h 35m,02:00,2.9,INR 990,30 Seats available,A/C Sleeper (2+1)
https://www.redbus.in/bus-tickets/bangalore-to-ananthapur,Bangalore to Anantapur (andhra pradesh),Orange Tours and Travels,23:30,03h 00m,02:30,2.8,INR 1890,11 Seats available,Bharat Benz A/C Sleeper (2+1)
https://www.redbus.in/bus-tickets/bangalore-to-ananthapur,Bangalore to Anantapur (andhra pradesh),BTR Travels,19:30,21h 30m,17:00,2.4,INR 990,28 Seats available,A/C Sleeper (2+1)
https://www.redbus.in/bus-tickets/bangalore-to-ananthapur,Bangalore to Anantapur (andhra pradesh),BTR Travels,20:00,06h 00m,02:00,2.4,INR 699,40 Seats available,Volvo Multi Axle B11R AC Seater\Sleeper (2+1)
https://www.redbus.in/bus-tickets/bangalore-to-ananthapur,Bangalore to Anantapur (andhra pradesh),TimeCity Travels,17:15,06h 20m,23:35,2.2,INR 899,24 Seats available,Bharat Benz A/C Sleeper (2+1)
https://www.redbus.in/bus-tickets/bangalore-to-ananthapur,Bangalore to Anantapur (andhra pradesh),Dhanunjaya Travels,20:30,04h 20m,00:50,1.9,INR 490,12 Seats available,A/C Semi Sleeper / Sleeper (2+1)
https://www.redbus.in/bus-tickets/bangalore-to-ananthapur,Bangalore to Anantapur (andhra pradesh),Dhanunjaya Travels,23:00,03h 30m,02:30,1.9,INR 999,24 Seats available,A/C Sleeper (2+1)
https://www.redbus.in/bus-tickets/bangalore-to-ananthapur,Bangalore to Anantapur (andhra pradesh),Northern Travels,23:00,04h 30m,03:30,1.6,949,36 Seats available,Bharat Benz A/C Sleeper (2+1)
https://www.redbus.in/bus-tickets/bangalore-to-ananthapur,Bangalore to Anantapur (andhra pradesh),SRS Travels,21:00,05h 00m,02:00,1.3,INR 699,24 Seats available,NON AC Seater / Sleeper 2+1
https://www.redbus.in/bus-tickets/bangalore-to-ananthapur,Bangalore to Anantapur (andhra pradesh),SRS Travels,12:00,03h 30m,15:30,1.3,INR 1300,9 Seats available,A/C Sleeper (2+1)
https://www.redbus.in/bus-tickets/bangalore-to-ananthapur,Bangalore to Anantapur (andhra pradesh),Tranzindia Travels,21:20,04h 40m,02:00,,INR 850,22 Seats available,VE A/C Sleeper (2+1)
https://www.redbus.in/bus-tickets/kadapa-to-bangalore,Kadapa to Bangalore,RK Travels,22:25,07h 05m,05:30,4.6,INR 500,18 Seats available,Non A/C Seater / Sleeper (2+1)
https://www.redbus.in/bus-tickets/kadapa-to-bangalore,Kadapa to Bangalore,Sri Vinayaka Travels,22:30,06h 30m,05:00,4.2,INR 950,22 Seats available,A/C Sleeper (2+1)
https://www.redbus.in/bus-tickets/kadapa-to-bangalore,Kadapa to Bangalore,Sri Vinayaka Travels,22:30,06h 15m,04:45,3.4,INR 850,11 Seats available,NON A/C Sleeper (2+1)
https://www.redbus.in/bus-tickets/kadapa-to-bangalore,Kadapa to Bangalore,AdAR & BCVR Travels,22:55,06h 35m,05:30,3.9,INR 500,37 Seats available,Non A/C Seater / Sleeper (2+1)
https://www.redbus.in/bus-tickets/kadapa-to-bangalore,Kadapa to Bangalore,S R Travels,22:40,06h 35m,05:15,4.0,INR 700,12 Seats available,Non A/C Seater / Sleeper (2+1)
https://www.redbus.in/bus-tickets/kadapa-to-bangalore,Kadapa to Bangalore,Maheswari Travels,22:40,07h 00m,05:40,4.1,INR 599,26 Seats available,Non A/C Seater / Sleeper (2+1)
https://www.redbus.in/bus-tickets/kadapa-to-bangalore,Kadapa to Bangalore,S R Travels,22:40,06h 20m,05:00,4.1,INR 700,17 Seats available,Non A/C Seater / Sleeper (2+1)
https://www.redbus.in/bus-tickets/kadapa-to-bangalore,Kadapa to Bangalore,AdAR & BCVR Travels,23:30,06h 00m,05:30,4.6,INR 500,39 Seats available,Non A/C Seater / Sleeper (2+1)
https://www.redbus.in/bus-tickets/kadapa-to-bangalore,Kadapa to Bangalore,CGR Travels,22:45,08h 10m,06:55,4.0,INR 500,30 Seats available,NON A/C Semi Sleeper / Sleeper (2+1)
https://www.redbus.in/bus-tickets/kadapa-to-bangalore,Kadapa to Bangalore,SUVARNAMUKHI TRAVELS,22:45,05h 50m,04:35,4.0,INR 800,1 Seat available,A/C Sleeper (2+1)
https://www.redbus.in/bus-tickets/kadapa-to-bangalore,Kadapa to Bangalore,PRL BUS,22:45,06h 15m,05:00,3.9,INR 500,12 Seats available,Non A/C Seater / Sleeper (2+1)
https://www.redbus.in/bus-tickets/kadapa-to-bangalore,Kadapa to Bangalore,Maheswari Travels,22:50,07h 00m,05:50,3.6,INR 500,31 Seats available,Non A/C Seater / Sleeper (2+1)
https://www.redbus.in/bus-tickets/kadapa-to-bangalore,Kadapa to Bangalore,INDHU BUS,22:55,05h 45m,04:40,3.9,INR 499,17 Seats available,Non A/C Seater / Sleeper (2+1)
https://www.redbus.in/bus-tickets/kadapa-to-bangalore,Kadapa to Bangalore,Maheswari Travels,23:00,06h 50m,05:50,4.0,INR 550,19 Seats available,Non A/C Seater / Sleeper (2+1)
https://www.redbus.in/bus-tickets/kadapa-to-bangalore,Kadapa to Bangalore,Shiva Parvathi Tours And Travels,23:00,05h 00m,04:00,3.2,INR 500,24 Seats available,Non A/C Seater / Sleeper (2+1)
https://www.redbus.in/bus-tickets/kadapa-to-bangalore,Kadapa to Bangalore,HARITHA TRAVELS,23:00,06h 35m,05:35,4.0,INR 720,24 Seats available,A/C Seater / Sleeper (2+1)
https://www.redbus.in/bus-tickets/kadapa-to-bangalore,Kadapa to Bangalore,SEVEN HILLS TRAVELS,23:00,06h 00m,05:00,4.6,INR 500,14 Seats available,Non A/C Seater / Sleeper (2+1)
https://www.redbus.in/bus-tickets/kadapa-to-bangalore,Kadapa to Bangalore,VEERA & SRI KALESWARI TRAVELS,23:00,07h 20m,06:20,3.9,INR 800,17 Seats available,NON A/C Sleeper (2+1)
https://www.redbus.in/bus-tickets/kadapa-to-bangalore,Kadapa to Bangalore,HARITHA TRAVELS,23:00,06h 25m,05:25,3.9,INR 498,28 Seats available,Non A/C Seater / Sleeper (2+1)
https://www.redbus.in/bus-tickets/kadapa-to-bangalore,Kadapa to Bangalore,SREE RUDRA TRAVELS,23:00,05h 35m,04:35,3.9,INR 649,30 Seats available,Non A/C Seater / Sleeper (2+1)
https://www.redbus.in/bus-tickets/kadapa-to-bangalore,Kadapa to Bangalore,Indu Travels,23:00,06h 00m,05:00,3.3,INR 800,10 Seats available,A/C Sleeper (2+1)
https://www.redbus.in/bus-tickets/kadapa-to-bangalore,Kadapa to Bangalore,AR & BCVR Travels,23:00,06h 00m,05:00,4.3,INR 500,38 Seats available,Non A/C Seater / Sleeper (2+1)
https://www.redbus.in/bus-tickets/kadapa-to-bangalore,Kadapa to Bangalore,V Kaveri Travels,23:10,06h 50m,06:00,3.7,INR 850,17 Seats available,Non A/C Seater / Sleeper (2+1)
https://www.redbus.in/bus-tickets/kadapa-to-bangalore,Kadapa to Bangalore,Indu Travels,23:15,05h 45m,05:00,4.0,INR 499,19 Seats available,Non A/C Seater / Sleeper (2+1)
https://www.redbus.in/bus-tickets/kadapa-to-bangalore,Kadapa to Bangalore,Indu Travels,23:15,06h 15m,05:30,3.9,INR 499,9 Seats available,Non A/C Seater / Sleeper (2+1)
https://www.redbus.in/bus-tickets/kadapa-to-bangalore,Kadapa to Bangalore,CGR Travels,23:15,06h 45m,06:00,3.8,INR 500,30 Seats available,Non A/C Seater / Sleeper (2+1)
https://www.redbus.in/bus-tickets/kadapa-to-bangalore,Kadapa to Bangalore,PRL BUS,23:25,06h 40m,06:05,3.4,INR 600,30 Seats available,A/C Seater / Sleeper (2+1)
https://www.redbus.in/bus-tickets/kadapa-to-bangalore,Kadapa to Bangalore,SLVT Travels,23:40,06h 35m,06:15,3.5,INR 600,21 Seats available,Non A/C Seater / Sleeper (2+1)
https://www.redbus.in/bus-tickets/kadapa-to-bangalore,Kadapa to Bangalore,CGR Travels,23:40,07h 40m,07:20,4.3,INR 600,23 Seats available,Non A/C Seater / Sleeper (2+1)
https://www.redbus.in/bus-tickets/kadapa-to-bangalore,Kadapa to Bangalore,BHAIRAVA TOURS AND TRAVELS,23:45,06h 45m,06:30,4.2,INR 599,18 Seats available,Non A/C Seater / Sleeper (2+1)
https://www.redbus.in/bus-tickets/kadapa-to-bangalore,Kadapa to Bangalore,Amara Tours And Travels,23:50,06h 00m,05:50,4.7,INR 799,18 Seats available,A/C Seater / Sleeper (2+1)
https://www.redbus.in/bus-tickets/kadapa-to-bangalore,Kadapa to Bangalore,Sri Shrinivasa Bus Transport (SSBT),23:50,05h 40m,05:30,4.2,INR 660,23 Seats available,NON A/C Semi Sleeper / Sleeper (2+1)
https://www.redbus.in/bus-tickets/kadapa-to-bangalore,Kadapa to Bangalore,Royal Voyage Travels (RVT),23:50,06h 20m,06:10,4.1,INR 799,17 Seats available,A/C Seater / Sleeper (2+1)
https://www.redbus.in/bus-tickets/kadapa-to-bangalore,Kadapa to Bangalore,Sri Shrinivasa Bus Transport (SSBT),23:55,05h 35m,05:30,4.2,INR 660,23 Seats available,Non A/C Seater / Sleeper (2+1)
https://www.redbus.in/bus-tickets/kadapa-to-bangalore,Kadapa to Bangalore,Giridhar Tours and Travels,23:59,05h 41m,05:40,5.0,INR 790,21 Seats available,A/C Seater/Sleeper (2+1)
https://www.redbus.in/bus-tickets/kadapa-to-bangalore,Kadapa to Bangalore,Sri Shrinivasa Bus Transport (SSBT),23:59,06h 01m,06:00,3.4,INR 660,31 Seats available,Non A/C Seater / Sleeper (2+1)
https://www.redbus.in/bus-tickets/kadapa-to-bangalore,Kadapa to Bangalore,Sri Vengamamba Bus Transport (SVBT),00:00,04h 25m,04:25,4.4,INR 700,17 Seats available,Non A/C Seater / Sleeper (2+1)
https://www.redbus.in/bus-tickets/kadapa-to-bangalore,Kadapa to Bangalore,Jathin travels,01:00,06h 45m,07:45,4.1,INR 850,19 Seats available,A/C Seater / Sleeper (2+1)
https://www.redbus.in/bus-tickets/kadapa-to-bangalore,Kadapa to Bangalore,Indu Travels,23:15,05h 45m,05:00,2.9,INR 549,21 Seats available,Non A/C Seater / Sleeper (2+1)
https://www.redbus.in/bus-tickets/kadapa-to-bangalore,Kadapa to Bangalore,AR & BCVR Travels,23:15,06h 15m,05:30,3.9,INR 1200,16 Seats available,A/C Sleeper (2+1)
https://www.redbus.in/bus-tickets/kadapa-to-bangalore,Kadapa to Bangalore,Sri Vengamamba Bus Transport (SVBT),23:50,06h 45m,06:35,4.5,INR 1690,14 Seats available,A/C Sleeper (2+1)
https://www.redbus.in/bus-tickets/kadapa-to-bangalore,Kadapa to Bangalore,Sri Vengamamba Bus Transport (SVBT),23:59,05h 01m,05:00,4.0,INR 1484,10 Seats available,A/C Sleeper (2+1)
https://www.redbus.in/bus-tickets/kadapa-to-bangalore,Kadapa to Bangalore,V Kaveri Travels,23:59,06h 31m,06:30,3.8,INR 1290,25 Seats available,A/C Sleeper (2+1)
https://www.redbus.in/bus-tickets/kadapa-to-bangalore,Kadapa to Bangalore,Bharath Travels,22:20,07h 40m,06:00,2.9,INR 3000,3 Seats available,Non A/C Seater / Sleeper (2+1)
https://www.redbus.in/bus-tickets/kadapa-to-bangalore,Kadapa to Bangalore,BABA TRAVELS,22:40,07h 45m,06:25,1.7,INR 2000,36 Seats available,Non A/C Seater / Sleeper (2+1)
https://www.redbus.in/bus-tickets/bangalore-to-kadiri,Bangalore to Kadiri,Maheswari Travels,20:00,06h 40m,02:40,3.8,INR 499,20 Seats available,Non A/C Seater / Sleeper (2+1)
https://www.redbus.in/bus-tickets/bangalore-to-kadiri,Bangalore to Kadiri,Indu Travels,20:00,06h 15m,02:15,3.1,INR 399,13 Seats available,Non A/C Seater / Sleeper (2+1)
https://www.redbus.in/bus-tickets/bangalore-to-kadiri,Bangalore to Kadiri,SEVEN HILLS TRAVELS,20:25,06h 05m,02:30,4.3,INR 500,30 Seats available,Non A/C Seater / Sleeper (2+1)
https://www.redbus.in/bus-tickets/bangalore-to-kadiri,Bangalore to Kadiri,Indu Travels,20:30,05h 45m,02:15,3.9,INR 399,18 Seats available,Non A/C Seater / Sleeper (2+1)
https://www.redbus.in/bus-tickets/bangalore-to-kadiri,Bangalore to Kadiri,Vasavi travels,20:30,05h 30m,02:00,3.8,INR 500,34 Seats available,Non A/C Seater / Sleeper (2+1)
https://www.redbus.in/bus-tickets/bangalore-to-kadiri,Bangalore to Kadiri,AR & BCVR Travels,21:00,06h 00m,03:00,4.5,INR 500,32 Seats available,Non A/C Seater / Sleeper (2+1)
https://www.redbus.in/bus-tickets/bangalore-to-kadiri,Bangalore to Kadiri,AR & BCVR Travels,21:15,05h 45m,03:00,4.1,INR 500,37 Seats available,Non A/C Seater / Sleeper (2+1)
https://www.redbus.in/bus-tickets/madanapalli-to-bangalore,Madanapalli to Bangalore,BABA TRAVELS,23:59,06h 26m,06:25,3.5,INR 2000,36 Seats available,Non A/C Seater / Sleeper (2+1)
https://www.redbus.in/bus-tickets/madanapalli-to-bangalore,Madanapalli to Bangalore,HARITHA TRAVELS,01:15,04h 20m,05:35,3.8,INR 720,24 Seats available,A/C Seater / Sleeper (2+1)
https://www.redbus.in/bus-tickets/tirupathi-to-bangalore,Tirupati to Bangalore,NueGo,11:00,06h 45m,17:45,4.2,332,15 Seats available,Electric A/C Seater (2+2)
https://www.redbus.in/bus-tickets/tirupathi-to-bangalore,Tirupati to Bangalore,Yolo Bus,11:45,05h 58m,17:43,3.5,INR 450,11 Seats available,Bharat Benz A/C Seater /Sleeper (2+1)
https://www.redbus.in/bus-tickets/tirupathi-to-bangalore,Tirupati to Bangalore,FRESHBUS,12:00,05h 35m,17:35,4.8,314,25 Seats available,Electric A/C Seater (2+2)
https://www.redbus.in/bus-tickets/tirupathi-to-bangalore,Tirupati to Bangalore,AdHYBUS,22:45,05h 35m,04:20,4.6,603,26 Seats available,Bharat Benz A/C Sleeper (2+1)
https://www.redbus.in/bus-tickets/tirupathi-to-bangalore,Tirupati to Bangalore,NueGo,12:00,07h 20m,19:20,4.2,332,23 Seats available,Electric A/C Seater (2+2)
https://www.redbus.in/bus-tickets/tirupathi-to-bangalore,Tirupati to Bangalore,Navayuga Travels,12:30,07h 00m,19:30,4.2,INR 249,26 Seats available,A/C Seater / Sleeper (2+1)
https://www.redbus.in/bus-tickets/tirupathi-to-bangalore,Tirupati to Bangalore,Sea Bird Tourist,13:30,06h 00m,19:30,3.5,INR 1000,13 Seats available,A/C Sleeper (2+1)
https://www.redbus.in/bus-tickets/tirupathi-to-bangalore,Tirupati to Bangalore,AdGKT TRAVELS,23:00,04h 05m,03:05,3.5,474,27 Seats available,A/C Seater/Sleeper (2+1)
https://www.redbus.in/bus-tickets/tirupathi-to-bangalore,Tirupati to Bangalore,FRESHBUS,14:00,05h 55m,19:55,4.6,332,24 Seats available,Electric A/C Seater (2+2)
https://www.redbus.in/bus-tickets/tirupathi-to-bangalore,Tirupati to Bangalore,FRESHBUS,16:00,05h 20m,21:20,4.7,422,21 Seats available,Electric A/C Seater (2+2)
https://www.redbus.in/bus-tickets/tirupathi-to-bangalore,Tirupati to Bangalore,Yolo Bus,14:16,05h 58m,20:14,4.2,INR 300,6 Seats available,Bharat Benz A/C Seater /Sleeper (2+1)
https://www.redbus.in/bus-tickets/tirupathi-to-bangalore,Tirupati to Bangalore,NueGo,15:30,07h 20m,22:50,4.5,332,29 Seats available,Electric A/C Seater (2+2)
https://www.redbus.in/bus-tickets/tirupathi-to-bangalore,Tirupati to Bangalore,FRESHBUS,22:00,05h 40m,03:40,4.6,431,40 Seats available,Electric A/C Seater (2+2)
https://www.redbus.in/bus-tickets/tirupathi-to-bangalore,Tirupati to Bangalore,NueGo,18:00,29h 45m,23:45,4.4,332,39 Seats available,Electric A/C Seater (2+2)
https://www.redbus.in/bus-tickets/tirupathi-to-bangalore,Tirupati to Bangalore,Yolo Bus,19:00,05h 58m,00:58,3.8,INR 250,29 Seats available,Bharat Benz A/C Seater /Sleeper (2+1)
https://www.redbus.in/bus-tickets/tirupathi-to-bangalore,Tirupati to Bangalore,NueGo,19:30,06h 45m,02:15,4.3,332,40 Seats available,Electric A/C Seater (2+2)
https://www.redbus.in/bus-tickets/tirupathi-to-bangalore,Tirupati to Bangalore,Yolo Bus,22:00,05h 58m,03:58,4.4,INR 350,35 Seats available,Bharat Benz A/C Seater /Sleeper (2+1)
https://www.redbus.in/bus-tickets/tirupathi-to-bangalore,Tirupati to Bangalore,NueGo,22:00,06h 45m,04:45,4.6,332,32 Seats available,Electric A/C Seater (2+2)
https://www.redbus.in/bus-tickets/tirupathi-to-bangalore,Tirupati to Bangalore,BSRM Travels,23:25,06h 15m,05:40,4.7,449,11 Seats available,A/C Seater / Sleeper (2+1)
https://www.redbus.in/bus-tickets/tirupathi-to-bangalore,Tirupati to Bangalore,RDS Travels,22:30,05h 45m,04:15,4.3,3599,36 Seats available,NON A/C Sleeper (2+1)
https://www.redbus.in/bus-tickets/tirupathi-to-bangalore,Tirupati to Bangalore,RK Travels,22:30,07h 10m,05:40,3.3,INR 499,19 Seats available,Non A/C Seater / Sleeper (2+1)
https://www.redbus.in/bus-tickets/tirupathi-to-bangalore,Tirupati to Bangalore,RK Travels,22:31,07h 14m,05:45,3.2,INR 499,13 Seats available,Non A/C Seater / Sleeper (2+1)
https://www.redbus.in/bus-tickets/tirupathi-to-bangalore,Tirupati to Bangalore,BSRM Travels,23:00,06h 25m,05:25,4.5,449,16 Seats available,Non A/C Seater / Sleeper (2+1)
https://www.redbus.in/bus-tickets/tirupathi-to-bangalore,Tirupati to Bangalore,Yolo Bus,22:45,05h 58m,04:43,4.2,INR 350,32 Seats available,Bharat Benz A/C Seater /Sleeper (2+1)
https://www.redbus.in/bus-tickets/tirupathi-to-bangalore,Tirupati to Bangalore,FRESHBUS,22:50,05h 30m,04:20,4.7,467,37 Seats available,Electric A/C Seater (2+2)
https://www.redbus.in/bus-tickets/tirupathi-to-bangalore,Tirupati to Bangalore,RK Travels,22:50,05h 50m,04:40,3.3,INR 499,29 Seats available,Non A/C Seater / Sleeper (2+1)
https://www.redbus.in/bus-tickets/tirupathi-to-bangalore,Tirupati to Bangalore,NueGo,23:00,06h 45m,05:45,4.5,332,32 Seats available,Electric A/C Seater (2+2)
https://www.redbus.in/bus-tickets/tirupathi-to-bangalore,Tirupati to Bangalore,Yolo Bus,23:21,05h 58m,05:19,4.2,INR 390,34 Seats available,Bharat Benz A/C Seater /Sleeper (2+1)
https://www.redbus.in/bus-tickets/tirupathi-to-bangalore,Tirupati to Bangalore,HYBUS,23:45,05h 30m,05:15,4.5,603,25 Seats available,Bharat Benz A/C Sleeper (2+1)
https://www.redbus.in/bus-tickets/tirupathi-to-bangalore,Tirupati to Bangalore,RK Travels,23:30,06h 30m,06:00,4.1,INR 499,28 Seats available,Non A/C Seater / Sleeper (2+1)
https://www.redbus.in/bus-tickets/tirupathi-to-bangalore,Tirupati to Bangalore,FRESHBUS,23:50,05h 30m,05:20,4.7,440,40 Seats available,Electric A/C Seater (2+2)
https://www.redbus.in/bus-tickets/tirupathi-to-bangalore,Tirupati to Bangalore,RK Travels,23:30,06h 10m,05:40,3.9,INR 599,16 Seats available,A/C Seater / Sleeper (2+1)
https://www.redbus.in/bus-tickets/tirupathi-to-bangalore,Tirupati to Bangalore,CHOPPA TRAVELS,23:30,05h 30m,05:00,4.2,INR 699,6 Seats available,NON A/C Sleeper (2+1)
https://www.redbus.in/bus-tickets/tirupathi-to-bangalore,Tirupati to Bangalore,CHOPPA TRAVELS,23:30,05h 45m,05:15,3.9,INR 499,16 Seats available,Non A/C Seater / Sleeper (2+1)
https://www.redbus.in/bus-tickets/tirupathi-to-bangalore,Tirupati to Bangalore,Go Tour Travels and Holidays,23:55,05h 35m,05:30,4.3,677,10 Seats available,A/C Sleeper (2+1)
https://www.redbus.in/bus-tickets/tirupathi-to-bangalore,Tirupati to Bangalore,Sai Sindhu Travels,23:30,05h 30m,05:00,3.4,INR 690,12 Seats available,NON A/C Sleeper (2+1)
https://www.redbus.in/bus-tickets/tirupathi-to-bangalore,Tirupati to Bangalore,Sri Shanmukh Travels,23:45,04h 30m,04:15,3.0,INR 500,23 Seats available,A/C Sleeper (2+1)
https://www.redbus.in/bus-tickets/tirupathi-to-bangalore,Tirupati to Bangalore,NueGo,23:50,06h 45m,06:35,4.5,332,28 Seats available,Electric A/C Seater (2+2)
https://www.redbus.in/bus-tickets/tirupathi-to-bangalore,Tirupati to Bangalore,Siri SmartBus,23:55,04h 40m,04:35,5.0,743,11 Seats available,VE A/C Sleeper (2+1)
https://www.redbus.in/bus-tickets/tirupathi-to-bangalore,Tirupati to Bangalore,Vega Bus,23:55,04h 15m,04:10,3.7,569,20 Seats available,A/C Seater / Sleeper (2+1)
https://www.redbus.in/bus-tickets/tirupathi-to-bangalore,Tirupati to Bangalore,Sri Vengamamba Bus Transport (SVBT),23:59,06h 21m,06:20,3.4,INR 611,14 Seats available,Non A/C Seater / Sleeper (2+1)
https://www.redbus.in/bus-tickets/tirupathi-to-bangalore,Tirupati to Bangalore,Sri Vinayaka Travels,00:16,05h 14m,05:30,3.7,INR 450,9 Seats available,A/C Seater / Sleeper (2+1)
https://www.redbus.in/bus-tickets/tirupathi-to-bangalore,Tirupati to Bangalore,AGR Travels,00:30,06h 05m,06:35,3.5,INR 650,4 Seats available,A/C Sleeper (2+1)
https://www.redbus.in/bus-tickets/tirupathi-to-bangalore,Tirupati to Bangalore,Dream Line Travels Pvt Ltd,00:30,04h 45m,05:15,3.9,INR 691,15 Seats available,A/C Sleeper (2+1)
https://www.redbus.in/bus-tickets/tirupathi-to-bangalore,Tirupati to Bangalore,Jabbar Travels,00:30,05h 00m,05:30,3.8,INR 538,13 Seats available,NON A/C Sleeper (2+1)
https://www.redbus.in/bus-tickets/tirupathi-to-bangalore,Tirupati to Bangalore,Sri Shanmukh Travels,00:45,04h 00m,04:45,3.0,INR 500,18 Seats available,A/C Sleeper (2+1)
https://www.redbus.in/bus-tickets/tirupathi-to-bangalore,Tirupati to Bangalore,Bharathi Travels,17:30,05h 15m,22:45,2.9,INR 550,26 Seats available,A/C Sleeper (2+1)
https://www.redbus.in/bus-tickets/tirupathi-to-bangalore,Tirupati to Bangalore,RK Travels,23:00,06h 30m,05:30,2.8,INR 399,31 Seats available,Non A/C Seater / Sleeper (2+1)
https://www.redbus.in/bus-tickets/tirupathi-to-bangalore,Tirupati to Bangalore,Manis Travels,23:30,05h 30m,05:00,2.3,INR 1399,37 Seats available,Volvo Multi-Axle A/C Sleeper (2+1)
https://www.redbus.in/bus-tickets/tirupathi-to-bangalore,Tirupati to Bangalore,LUCKY TRAVELS,23:59,05h 21m,05:20,2.9,INR 699,17 Seats available,NON A/C Sleeper (2+1)
https://www.redbus.in/bus-tickets/tirupathi-to-bangalore,Tirupati to Bangalore,Bharathi Travels,23:59,05h 36m,05:35,2.3,INR 449,39 Seats available,Non A/C Seater / Sleeper (2+1)
https://www.redbus.in/bus-tickets/tirupathi-to-bangalore,Tirupati to Bangalore,Aditya Logistics,23:59,06h 01m,06:00,2.6,INR 699,18 Seats available,A/C Sleeper (2+1)
https://www.redbus.in/bus-tickets/tirupathi-to-bangalore,Tirupati to Bangalore,KTC Travels,23:59,06h 01m,06:00,2.4,INR 1500,30 Seats available,NON A/C Sleeper (2+1)
https://www.redbus.in/bus-tickets/tirupathi-to-bangalore,Tirupati to Bangalore,Simhapuri Travels,00:20,05h 10m,05:30,1.6,INR 680,10 Seats available,NON A/C Sleeper (2+1)
https://www.redbus.in/bus-tickets/tirupathi-to-bangalore,Tirupati to Bangalore,Dhriti Travels,19:30,04h 25m,23:55,4.3,INR 900,20 Seats available,VE A/C Sleeper (2+1)
https://www.redbus.in/bus-tickets/tirupathi-to-bangalore,Tirupati to Bangalore,Balaji Tourist,22:00,07h 00m,05:00,3.0,INR 2000,1 Seat available,Volvo Multi-Axle A/C Semisleeper (2+2)
https://www.redbus.in/bus-tickets/tirupathi-to-bangalore,Tirupati to Bangalore,CHOPPA TRAVELS,23:05,06h 25m,05:30,4.2,INR 799,6 Seats available,A/C Sleeper (2+1)
https://www.redbus.in/bus-tickets/tirupathi-to-bangalore,Tirupati to Bangalore,Sri Kamakshi Tours And Travels,23:20,05h 45m,05:05,4.1,INR 3999,32 Seats available,NON A/C Sleeper (2+1)
https://www.redbus.in/bus-tickets/tirupathi-to-bangalore,Tirupati to Bangalore,GKT TRAVELS,23:30,06h 00m,05:30,3.7,902,21 Seats available,A/C Sleeper (2+1)
https://www.redbus.in/bus-tickets/tirupathi-to-bangalore,Tirupati to Bangalore,GKT TRAVELS,23:30,06h 45m,06:15,3.6,807,20 Seats available,A/C Sleeper (2+1)
https://www.redbus.in/bus-tickets/tirupathi-to-bangalore,Tirupati to Bangalore,Sri Kamakshi Tours And Travels,23:40,05h 20m,05:00,4.0,INR 3999,32 Seats available,NON A/C Sleeper (2+1)
https://www.redbus.in/bus-tickets/tirupathi-to-bangalore,Tirupati to Bangalore,Ramu Tours & Travels,23:55,06h 05m,06:00,3.1,INR 790,23 Seats available,A/C Sleeper (2+1)
https://www.redbus.in/bus-tickets/tirupathi-to-bangalore,Tirupati to Bangalore,Ramu Tours & Travels,23:55,05h 35m,05:30,3.1,INR 790,16 Seats available,A/C Seater / Sleeper (2+1)
https://www.redbus.in/bus-tickets/tirupathi-to-bangalore,Tirupati to Bangalore,AKHILA TRAVELS,23:56,05h 19m,05:15,3.5,INR 849,18 Seats available,A/C Semi Sleeper / Sleeper (2+1)
https://www.redbus.in/bus-tickets/tirupathi-to-bangalore,Tirupati to Bangalore,GRV Yatrikha LLP,23:59,04h 31m,04:30,3.0,INR 1199,1 Seat available,Scania AC Multi Axle Sleeper (2+1)
https://www.redbus.in/bus-tickets/tirupathi-to-bangalore,Tirupati to Bangalore,AKHILA TRAVELS,23:59,05h 31m,05:30,3.5,INR 849,17 Seats available,A/C Semi Sleeper / Sleeper (2+1)
https://www.redbus.in/bus-tickets/tirupathi-to-bangalore,Tirupati to Bangalore,BSR Tours And Travels,23:59,05h 01m,05:00,3.5,INR 1019,22 Seats available,Volvo 9600 Multi-Axle A/C Sleeper (2+1)
https://www.redbus.in/bus-tickets/tirupathi-to-bangalore,Tirupati to Bangalore,GreenLine Travels And Holidays,23:59,05h 31m,05:30,4.6,INR 1350,16 Seats available,VE Executive A/C Sleeper (1+1)
https://www.redbus.in/bus-tickets/tirupathi-to-bangalore,Tirupati to Bangalore,Rajesh Transports,23:59,05h 31m,05:30,4.5,INR 999,19 Seats available,A/C Volvo B11R Multi-Axle Sleeper (2+1)
https://www.redbus.in/bus-tickets/tirupathi-to-bangalore,Tirupati to Bangalore,GreenLine Travels And Holidays,00:15,05h 45m,06:00,4.4,INR 900,13 Seats available,VE A/C Sleeper (2+1)
https://www.redbus.in/bus-tickets/tirupathi-to-bangalore,Tirupati to Bangalore,Sohan Tours & Travels,00:26,05h 24m,05:50,4.5,INR 890,8 Seats available,Bharat Benz A/C Sleeper (2+1)
https://www.redbus.in/bus-tickets/tirupathi-to-bangalore,Tirupati to Bangalore,Jabbar Travels,00:45,05h 15m,06:00,3.8,INR 810,12 Seats available,Bharat Benz A/C Sleeper (2+1)
https://www.redbus.in/bus-tickets/tirupathi-to-bangalore,Tirupati to Bangalore,Sri Durga Malleswari Travels,02:25,06h 05m,08:30,4.1,990,13 Seats available,A/C Sleeper (2+1)
https://www.redbus.in/bus-tickets/tirupathi-to-bangalore,Tirupati to Bangalore,Rapid Travels,23:50,06h 10m,06:00,2.8,INR 1999,21 Seats available,NON A/C Sleeper (2+1)
https://www.redbus.in/bus-tickets/tirupathi-to-bangalore,Tirupati to Bangalore,Rapid Travels,23:59,05h 31m,05:30,1.6,INR 1699,17 Seats available,NON A/C Sleeper (2+1)
https://www.redbus.in/bus-tickets/bangalore-to-chittoor-andhra-pradesh,Bangalore to Chittoor (Andhra Pradesh),NueGo,10:20,02h 55m,13:15,4.3,332,13 Seats available,Electric A/C Seater (2+2)
https://www.redbus.in/bus-tickets/bangalore-to-chittoor-andhra-pradesh,Bangalore to Chittoor (Andhra Pradesh),Yolo Bus,10:34,03h 34m,14:08,3.4,160,19 Seats available,Bharat Benz A/C Seater /Sleeper (2+1)
https://www.redbus.in/bus-tickets/bangalore-to-chittoor-andhra-pradesh,Bangalore to Chittoor (Andhra Pradesh),NueGo,11:00,05h 00m,16:00,4.2,332,17 Seats available,Electric A/C Seater (2+2)
https://www.redbus.in/bus-tickets/bangalore-to-chittoor-andhra-pradesh,Bangalore to Chittoor (Andhra Pradesh),Yolo Bus,11:55,05h 08m,17:03,3.7,INR 350,30 Seats available,Bharat Benz A/C Seater /Sleeper (2+1)
https://www.redbus.in/bus-tickets/bangalore-to-chittoor-andhra-pradesh,Bangalore to Chittoor (Andhra Pradesh),FRESHBUS,12:35,04h 25m,17:00,4.9,314,31 Seats available,Electric A/C Seater (2+2)
https://www.redbus.in/bus-tickets/bangalore-to-chittoor-andhra-pradesh,Bangalore to Chittoor (Andhra Pradesh),NueGo,13:00,04h 15m,17:15,4.3,332,23 Seats available,Electric A/C Seater (2+2)
https://www.redbus.in/bus-tickets/bangalore-to-chittoor-andhra-pradesh,Bangalore to Chittoor (Andhra Pradesh),Yolo Bus,13:45,05h 08m,18:53,3.9,INR 350,33 Seats available,Bharat Benz A/C Seater /Sleeper (2+1)
https://www.redbus.in/bus-tickets/bangalore-to-chittoor-andhra-pradesh,Bangalore to Chittoor (Andhra Pradesh),NueGo,14:00,04h 15m,18:15,4.2,332,23 Seats available,Electric A/C Seater (2+2)
https://www.redbus.in/bus-tickets/bangalore-to-chittoor-andhra-pradesh,Bangalore to Chittoor (Andhra Pradesh),FRESHBUS,14:30,04h 50m,19:20,4.4,323,23 Seats available,Electric A/C Seater (2+2)
https://www.redbus.in/bus-tickets/bangalore-to-chittoor-andhra-pradesh,Bangalore to Chittoor (Andhra Pradesh),Yolo Bus,14:55,05h 48m,20:43,3.6,INR 350,31 Seats available,Bharat Benz A/C Seater /Sleeper (2+1)
https://www.redbus.in/bus-tickets/bangalore-to-chittoor-andhra-pradesh,Bangalore to Chittoor (Andhra Pradesh),SVD Vedansh Travels,16:00,04h 45m,20:45,3.7,INR 599,31 Seats available,A/C Sleeper (2+1)
https://www.redbus.in/bus-tickets/bangalore-to-chittoor-andhra-pradesh,Bangalore to Chittoor (Andhra Pradesh),NueGo,18:00,05h 40m,23:40,3.6,332,21 Seats available,Electric A/C Seater (2+2)
https://www.redbus.in/bus-tickets/bangalore-to-chittoor-andhra-pradesh,Bangalore to Chittoor (Andhra Pradesh),FlixBus,18:30,05h 26m,23:56,4.4,INR 615.18,14 Seats available,A/C Sleeper (2+1)
https://www.redbus.in/bus-tickets/bangalore-to-chittoor-andhra-pradesh,Bangalore to Chittoor (Andhra Pradesh),FlixBus,19:00,06h 21m,01:21,4.5,INR 615.18,27 Seats available,A/C Sleeper (2+1)
https://www.redbus.in/bus-tickets/bangalore-to-chittoor-andhra-pradesh,Bangalore to Chittoor (Andhra Pradesh),FRESHBUS,19:20,04h 25m,23:45,4.7,404,36 Seats available,Electric A/C Seater (2+2)
https://www.redbus.in/bus-tickets/bangalore-to-chittoor-andhra-pradesh,Bangalore to Chittoor (Andhra Pradesh),Yolo Bus,19:50,05h 08m,00:58,3.0,INR 470,33 Seats available,Bharat Benz A/C Seater /Sleeper (2+1)
https://www.redbus.in/bus-tickets/bangalore-to-chittoor-andhra-pradesh,Bangalore to Chittoor (Andhra Pradesh),IntrCity SmartBus,19:55,03h 30m,23:25,4.4,INR 519,30 Seats available,A/C Seater / Sleeper (2+1)
https://www.redbus.in/bus-tickets/bangalore-to-chittoor-andhra-pradesh,Bangalore to Chittoor (Andhra Pradesh),RK Travels,20:15,05h 45m,02:00,3.1,INR 499,14 Seats available,Non A/C Seater / Sleeper (2+1)
https://www.redbus.in/bus-tickets/bangalore-to-chittoor-andhra-pradesh,Bangalore to Chittoor (Andhra Pradesh),IntrCity SmartBus,20:25,03h 15m,23:40,4.4,INR 519,31 Seats available,A/C Seater / Sleeper (2+1)
https://www.redbus.in/bus-tickets/bangalore-to-chittoor-andhra-pradesh,Bangalore to Chittoor (Andhra Pradesh),IntrCity SmartBus,20:25,03h 25m,23:50,4.4,INR 519,36 Seats available,A/C Seater / Sleeper (2+1)
https://www.redbus.in/bus-tickets/bangalore-to-chittoor-andhra-pradesh,Bangalore to Chittoor (Andhra Pradesh),FlixBus,20:30,05h 21m,01:51,3.8,INR 615.18,31 Seats available,VE A/C Sleeper (2+1)
https://www.redbus.in/bus-tickets/bangalore-to-chittoor-andhra-pradesh,Bangalore to Chittoor (Andhra Pradesh),RK Travels,20:30,05h 30m,02:00,3.4,INR 350,34 Seats available,Non A/C Seater / Sleeper (2+1)
https://www.redbus.in/bus-tickets/bangalore-to-chittoor-andhra-pradesh,Bangalore to Chittoor (Andhra Pradesh),RK Travels,20:50,05h 30m,02:20,3.4,INR 399,26 Seats available,Non A/C Seater / Sleeper (2+1)
https://www.redbus.in/bus-tickets/bangalore-to-chittoor-andhra-pradesh,Bangalore to Chittoor (Andhra Pradesh),Yolo Bus,21:00,05h 18m,02:18,4.1,INR 380,21 Seats available,Bharat Benz A/C Seater /Sleeper (2+1)
https://www.redbus.in/bus-tickets/bangalore-to-chittoor-andhra-pradesh,Bangalore to Chittoor (Andhra Pradesh),Rajeswari Travels,21:00,06h 35m,03:35,3.4,599,16 Seats available,A/C Sleeper (2+1)
https://www.redbus.in/bus-tickets/bangalore-to-chittoor-andhra-pradesh,Bangalore to Chittoor (Andhra Pradesh),RK Travels,21:00,05h 00m,02:00,3.5,INR 499,33 Seats available,A/C Seater / Sleeper (2+1)
https://www.redbus.in/bus-tickets/bangalore-to-chittoor-andhra-pradesh,Bangalore to Chittoor (Andhra Pradesh),RK Travels,21:00,05h 30m,02:30,3.4,INR 399,32 Seats available,Non A/C Seater / Sleeper (2+1)
https://www.redbus.in/bus-tickets/bangalore-to-chittoor-andhra-pradesh,Bangalore to Chittoor (Andhra Pradesh),GKT TRAVELS,21:00,05h 40m,02:40,3.0,427,24 Seats available,A/C Seater/Sleeper (2+1)
https://www.redbus.in/bus-tickets/bangalore-to-chittoor-andhra-pradesh,Bangalore to Chittoor (Andhra Pradesh),IntrCity SmartBus,21:10,03h 30m,00:40,4.4,INR 519,31 Seats available,A/C Seater / Sleeper (2+1)
https://www.redbus.in/bus-tickets/bangalore-to-chittoor-andhra-pradesh,Bangalore to Chittoor (Andhra Pradesh),Sri Venkateshwara Tours and Travels,21:15,05h 15m,02:30,3.1,INR 425,54 Seats available,Non A/C Seater / Sleeper (2+1)
https://www.redbus.in/bus-tickets/bangalore-to-chittoor-andhra-pradesh,Bangalore to Chittoor (Andhra Pradesh),Zingbus Plus,21:20,03h 30m,00:50,4.0,398,38 Seats available,A/C Seater / Sleeper (2+1)
https://www.redbus.in/bus-tickets/bangalore-to-chittoor-andhra-pradesh,Bangalore to Chittoor (Andhra Pradesh),Bharathi Travels,21:21,03h 39m,01:00,3.4,INR 350,29 Seats available,NON A/C Semi Sleeper / Sleeper (2+1)
https://www.redbus.in/bus-tickets/bangalore-to-chittoor-andhra-pradesh,Bangalore to Chittoor (Andhra Pradesh),Navayuga Travels,21:35,05h 30m,03:05,3.6,INR 349,29 Seats available,A/C Seater / Sleeper (2+1)
https://www.redbus.in/bus-tickets/bangalore-to-chittoor-andhra-pradesh,Bangalore to Chittoor (Andhra Pradesh),Yolo Bus,21:45,05h 18m,03:03,3.7,INR 350,29 Seats available,Bharat Benz A/C Seater /Sleeper (2+1)
https://www.redbus.in/bus-tickets/bangalore-to-chittoor-andhra-pradesh,Bangalore to Chittoor (Andhra Pradesh),IntrCity SmartBus,21:55,03h 15m,01:10,4.4,INR 479,22 Seats available,Bharat Benz A/C Seater /Sleeper (2+1)
https://www.redbus.in/bus-tickets/bangalore-to-chittoor-andhra-pradesh,Bangalore to Chittoor (Andhra Pradesh),IntrCity SmartBus,22:00,05h 40m,03:40,4.5,INR 539,28 Seats available,A/C Seater / Sleeper (2+1)
https://www.redbus.in/bus-tickets/bangalore-to-chittoor-andhra-pradesh,Bangalore to Chittoor (Andhra Pradesh),Go Tour Travels and Holidays,22:00,03h 45m,01:45,4.3,561,21 Seats available,A/C Sleeper (2+1)
https://www.redbus.in/bus-tickets/bangalore-to-chittoor-andhra-pradesh,Bangalore to Chittoor (Andhra Pradesh),Rajeswari Travels,22:15,04h 10m,02:25,3.4,399,32 Seats available,Non A/C Seater / Sleeper (2+1)
https://www.redbus.in/bus-tickets/bangalore-to-chittoor-andhra-pradesh,Bangalore to Chittoor (Andhra Pradesh),Rajeswari Travels,22:20,04h 30m,02:50,3.4,449,29 Seats available,A/C Seater / Sleeper (2+1)
https://www.redbus.in/bus-tickets/bangalore-to-chittoor-andhra-pradesh,Bangalore to Chittoor (Andhra Pradesh),FlixBus,22:20,05h 40m,04:00,4.2,INR 615.18,34 Seats available,VE A/C Sleeper (2+1)
https://www.redbus.in/bus-tickets/bangalore-to-chittoor-andhra-pradesh,Bangalore to Chittoor (Andhra Pradesh),IntrCity SmartBus,22:30,03h 20m,01:50,4.4,INR 519,37 Seats available,A/C Seater / Sleeper (2+1)
https://www.redbus.in/bus-tickets/bangalore-to-chittoor-andhra-pradesh,Bangalore to Chittoor (Andhra Pradesh),FRESHBUS,22:30,03h 45m,02:15,5.0,467,31 Seats available,Electric A/C Seater (2+2)
https://www.redbus.in/bus-tickets/bangalore-to-chittoor-andhra-pradesh,Bangalore to Chittoor (Andhra Pradesh),IntrCity SmartBus,22:40,03h 15m,01:55,4.4,INR 479,31 Seats available,A/C Seater / Sleeper (2+1)
https://www.redbus.in/bus-tickets/bangalore-to-chittoor-andhra-pradesh,Bangalore to Chittoor (Andhra Pradesh),Yolo Bus,22:45,05h 18m,04:03,3.3,INR 360,35 Seats available,Bharat Benz A/C Seater /Sleeper (2+1)
https://www.redbus.in/bus-tickets/bangalore-to-chittoor-andhra-pradesh,Bangalore to Chittoor (Andhra Pradesh),Bharathi Travels,23:00,02h 40m,01:40,3.4,404,32 Seats available,Non A/C Seater / Sleeper (2+1)
https://www.redbus.in/bus-tickets/bangalore-to-chittoor-andhra-pradesh,Bangalore to Chittoor (Andhra Pradesh),IntrCity SmartBus,23:00,04h 15m,03:15,4.4,INR 479,31 Seats available,A/C Seater / Sleeper (2+1)
https://www.redbus.in/bus-tickets/bangalore-to-chittoor-andhra-pradesh,Bangalore to Chittoor (Andhra Pradesh),NueGo,23:00,05h 00m,04:00,3.2,332,18 Seats available,Electric A/C Seater (2+2)
https://www.redbus.in/bus-tickets/bangalore-to-chittoor-andhra-pradesh,Bangalore to Chittoor (Andhra Pradesh),FRESHBUS,23:10,04h 10m,03:20,4.1,431,36 Seats available,Electric A/C Seater (2+2)
https://www.redbus.in/bus-tickets/bangalore-to-chittoor-andhra-pradesh,Bangalore to Chittoor (Andhra Pradesh),FRESHBUS,23:40,04h 20m,04:00,4.9,449,38 Seats available,Electric A/C Seater (2+2)
https://www.redbus.in/bus-tickets/bangalore-to-chittoor-andhra-pradesh,Bangalore to Chittoor (Andhra Pradesh),NueGo,23:50,04h 15m,04:05,4.5,332,19 Seats available,Electric A/C Seater (2+2)
https://www.redbus.in/bus-tickets/bangalore-to-chittoor-andhra-pradesh,Bangalore to Chittoor (Andhra Pradesh),Bharathi Travels,23:55,04h 20m,04:15,3.4,INR 600,34 Seats available,A/C Sleeper (2+1)
https://www.redbus.in/bus-tickets/bangalore-to-chittoor-andhra-pradesh,Bangalore to Chittoor (Andhra Pradesh),Yolo Bus,12:25,05h 08m,17:33,2.8,INR 350,36 Seats available,Bharat Benz A/C Seater /Sleeper (2+1)
https://www.redbus.in/bus-tickets/bangalore-to-chittoor-andhra-pradesh,Bangalore to Chittoor (Andhra Pradesh),Venson Transports,16:20,05h 40m,22:00,2.6,INR 275,58 Seats available,Non AC Seater (2+3)
https://www.redbus.in/bus-tickets/bangalore-to-chittoor-andhra-pradesh,Bangalore to Chittoor (Andhra Pradesh),Kaveri Travels,19:30,03h 00m,22:30,1.9,INR 459,30 Seats available,A/C Seater / Sleeper (2+1)
https://www.redbus.in/bus-tickets/bangalore-to-chittoor-andhra-pradesh,Bangalore to Chittoor (Andhra Pradesh),NueGo,22:00,04h 15m,02:15,2.7,332,21 Seats available,Electric A/C Seater (2+2)
https://www.redbus.in/bus-tickets/bangalore-to-chittoor-andhra-pradesh,Bangalore to Chittoor (Andhra Pradesh),NueGo,22:15,04h 30m,02:45,2.6,437,41 Seats available,Electric A/C Seater/Sleeper (2+1)
https://www.redbus.in/bus-tickets/bangalore-to-chittoor-andhra-pradesh,Bangalore to Chittoor (Andhra Pradesh),Vega Bus,22:30,05h 00m,03:30,2.1,569,21 Seats available,A/C Seater / Sleeper (2+1)
https://www.redbus.in/bus-tickets/bangalore-to-chittoor-andhra-pradesh,Bangalore to Chittoor (Andhra Pradesh),Shyamoli Paribahan Pvt Ltd,14:10,03h 20m,17:30,3.6,INR 3295,5 Seats available,Bharat Benz A/C Seater /Sleeper (2+1)
https://www.redbus.in/bus-tickets/bangalore-to-chittoor-andhra-pradesh,Bangalore to Chittoor (Andhra Pradesh),SVD Vedansh Travels,14:30,05h 00m,19:30,3.7,INR 1159,27 Seats available,A/C Sleeper (2+1)
https://www.redbus.in/bus-tickets/bangalore-to-chittoor-andhra-pradesh,Bangalore to Chittoor (Andhra Pradesh),VKV Travels,16:00,02h 50m,18:50,4.6,1064,24 Seats available,A/C Sleeper (2+1)
https://www.redbus.in/bus-tickets/bangalore-to-chittoor-andhra-pradesh,Bangalore to Chittoor (Andhra Pradesh),Sai Balaji Travels,16:15,05h 17m,21:32,4.1,INR 3999,2 Seats available,A/C Seater / Sleeper (2+1)
https://www.redbus.in/bus-tickets/bangalore-to-chittoor-andhra-pradesh,Bangalore to Chittoor (Andhra Pradesh),GMC Travels,16:15,03h 25m,19:40,4.0,INR 890,34 Seats available,A/C Seater / Sleeper (2+1)
https://www.redbus.in/bus-tickets/bangalore-to-chittoor-andhra-pradesh,Bangalore to Chittoor (Andhra Pradesh),Shyamoli Paribahan Pvt Ltd,16:15,04h 00m,20:15,3.6,INR 933,14 Seats available,Volvo 9600 Multi-Axle A/C Sleeper (2+1)
https://www.redbus.in/bus-tickets/bangalore-to-chittoor-andhra-pradesh,Bangalore to Chittoor (Andhra Pradesh),Shyamoli Paribahan Pvt Ltd,17:00,04h 00m,21:00,3.6,INR 1091,12 Seats available,Volvo 9600 Multi-Axle A/C Sleeper (2+1)
https://www.redbus.in/bus-tickets/bangalore-to-chittoor-andhra-pradesh,Bangalore to Chittoor (Andhra Pradesh),Svkdt travels,17:30,04h 00m,21:30,3.9,1036,24 Seats available,A/C Sleeper (2+1)
https://www.redbus.in/bus-tickets/bangalore-to-chittoor-andhra-pradesh,Bangalore to Chittoor (Andhra Pradesh),Yaswanth Travels,18:00,04h 30m,22:30,3.7,2850,31 Seats available,A/C Sleeper (2+1)
https://www.redbus.in/bus-tickets/bangalore-to-chittoor-andhra-pradesh,Bangalore to Chittoor (Andhra Pradesh),Mayuri Travels,18:00,03h 30m,21:30,3.7,INR 1110,28 Seats available,A/C Sleeper (2+1)
https://www.redbus.in/bus-tickets/bangalore-to-chittoor-andhra-pradesh,Bangalore to Chittoor (Andhra Pradesh),Prasanna Travels,19:00,03h 30m,22:30,3.3,INR 1000,30 Seats available,A/C Sleeper (2+1)
https://www.redbus.in/bus-tickets/bangalore-to-chittoor-andhra-pradesh,Bangalore to Chittoor (Andhra Pradesh),Shyamoli Paribahan Pvt Ltd,19:00,03h 15m,22:15,3.6,INR 952,23 Seats available,Volvo 9600 A/C Seater/Sleeper (2+1)
https://www.redbus.in/bus-tickets/bangalore-to-chittoor-andhra-pradesh,Bangalore to Chittoor (Andhra Pradesh),Express Line,19:00,03h 15m,22:15,4.3,INR 1269,13 Seats available,Volvo 9600 Multi-Axle A/C Sleeper (2+1)
https://www.redbus.in/bus-tickets/bangalore-to-chittoor-andhra-pradesh,Bangalore to Chittoor (Andhra Pradesh),IntrCity SmartBus,19:20,03h 30m,22:50,4.4,INR 859,12 Seats available,A/C Sleeper (2+1)
https://www.redbus.in/bus-tickets/bangalore-to-chittoor-andhra-pradesh,Bangalore to Chittoor (Andhra Pradesh),Chalasani Travels (Kaleswari),19:30,03h 50m,23:20,4.2,INR 1000,17 Seats available,A/C Sleeper (2+1)
https://www.redbus.in/bus-tickets/bangalore-to-chittoor-andhra-pradesh,Bangalore to Chittoor (Andhra Pradesh),IRA Transports,19:45,03h 25m,23:10,3.9,INR 1035,21 Seats available,A/C Sleeper (2+1)
https://www.redbus.in/bus-tickets/bangalore-to-chittoor-andhra-pradesh,Bangalore to Chittoor (Andhra Pradesh),Shyamoli Paribahan Pvt Ltd,19:45,03h 00m,22:45,3.6,INR 1232,11 Seats available,Volvo 9600 Multi-Axle A/C Sleeper (2+1)
https://www.redbus.in/bus-tickets/bangalore-to-chittoor-andhra-pradesh,Bangalore to Chittoor (Andhra Pradesh),Pramukh Travels,20:00,02h 30m,22:30,4.6,INR 1199,20 Seats available,Volvo 9600 Multi-Axle A/C Sleeper (2+1)
https://www.redbus.in/bus-tickets/bangalore-to-chittoor-andhra-pradesh,Bangalore to Chittoor (Andhra Pradesh),Kamakshi Tours And Travels,20:30,04h 15m,00:45,3.9,INR 1069,8 Seats available,A/C Sleeper (2+1)
https://www.redbus.in/bus-tickets/bangalore-to-chittoor-andhra-pradesh,Bangalore to Chittoor (Andhra Pradesh),Chalasani Travels (Kaleswari),20:50,04h 10m,01:00,4.2,INR 1500,36 Seats available,A/C Sleeper (2+1)
https://www.redbus.in/bus-tickets/bangalore-to-chittoor-andhra-pradesh,Bangalore to Chittoor (Andhra Pradesh),Chalasani Travels (Kaleswari),21:00,03h 10m,00:10,4.2,INR 1000,19 Seats available,A/C Sleeper (2+1)
https://www.redbus.in/bus-tickets/bangalore-to-chittoor-andhra-pradesh,Bangalore to Chittoor (Andhra Pradesh),GKT TRAVELS,21:05,05h 45m,02:50,3.0,645,23 Seats available,A/C Sleeper (2+1)
https://www.redbus.in/bus-tickets/bangalore-to-chittoor-andhra-pradesh,Bangalore to Chittoor (Andhra Pradesh),GKT TRAVELS,21:20,05h 45m,03:05,3.0,645,19 Seats available,A/C Sleeper (2+1)
https://www.redbus.in/bus-tickets/bangalore-to-chittoor-andhra-pradesh,Bangalore to Chittoor (Andhra Pradesh),KMBT Travels,21:30,04h 00m,01:30,3.6,823,25 Seats available,A/C Seater / Sleeper (2+1)
https://www.redbus.in/bus-tickets/bangalore-to-chittoor-andhra-pradesh,Bangalore to Chittoor (Andhra Pradesh),Zingbus Plus,21:40,03h 35m,01:15,4.0,830,26 Seats available,VE A/C Sleeper (2+1)
https://www.redbus.in/bus-tickets/bangalore-to-chittoor-andhra-pradesh,Bangalore to Chittoor (Andhra Pradesh),Siri SmartBus,21:50,03h 40m,01:30,4.4,671,19 Seats available,VE A/C Sleeper (2+1)
https://www.redbus.in/bus-tickets/bangalore-to-chittoor-andhra-pradesh,Bangalore to Chittoor (Andhra Pradesh),Siri SmartBus,22:00,04h 00m,02:00,4.4,698,16 Seats available,VE A/C Sleeper (2+1)
https://www.redbus.in/bus-tickets/bangalore-to-chittoor-andhra-pradesh,Bangalore to Chittoor (Andhra Pradesh),IRA Transports,22:30,04h 00m,02:30,3.9,INR 920,21 Seats available,Bharat Benz A/C Sleeper (2+1)
https://www.redbus.in/bus-tickets/bangalore-to-chittoor-andhra-pradesh,Bangalore to Chittoor (Andhra Pradesh),Dhriti Travels,22:45,04h 45m,03:30,3.4,INR 900,6 Seats available,VE A/C Sleeper (2+1)
https://www.redbus.in/bus-tickets/bangalore-to-chittoor-andhra-pradesh,Bangalore to Chittoor (Andhra Pradesh),BSR Tours And Travels,23:00,03h 10m,02:10,4.4,INR 1376,20 Seats available,Volvo 9600 Multi-Axle A/C Sleeper (2+1)
https://www.redbus.in/bus-tickets/bangalore-to-chittoor-andhra-pradesh,Bangalore to Chittoor (Andhra Pradesh),Sai Sindhu Travels,23:15,03h 45m,03:00,3.5,INR 890,23 Seats available,NON A/C Sleeper (2+1)
https://www.redbus.in/bus-tickets/bangalore-to-chittoor-andhra-pradesh,Bangalore to Chittoor (Andhra Pradesh),Rajesh Transports,23:20,03h 25m,02:45,4.4,INR 1275,36 Seats available,A/C Sleeper (2+1)
https://www.redbus.in/bus-tickets/bangalore-to-chittoor-andhra-pradesh,Bangalore to Chittoor (Andhra Pradesh),Rajesh Transports,23:20,03h 25m,02:45,4.4,INR 999,30 Seats available,A/C Volvo B11R Multi-Axle Sleeper (2+1)
https://www.redbus.in/bus-tickets/bangalore-to-chittoor-andhra-pradesh,Bangalore to Chittoor (Andhra Pradesh),Chalasani Travels (Kaleswari),23:20,02h 30m,01:50,4.2,INR 1000,21 Seats available,A/C Sleeper (2+1)
https://www.redbus.in/bus-tickets/bangalore-to-chittoor-andhra-pradesh,Bangalore to Chittoor (Andhra Pradesh),IntrCity SmartBus,23:25,03h 15m,02:40,4.4,INR 729,27 Seats available,AC Sleeper (2+1)
https://www.redbus.in/bus-tickets/bangalore-to-chittoor-andhra-pradesh,Bangalore to Chittoor (Andhra Pradesh),Naveen Tours and Travels,15:28,05h 32m,21:00,2.6,INR 880,30 Seats available,VE A/C Seater / Sleeper (2+1)
https://www.redbus.in/bus-tickets/bangalore-to-chittoor-andhra-pradesh,Bangalore to Chittoor (Andhra Pradesh),FlixBus,15:30,05h 50m,21:20,2.4,INR 758.04,11 Seats available,A/C Sleeper (2+1)
https://www.redbus.in/bus-tickets/bangalore-to-chittoor-andhra-pradesh,Bangalore to Chittoor (Andhra Pradesh),SRI SAI MURALI KRISHNA TRAVELS,17:30,03h 30m,21:00,2.6,INR 4000,30 Seats available,NON A/C Sleeper (2+1)
https://www.redbus.in/bus-tickets/bangalore-to-chittoor-andhra-pradesh,Bangalore to Chittoor (Andhra Pradesh),Chaitra Sri Travels,18:30,05h 20m,23:50,2.7,INR 3999,41 Seats available,Non A/C Seater / Sleeper (2+1)
https://www.redbus.in/bus-tickets/bangalore-to-chittoor-andhra-pradesh,Bangalore to Chittoor (Andhra Pradesh),Morning Star Travels,18:30,04h 00m,22:30,1.9,INR 790,20 Seats available,A/C Sleeper (2+1)
https://www.redbus.in/bus-tickets/bangalore-to-chittoor-andhra-pradesh,Bangalore to Chittoor (Andhra Pradesh),Kaveri Travels,19:00,03h 15m,22:15,2.6,INR 1179,30 Seats available,A/C Sleeper (2+1)
https://www.redbus.in/bus-tickets/bangalore-to-chittoor-andhra-pradesh,Bangalore to Chittoor (Andhra Pradesh),Chaitra Sri Travels,19:15,04h 44m,23:59,2.7,INR 899,26 Seats available,NON A/C Sleeper (2+1)
https://www.redbus.in/bus-tickets/bangalore-to-chittoor-andhra-pradesh,Bangalore to Chittoor (Andhra Pradesh),Morning Star Travels,19:15,03h 45m,23:00,New,INR 1090,26 Seats available,Volvo Multi Axle B9R A/C Sleeper (2+1)
https://www.redbus.in/bus-tickets/bangalore-to-chittoor-andhra-pradesh,Bangalore to Chittoor (Andhra Pradesh),SV Tours and Travels,21:00,04h 30m,01:30,2.7,1350,41 Seats available,Volvo Multi-Axle A/C Sleeper (2+1)
https://www.redbus.in/bus-tickets/bangalore-to-chittoor-andhra-pradesh,Bangalore to Chittoor (Andhra Pradesh),Morning Star Travels,22:25,02h 45m,01:10,,INR 990,26 Seats available,A/C Sleeper (2+1)
https://www.redbus.in/bus-tickets/kadiri-to-bangalore,Kadiri to Bangalore,AR & BCVR Travels,23:55,05h 05m,05:00,4.5,INR 500,38 Seats available,Non A/C Seater / Sleeper (2+1)
https://www.redbus.in/bus-tickets/kadiri-to-bangalore,Kadiri to Bangalore,Indu Travels,23:59,05h 01m,05:00,4.0,INR 549,26 Seats available,Non A/C Seater / Sleeper (2+1)
https://www.redbus.in/bus-tickets/kadiri-to-bangalore,Kadiri to Bangalore,SEVEN HILLS TRAVELS,23:59,05h 01m,05:00,4.2,INR 500,23 Seats available,Non A/C Seater / Sleeper (2+1)
https://www.redbus.in/bus-tickets/kadiri-to-bangalore,Kadiri to Bangalore,Vasavi travels,23:59,05h 01m,05:00,3.8,INR 500,31 Seats available,Non A/C Seater / Sleeper (2+1)
https://www.redbus.in/bus-tickets/kadiri-to-bangalore,Kadiri to Bangalore,Maheswari Travels,23:45,06h 05m,05:50,1.5,INR 500,26 Seats available,Non A/C Seater / Sleeper (2+1)
https://www.redbus.in/bus-tickets/kadiri-to-bangalore,Kadiri to Bangalore,Indu Travels,23:55,05h 35m,05:30,2.8,INR 499,24 Seats available,Non A/C Seater / Sleeper (2+1)
https://www.redbus.in/bus-tickets/kadiri-to-bangalore,Kadiri to Bangalore,AR & BCVR Travels,23:55,05h 05m,05:00,2.6,INR 500,36 Seats available,Non A/C Seater / Sleeper (2+1)
https://www.redbus.in/bus-tickets/hyderabad-to-narsaraopet,Hyderabad to Narasaraopet,KKaveri Travels,21:00,07h 10m,04:10,3.8,INR 500,17 Seats available,Non A/C Seater / Sleeper (2+1)
https://www.redbus.in/bus-tickets/hyderabad-to-narsaraopet,Hyderabad to Narasaraopet,KKaveri Travels,21:00,07h 10m,04:10,3.6,INR 800,21 Seats available,Bharat Benz A/C Sleeper (2+1)
https://www.redbus.in/bus-tickets/hyderabad-to-narsaraopet,Hyderabad to Narasaraopet,V Kaveri Travels,21:30,06h 30m,04:00,4.5,INR 1000,21 Seats available,Volvo Multi-Axle A/C Sleeper (2+1)
https://www.redbus.in/bus-tickets/hyderabad-to-narsaraopet,Hyderabad to Narasaraopet,V Kaveri Travels,21:30,07h 00m,04:30,3.3,INR 560,33 Seats available,Non A/C Seater / Sleeper (2+1)
https://www.redbus.in/bus-tickets/hyderabad-to-narsaraopet,Hyderabad to Narasaraopet,Kaveri Travels,21:30,07h 15m,04:45,4.0,INR 500,28 Seats available,Non A/C Seater / Sleeper (2+1)
https://www.redbus.in/bus-tickets/hyderabad-to-narsaraopet,Hyderabad to Narasaraopet,Pspk Bus,21:30,06h 40m,04:10,4.6,INR 400,22 Seats available,Non A/C Seater / Sleeper (2+1)
https://www.redbus.in/bus-tickets/hyderabad-to-narsaraopet,Hyderabad to Narasaraopet,Kamakshi Tours And Travels,21:30,06h 45m,04:15,4.0,INR 500,21 Seats available,Non A/C Seater / Sleeper (2+1)
https://www.redbus.in/bus-tickets/hyderabad-to-narsaraopet,Hyderabad to Narasaraopet,V Kaveri Travels,21:30,06h 30m,04:00,3.8,INR 800,25 Seats available,NON A/C Sleeper (2+1)
https://www.redbus.in/bus-tickets/hyderabad-to-narsaraopet,Hyderabad to Narasaraopet,VSN Travels,21:40,06h 15m,03:55,3.7,INR 799,15 Seats available,A/C Sleeper (2+1)
https://www.redbus.in/bus-tickets/hyderabad-to-narsaraopet,Hyderabad to Narasaraopet,Sri Krishna Travels,21:45,06h 45m,04:30,3.2,INR 1000,22 Seats available,Volvo Multi-Axle A/C Sleeper (2+1)
https://www.redbus.in/bus-tickets/hyderabad-to-narsaraopet,Hyderabad to Narasaraopet,SRI MARUTHI TRAVELS,21:45,07h 15m,05:00,3.1,INR 499,30 Seats available,Non A/C Seater / Sleeper (2+1)
https://www.redbus.in/bus-tickets/hyderabad-to-narsaraopet,Hyderabad to Narasaraopet,Sai Balaji Travels,21:45,06h 55m,04:40,4.3,INR 749,15 Seats available,A/C Sleeper (2+1)
https://www.redbus.in/bus-tickets/hyderabad-to-narsaraopet,Hyderabad to Narasaraopet,PALURI GOWTHAMI TOURS AND TRAVELS,22:00,06h 45m,04:45,4.0,INR 700,18 Seats available,A/c sleeper (2+1)
https://www.redbus.in/bus-tickets/hyderabad-to-narsaraopet,Hyderabad to Narasaraopet,Kundana Travels,22:00,06h 50m,04:50,4.1,INR 390,13 Seats available,Non A/C Seater / Sleeper (2+1)
https://www.redbus.in/bus-tickets/hyderabad-to-narsaraopet,Hyderabad to Narasaraopet,Pragathi Travels,22:00,06h 30m,04:30,3.7,INR 449,21 Seats available,NON A/C Push Back (2+2)
https://www.redbus.in/bus-tickets/hyderabad-to-narsaraopet,Hyderabad to Narasaraopet,Kundana Travels,22:00,06h 50m,04:50,4.0,INR 560,16 Seats available,A/C Seater / Sleeper (2+1)
https://www.redbus.in/bus-tickets/hyderabad-to-narsaraopet,Hyderabad to Narasaraopet,SBR Travels,22:10,06h 40m,04:50,3.5,580,13 Seats available,NON A/C Sleeper (2+1)
https://www.redbus.in/bus-tickets/hyderabad-to-narsaraopet,Hyderabad to Narasaraopet,Siva Sai Balaji Tours and Travels,22:10,06h 15m,04:25,4.0,INR 599,24 Seats available,A/C Seater / Sleeper (2+1)
https://www.redbus.in/bus-tickets/hyderabad-to-narsaraopet,Hyderabad to Narasaraopet,Lakshmi Gayatri Travels,22:15,06h 15m,04:30,3.6,INR 499,26 Seats available,NON AC Seater / Sleeper 2+1
https://www.redbus.in/bus-tickets/hyderabad-to-narsaraopet,Hyderabad to Narasaraopet,VV Vinayak Travels,22:15,06h 45m,05:00,3.7,INR 730,21 Seats available,A/C Sleeper (2+1)
https://www.redbus.in/bus-tickets/hyderabad-to-narsaraopet,Hyderabad to Narasaraopet,LVR Travels,22:20,06h 55m,05:15,3.7,INR 649,28 Seats available,A/C Sleeper (2+1)
https://www.redbus.in/bus-tickets/hyderabad-to-narsaraopet,Hyderabad to Narasaraopet,HVT,22:29,06h 31m,05:00,4.5,404,25 Seats available,Non A/C Seater / Sleeper (2+1)
https://www.redbus.in/bus-tickets/hyderabad-to-narsaraopet,Hyderabad to Narasaraopet,KARTHIKEYA TOURS AND TRAVELS,22:30,06h 10m,04:40,3.9,INR 749,13 Seats available,A/C Sleeper (2+1)
https://www.redbus.in/bus-tickets/hyderabad-to-narsaraopet,Hyderabad to Narasaraopet,Kundana Travels,22:30,06h 10m,04:40,3.1,INR 349,24 Seats available,NON A/C Seater (2+2)
https://www.redbus.in/bus-tickets/hyderabad-to-narsaraopet,Hyderabad to Narasaraopet,Kaveri Travels,22:30,06h 10m,04:40,4.5,INR 980,17 Seats available,A/C Sleeper (2+1)
https://www.redbus.in/bus-tickets/hyderabad-to-narsaraopet,Hyderabad to Narasaraopet,KARTHIKEYA TOURS AND TRAVELS,22:30,06h 10m,04:40,3.9,INR 450,12 Seats available,A/C Seater / Sleeper (2+1)
https://www.redbus.in/bus-tickets/hyderabad-to-narsaraopet,Hyderabad to Narasaraopet,Siva Sai Balaji Tours and Travels,22:30,05h 55m,04:25,3.2,INR 549,22 Seats available,Non A/C Seater / Sleeper (2+1)
https://www.redbus.in/bus-tickets/hyderabad-to-narsaraopet,Hyderabad to Narasaraopet,SVR Bus,22:30,06h 05m,04:35,3.8,INR 599,22 Seats available,A/C Seater / Sleeper (2+1)
https://www.redbus.in/bus-tickets/hyderabad-to-narsaraopet,Hyderabad to Narasaraopet,Harshita Tours And Travels,22:30,06h 00m,04:30,4.6,INR 699,11 Seats available,NON A/C Sleeper (2+1)
https://www.redbus.in/bus-tickets/hyderabad-to-narsaraopet,Hyderabad to Narasaraopet,Morning Star Travels,22:30,06h 00m,04:30,3.3,INR 790,22 Seats available,A/C Sleeper (2+1)
https://www.redbus.in/bus-tickets/hyderabad-to-narsaraopet,Hyderabad to Narasaraopet,Mozo travels,22:30,05h 30m,04:00,4.8,INR 599,20 Seats available,A/C Seater / Sleeper (2+1)
https://www.redbus.in/bus-tickets/hyderabad-to-narsaraopet,Hyderabad to Narasaraopet,VV Vinayak Travels,22:35,06h 25m,05:00,3.3,INR 461,23 Seats available,Non A/C Seater / Sleeper (2+1)
https://www.redbus.in/bus-tickets/hyderabad-to-narsaraopet,Hyderabad to Narasaraopet,Sai Vijetha Travels,22:55,06h 00m,04:55,3.8,380,35 Seats available,Non A/C Seater / Sleeper (2+1)
https://www.redbus.in/bus-tickets/hyderabad-to-narsaraopet,Hyderabad to Narasaraopet,Morning Star Travels,23:25,04h 55m,04:20,3.2,INR 790,16 Seats available,A/C Sleeper (2+1)
https://www.redbus.in/bus-tickets/hyderabad-to-narsaraopet,Hyderabad to Narasaraopet,Pragathi Travels,22:00,06h 40m,04:40,2.8,INR 750,19 Seats available,A/C Sleeper (2+1)
https://www.redbus.in/bus-tickets/hyderabad-to-narsaraopet,Hyderabad to Narasaraopet,SBR Travels,22:05,05h 55m,04:00,2.5,664,9 Seats available,NON A/C Sleeper (2+1)
https://www.redbus.in/bus-tickets/hyderabad-to-narsaraopet,Hyderabad to Narasaraopet,Lakshmi Gayatri Travels,22:30,06h 00m,04:30,2.3,INR 649,17 Seats available,NON A/C Sleeper (2+1)
https://www.redbus.in/bus-tickets/hyderabad-to-narsaraopet,Hyderabad to Narasaraopet,SRI MARUTHI TRAVELS,22:30,06h 30m,05:00,2.8,INR 499,34 Seats available,Non A/C Seater / Sleeper (2+1)
https://www.redbus.in/bus-tickets/hyderabad-to-narsaraopet,Hyderabad to Narasaraopet,SRI MARUTHI TRAVELS,22:30,06h 30m,05:00,2.8,INR 599,29 Seats available,A/C Seater / Sleeper (2+1)
https://www.redbus.in/bus-tickets/hyderabad-to-narsaraopet,Hyderabad to Narasaraopet,SRKT Travels,22:45,05h 35m,04:20,2.2,INR 500,18 Seats available,Non A/C Seater / Sleeper (2+1)
https://www.redbus.in/bus-tickets/hyderabad-to-narsaraopet,Hyderabad to Narasaraopet,Sri Krishna Travels,21:30,06h 30m,04:00,4.7,INR 1890,27 Seats available,Volvo Multi-Axle A/C Sleeper (2+1)
https://www.redbus.in/bus-tickets/hyderabad-to-narsaraopet,Hyderabad to Narasaraopet,VSN Travels,22:10,05h 45m,03:55,4.2,INR 3999,35 Seats available,A/C Seater / Sleeper (2+1)
https://www.redbus.in/bus-tickets/hyderabad-to-narsaraopet,Hyderabad to Narasaraopet,Modern Travels,22:10,06h 10m,04:20,3.1,INR 3000,28 Seats available,A/C Sleeper (2+1)
https://www.redbus.in/bus-tickets/hyderabad-to-narsaraopet,Hyderabad to Narasaraopet,Sai Vijetha Travels,22:25,06h 00m,04:25,3.5,3800,39 Seats available,Non A/C Seater / Sleeper (2+1)
https://www.redbus.in/bus-tickets/hyderabad-to-narsaraopet,Hyderabad to Narasaraopet,Sai Vijetha Travels,22:55,06h 00m,04:55,3.7,3800,52 Seats available,Non A/C Seater / Sleeper (2+1)
https://www.redbus.in/bus-tickets/hyderabad-to-narsaraopet,Hyderabad to Narasaraopet,KKaveri Travels,21:00,07h 10m,04:10,1.7,INR 1220,23 Seats available,Bharat Benz A/C Sleeper (2+1)
https://www.redbus.in/bus-tickets/hyderabad-to-narsaraopet,Hyderabad to Narasaraopet,Sri Sivanjali Bus,21:20,06h 35m,03:55,1.5,2850,37 Seats available,Non A/C Seater / Sleeper (2+1)
https://www.redbus.in/bus-tickets/hyderabad-to-narsaraopet,Hyderabad to Narasaraopet,Hriday Tours & Travels,22:00,03h 55m,01:55,2.3,INR 2400,24 Seats available,Volvo Multi-Axle A/C Sleeper (2+1)
https://www.redbus.in/bus-tickets/hyderabad-to-narsaraopet,Hyderabad to Narasaraopet,Poojitha Travels,22:30,06h 25m,04:55,New,INR 4000,45 Seats available,A/C Seater / Sleeper (2+1)
https://www.redbus.in/bus-tickets/hyderabad-to-narsaraopet,Hyderabad to Narasaraopet,Poojitha Travels,22:30,06h 25m,04:55,,INR 4000,45 Seats available,A/C Seater / Sleeper (2+1)
https://www.redbus.in/bus-tickets/narsaraopet-to-hyderabad,Narasaraopet to Hyderabad,Siva Sai Balaji Tours and Travels,22:30,06h 00m,04:30,4.3,712,13 Seats available,A/C Seater / Sleeper (2+1)
https://www.redbus.in/bus-tickets/narsaraopet-to-hyderabad,Narasaraopet to Hyderabad,JSR Bus Tours & Travels,22:30,05h 45m,04:15,4.0,INR 399,5 Seats available,Non A/C Seater / Sleeper (2+1)
https://www.redbus.in/bus-tickets/narsaraopet-to-hyderabad,Narasaraopet to Hyderabad,VSN Travels,22:30,07h 00m,05:30,4.2,INR 899,8 Seats available,A/C Sleeper (2+1)
https://www.redbus.in/bus-tickets/narsaraopet-to-hyderabad,Narasaraopet to Hyderabad,Siva Sai Balaji Tours and Travels,22:40,05h 10m,03:50,4.1,641,18 Seats available,Non A/C Seater / Sleeper (2+1)
https://www.redbus.in/bus-tickets/narsaraopet-to-hyderabad,Narasaraopet to Hyderabad,SRKT Travels,22:40,05h 35m,04:15,3.9,INR 550,24 Seats available,Non A/C Seater / Sleeper (2+1)
https://www.redbus.in/bus-tickets/narsaraopet-to-hyderabad,Narasaraopet to Hyderabad,Kundana Travels,22:45,07h 10m,05:55,4.4,INR 990,32 Seats available,NON A/C Seater (2+2)
https://www.redbus.in/bus-tickets/narsaraopet-to-hyderabad,Narasaraopet to Hyderabad,HVT,22:55,06h 05m,05:00,4.1,449,21 Seats available,Non A/C Seater / Sleeper (2+1)
https://www.redbus.in/bus-tickets/narsaraopet-to-hyderabad,Narasaraopet to Hyderabad,Pragathi Travels,23:00,05h 45m,04:45,4.0,INR 499,21 Seats available,NON A/C Push Back (2+2)
https://www.redbus.in/bus-tickets/narsaraopet-to-hyderabad,Narasaraopet to Hyderabad,Pspk Bus,23:30,05h 00m,04:30,4.1,INR 550,21 Seats available,Non A/C Seater / Sleeper (2+1)
https://www.redbus.in/bus-tickets/narsaraopet-to-hyderabad,Narasaraopet to Hyderabad,Morning Star Travels,23:00,04h 45m,03:45,3.6,INR 990,20 Seats available,A/C Sleeper (2+1)
https://www.redbus.in/bus-tickets/narsaraopet-to-hyderabad,Narasaraopet to Hyderabad,Kaveri Travels,23:50,05h 30m,05:20,4.0,INR 500,30 Seats available,Non A/C Seater / Sleeper (2+1)
https://www.redbus.in/bus-tickets/narsaraopet-to-hyderabad,Narasaraopet to Hyderabad,Sai Balaji Travels,23:00,06h 55m,05:55,4.4,INR 799,16 Seats available,A/C Sleeper (2+1)
https://www.redbus.in/bus-tickets/narsaraopet-to-hyderabad,Narasaraopet to Hyderabad,SVR Bus,23:05,05h 40m,04:45,4.0,INR 899,16 Seats available,Non A/C Seater / Sleeper (2+1)
https://www.redbus.in/bus-tickets/narsaraopet-to-hyderabad,Narasaraopet to Hyderabad,SVR Bus,23:05,05h 40m,04:45,4.0,INR 449,30 Seats available,A/C Seater / Sleeper (2+1)
https://www.redbus.in/bus-tickets/narsaraopet-to-hyderabad,Narasaraopet to Hyderabad,Vikram sri krishna travels,23:10,06h 20m,05:30,4.1,INR 890,15 Seats available,A/C Sleeper (2+1)
https://www.redbus.in/bus-tickets/narsaraopet-to-hyderabad,Narasaraopet to Hyderabad,Pragathi Travels,23:15,05h 50m,05:05,4.4,INR 850,18 Seats available,A/C Sleeper (2+1)
https://www.redbus.in/bus-tickets/narsaraopet-to-hyderabad,Narasaraopet to Hyderabad,Kundana Travels,23:15,05h 45m,05:00,3.3,INR 560,17 Seats available,A/C Seater / Sleeper (2+1)
https://www.redbus.in/bus-tickets/narsaraopet-to-hyderabad,Narasaraopet to Hyderabad,LVR Travels,23:15,04h 45m,04:00,4.6,INR 799,14 Seats available,A/C Sleeper (2+1)
https://www.redbus.in/bus-tickets/narsaraopet-to-hyderabad,Narasaraopet to Hyderabad,KARTHIKEYA TOURS AND TRAVELS,23:20,06h 10m,05:30,3.1,INR 550,11 Seats available,A/C Seater / Sleeper (2+1)
https://www.redbus.in/bus-tickets/narsaraopet-to-hyderabad,Narasaraopet to Hyderabad,Lakshmi Gayatri Travels,23:25,06h 35m,06:00,3.6,INR 749,17 Seats available,NON A/C Sleeper (2+1)
https://www.redbus.in/bus-tickets/narsaraopet-to-hyderabad,Narasaraopet to Hyderabad,V Kaveri Travels,23:30,06h 15m,05:45,3.9,INR 800,25 Seats available,NON A/C Sleeper (2+1)
https://www.redbus.in/bus-tickets/narsaraopet-to-hyderabad,Narasaraopet to Hyderabad,Harshita Tours And Travels,23:30,06h 15m,05:45,4.5,INR 599,5 Seats available,NON A/C Sleeper (2+1)
https://www.redbus.in/bus-tickets/narsaraopet-to-hyderabad,Narasaraopet to Hyderabad,Sai Vijetha Travels,23:35,05h 40m,05:15,4.0,428,35 Seats available,Non A/C Seater / Sleeper (2+1)
https://www.redbus.in/bus-tickets/narsaraopet-to-hyderabad,Narasaraopet to Hyderabad,VV Vinayak Travels,23:40,05h 40m,05:20,3.2,INR 809,20 Seats available,A/C Sleeper (2+1)
https://www.redbus.in/bus-tickets/narsaraopet-to-hyderabad,Narasaraopet to Hyderabad,Mozo travels,23:55,05h 35m,05:30,3.1,INR 599,25 Seats available,A/C Seater / Sleeper (2+1)
https://www.redbus.in/bus-tickets/narsaraopet-to-hyderabad,Narasaraopet to Hyderabad,KKaveri Travels,23:30,06h 30m,06:00,2.9,INR 600,23 Seats available,Non A/C Seater / Sleeper (2+1)
https://www.redbus.in/bus-tickets/narsaraopet-to-hyderabad,Narasaraopet to Hyderabad,SRI MARUTHI TRAVELS,22:45,07h 15m,06:00,2.0,INR 499,15 Seats available,Non A/C Seater / Sleeper (2+1)
https://www.redbus.in/bus-tickets/narsaraopet-to-hyderabad,Narasaraopet to Hyderabad,SBR Travels,22:50,04h 50m,03:40,2.8,INR 799,20 Seats available,NON A/C Sleeper (2+1)
https://www.redbus.in/bus-tickets/narsaraopet-to-hyderabad,Narasaraopet to Hyderabad,Lakshmi Gayatri Travels,22:50,06h 05m,04:55,2.5,INR 999,29 Seats available,NON A/C Hi-Tech (2+2)
https://www.redbus.in/bus-tickets/narsaraopet-to-hyderabad,Narasaraopet to Hyderabad,SBR Travels,22:50,04h 50m,03:40,2.8,INR 899,19 Seats available,NON A/C Sleeper (2+1)
https://www.redbus.in/bus-tickets/narsaraopet-to-hyderabad,Narasaraopet to Hyderabad,Sri Laxmi Sravanthi Siva Tours And Travels,23:00,07h 00m,06:00,2.4,INR 599,24 Seats available,Non A/C Seater / Sleeper (2+1)
https://www.redbus.in/bus-tickets/narsaraopet-to-hyderabad,Narasaraopet to Hyderabad,SRI MARUTHI TRAVELS,23:10,05h 50m,05:00,2.8,INR 649,14 Seats available,A/C Seater / Sleeper (2+1)
https://www.redbus.in/bus-tickets/narsaraopet-to-hyderabad,Narasaraopet to Hyderabad,SRI MARUTHI TRAVELS,23:10,05h 50m,05:00,1.9,INR 499,22 Seats available,Non A/C Seater / Sleeper (2+1)
https://www.redbus.in/bus-tickets/narsaraopet-to-hyderabad,Narasaraopet to Hyderabad,Kaveri Travels,23:35,05h 40m,05:15,3.8,INR 1080,18 Seats available,A/C Sleeper (2+1)
https://www.redbus.in/bus-tickets/narsaraopet-to-hyderabad,Narasaraopet to Hyderabad,V Kaveri Travels,23:20,08h 15m,07:35,2.7,INR 600,30 Seats available,Non A/C Seater / Sleeper (2+1)
https://www.redbus.in/bus-tickets/narsaraopet-to-hyderabad,Narasaraopet to Hyderabad,Kamakshi Tours And Travels,23:50,07h 30m,07:20,2.7,INR 550,25 Seats available,Non A/C Seater / Sleeper (2+1)
https://www.redbus.in/bus-tickets/narsaraopet-to-hyderabad,Narasaraopet to Hyderabad,Sri Laxmi Sravanthi Siva Tours And Travels,23:50,06h 10m,06:00,2.4,INR 599,26 Seats available,Non A/C Seater / Sleeper (2+1)
https://www.redbus.in/bus-tickets/narsaraopet-to-hyderabad,Narasaraopet to Hyderabad,Vikram sri krishna travels,22:45,06h 15m,05:00,4.1,INR 3000,7 Seats available,Non A/C Seater / Sleeper (2+1)
https://www.redbus.in/bus-tickets/narsaraopet-to-hyderabad,Narasaraopet to Hyderabad,Kundana Travels,23:00,06h 00m,05:00,3.7,INR 2999,36 Seats available,A/C Sleeper (2+1)
https://www.redbus.in/bus-tickets/narsaraopet-to-hyderabad,Narasaraopet to Hyderabad,SVT Travels,23:20,05h 40m,05:00,New,INR 4000,33 Seats available,A/C Seater / Sleeper (2+1)
https://www.redbus.in/bus-tickets/narsaraopet-to-hyderabad,Narasaraopet to Hyderabad,Modern Travels,23:20,06h 35m,05:55,3.8,INR 3000,28 Seats available,A/C Sleeper (2+1)
https://www.redbus.in/bus-tickets/narsaraopet-to-hyderabad,Narasaraopet to Hyderabad,KARTHIKEYA TOURS AND TRAVELS,23:40,06h 20m,06:00,3.1,INR 1099,1 Seat available,A/C Sleeper (2+1)
https://www.redbus.in/bus-tickets/narsaraopet-to-hyderabad,Narasaraopet to Hyderabad,V Kaveri Travels,23:50,05h 25m,05:15,3.7,INR 1190,23 Seats available,Volvo Multi-Axle A/C Sleeper (2+1)
https://www.redbus.in/bus-tickets/narsaraopet-to-hyderabad,Narasaraopet to Hyderabad,Poojitha Travels,23:45,06h 00m,05:45,New,INR 4000,45 Seats available,A/C Seater / Sleeper (2+1)
https://www.redbus.in/bus-tickets/visakhapatnam-to-kakinada,Visakhapatnam to Kakinada,Sri KVR Travels,22:00,04h 00m,02:00,4.0,INR 499,24 Seats available,Non A/C Seater / Sleeper (2+1)
https://www.redbus.in/bus-tickets/visakhapatnam-to-kakinada,Visakhapatnam to Kakinada,Sri KVR Travels,22:00,04h 00m,02:00,4.0,INR 499,26 Seats available,Non A/C Seater / Sleeper (2+1)
https://www.redbus.in/bus-tickets/visakhapatnam-to-kakinada,Visakhapatnam to Kakinada,Sai RK Travels,22:40,03h 50m,02:30,4.4,INR 499,25 Seats available,Non A/C Seater / Sleeper (2+1)
https://www.redbus.in/bus-tickets/visakhapatnam-to-kakinada,Visakhapatnam to Kakinada,Morning Star Travels,21:10,05h 15m,02:25,2.7,INR 650,14 Seats available,NON A/C Sleeper (2+1)
https://www.redbus.in/bus-tickets/visakhapatnam-to-kakinada,Visakhapatnam to Kakinada,MAHA BUS,21:30,04h 10m,01:40,3.8,INR 990,15 Seats available,A/C Sleeper (2+1)
https://www.redbus.in/bus-tickets/visakhapatnam-to-kakinada,Visakhapatnam to Kakinada,SRI VIJAYA KRISHNA TOURS and TRAVELS,22:15,05h 15m,03:30,3.4,INR 999,26 Seats available,Non A/C Seater / Sleeper (2+1)
https://www.redbus.in/bus-tickets/bangalore-to-madanapalli,Bangalore to Madanapalli,Maheswari Travels,20:30,06h 05m,02:35,4.2,INR 399,35 Seats available,Non A/C Seater / Sleeper (2+1)
https://www.redbus.in/bus-tickets/bangalore-to-madanapalli,Bangalore to Madanapalli,Maheswari Travels,20:35,05h 55m,02:30,4.2,INR 450,19 Seats available,Non A/C Seater / Sleeper (2+1)
https://www.redbus.in/bus-tickets/bangalore-to-madanapalli,Bangalore to Madanapalli,HARITHA TRAVELS,20:40,05h 20m,02:00,3.9,INR 398,32 Seats available,Non A/C Seater / Sleeper (2+1)
https://www.redbus.in/bus-tickets/bangalore-to-madanapalli,Bangalore to Madanapalli,RK Travels,21:10,04h 50m,02:00,3.5,INR 399,26 Seats available,Non A/C Seater / Sleeper (2+1)
https://www.redbus.in/bus-tickets/bangalore-to-madanapalli,Bangalore to Madanapalli,SREE RUDRA TRAVELS,21:15,04h 20m,01:35,4.4,INR 450,35 Seats available,Non A/C Seater / Sleeper (2+1)
https://www.redbus.in/bus-tickets/bangalore-to-madanapalli,Bangalore to Madanapalli,Shiva Parvathi Tours And Travels,19:00,06h 00m,01:00,4.1,INR 500,30 Seats available,A/C Seater / Sleeper (2+1)
https://www.redbus.in/bus-tickets/bangalore-to-madanapalli,Bangalore to Madanapalli,BHAIRAVA TOURS AND TRAVELS,19:15,04h 44m,23:59,3.2,INR 499,18 Seats available,Non A/C Seater / Sleeper (2+1)
https://www.redbus.in/bus-tickets/bangalore-to-madanapalli,Bangalore to Madanapalli,Amara Tours And Travels,19:30,05h 00m,00:30,4.9,INR 749,19 Seats available,A/C Seater / Sleeper (2+1)
https://www.redbus.in/bus-tickets/bangalore-to-madanapalli,Bangalore to Madanapalli,VEERA & SRI KALESWARI TRAVELS,20:00,06h 00m,02:00,4.4,INR 500,2 Seats available,Non A/C Seater / Sleeper (2+1)
https://www.redbus.in/bus-tickets/bangalore-to-madanapalli,Bangalore to Madanapalli,Sri Vengamamba Bus Transport (SVBT),20:00,03h 59m,23:59,4.3,INR 638,19 Seats available,Non A/C Seater / Sleeper (2+1)
https://www.redbus.in/bus-tickets/bangalore-to-madanapalli,Bangalore to Madanapalli,Maheswari Travels,20:15,05h 45m,02:00,4.2,INR 499,20 Seats available,Non A/C Seater / Sleeper (2+1)
https://www.redbus.in/bus-tickets/bangalore-to-madanapalli,Bangalore to Madanapalli,Sri Vengamamba Bus Transport (SVBT),20:30,04h 00m,00:30,4.3,INR 700,15 Seats available,A/C Sleeper (2+1)
https://www.redbus.in/bus-tickets/bangalore-to-madanapalli,Bangalore to Madanapalli,Sri Vengamamba Bus Transport (SVBT),20:30,04h 00m,00:30,4.3,INR 828,15 Seats available,A/C Seater / Sleeper (2+1)
https://www.redbus.in/bus-tickets/bangalore-to-madanapalli,Bangalore to Madanapalli,Sri Mukundha Travels,20:35,05h 14m,01:49,3.5,INR 699,38 Seats available,NON A/C Semi Sleeper / Sleeper (2+1)
https://www.redbus.in/bus-tickets/bangalore-to-madanapalli,Bangalore to Madanapalli,HARITHA TRAVELS,20:40,06h 05m,02:45,3.9,INR 598,23 Seats available,A/C Seater / Sleeper (2+1)
https://www.redbus.in/bus-tickets/bangalore-to-madanapalli,Bangalore to Madanapalli,Sri Vengamamba Bus Transport (SVBT),21:00,03h 30m,00:30,4.3,INR 1292,12 Seats available,A/C Sleeper (2+1)
https://www.redbus.in/bus-tickets/bangalore-to-madanapalli,Bangalore to Madanapalli,BABA TRAVELS,21:15,04h 05m,01:20,3.5,INR 2000,36 Seats available,Non A/C Seater / Sleeper (2+1)
https://www.redbus.in/bus-tickets/bangalore-to-madanapalli,Bangalore to Madanapalli,AR & BCVR Travels,21:30,04h 30m,02:00,4.0,INR 500,34 Seats available,Non A/C Seater / Sleeper (2+1)
https://www.redbus.in/bus-tickets/bangalore-to-madanapalli,Bangalore to Madanapalli,Sri Vengamamba Bus Transport (SVBT),21:45,03h 59m,01:44,4.3,INR 600,27 Seats available,Non A/C Seater / Sleeper (2+1)
https://www.redbus.in/bus-tickets/bangalore-to-madanapalli,Bangalore to Madanapalli,Sri Vinayaka Travels,19:45,06h 15m,02:00,2.2,INR 599,11 Seats available,NON A/C Sleeper (2+1)
https://www.redbus.in/bus-tickets/bangalore-to-madanapalli,Bangalore to Madanapalli,Sri Vinayaka Travels,20:10,06h 50m,03:00,2.2,INR 750,14 Seats available,A/C Sleeper (2+1)
