Route_Link,Route_Name,Bus_names,Departingtime,Total_duration,Boardingtime,Star_Ratings,Prices,Seats_Available,Bus_type
https://www.redbus.in/bus-tickets/khammam-to-hyderabad,Khammam to Hyderabad,Orange Tours and Travels,17:30,04h 20m,21:50,3.0,INR 500,29 Seats available,A/C Sleeper (2+1)
https://www.redbus.in/bus-tickets/khammam-to-hyderabad,Khammam to Hyderabad,Bharathi Tours & Travels,23:40,04h 20m,04:00,3.9,INR 500,18 Seats available,Non A/C Seater / Sleeper (2+1)
https://www.redbus.in/bus-tickets/khammam-to-hyderabad,Khammam to Hyderabad,Sri Venkateswara Travels,23:45,06h 15m,06:00,3.6,INR 600,18 Seats available,Non A/C Seater / Sleeper (2+1)
https://www.redbus.in/bus-tickets/khammam-to-hyderabad,Khammam to Hyderabad,Sri KVR Travels,23:45,05h 15m,05:00,3.8,INR 810,13 Seats available,Non A/C Seater / Sleeper (2+1)
https://www.redbus.in/bus-tickets/khammam-to-hyderabad,Khammam to Hyderabad,SAIRAJ TRAVELS,23:59,05h 31m,05:30,5.0,INR 800,8 Seats available,A/C Sleeper (2+1)
https://www.redbus.in/bus-tickets/khammam-to-hyderabad,Khammam to Hyderabad,YASHWANTH BUS,23:59,05h 01m,05:00,5.0,INR 500,30 Seats available,Non A/C Seater / Sleeper (2+1)
https://www.redbus.in/bus-tickets/khammam-to-hyderabad,Khammam to Hyderabad,Nani’s Sai Krishna Travels,23:59,05h 01m,05:00,4.3,INR 500,25 Seats available,Non A/C Seater / Sleeper (2+1)
https://www.redbus.in/bus-tickets/khammam-to-hyderabad,Khammam to Hyderabad,BSR Tours And Travels,23:59,06h 01m,06:00,4.1,INR 780,10 Seats available,A/C Sleeper (2+1)
https://www.redbus.in/bus-tickets/khammam-to-hyderabad,Khammam to Hyderabad,Bharathi Tours & Travels,23:59,05h 01m,05:00,3.5,INR 500,23 Seats available,Non A/C Seater / Sleeper (2+1)
https://www.redbus.in/bus-tickets/khammam-to-hyderabad,Khammam to Hyderabad,SAIRAJ TRAVELS,23:59,06h 16m,06:15,5.0,INR 670,10 Seats available,A/C Seater / Sleeper (2+1)
https://www.redbus.in/bus-tickets/khammam-to-hyderabad,Khammam to Hyderabad,Sri KVR Travels,00:20,05h 10m,05:30,4.0,INR 440,27 Seats available,Non A/C Seater / Sleeper (2+1)
https://www.redbus.in/bus-tickets/khammam-to-hyderabad,Khammam to Hyderabad,Mozo travels,01:30,04h 30m,06:00,3.3,INR 699,30 Seats available,A/C Seater / Sleeper (2+1)
https://www.redbus.in/bus-tickets/khammam-to-hyderabad,Khammam to Hyderabad,Morning Star Travels,18:00,03h 45m,21:45,2.7,INR 690,16 Seats available,A/C Sleeper (2+1)
https://www.redbus.in/bus-tickets/khammam-to-hyderabad,Khammam to Hyderabad,Sri Krishna Travels(VGN),23:29,06h 11m,05:40,2.1,INR 699,17 Seats available,Non A/C Seater / Sleeper (2+1)
https://www.redbus.in/bus-tickets/khammam-to-hyderabad,Khammam to Hyderabad,Sri Krishna Travels(VGN),23:55,05h 30m,05:25,2.1,INR 600,11 Seats available,NON A/C Hi-Tech (2+2)
https://www.redbus.in/bus-tickets/khammam-to-hyderabad,Khammam to Hyderabad,Shyamoli Paribahan Pvt Ltd,18:50,04h 20m,23:10,4.2,1188,11 Seats available,A/C Sleeper (2+1)
https://www.redbus.in/bus-tickets/khammam-to-hyderabad,Khammam to Hyderabad,RRR Travels,23:50,05h 40m,05:30,4.7,INR 900,28 Seats available,A/C Sleeper (2+1)
https://www.redbus.in/bus-tickets/khammam-to-hyderabad,Khammam to Hyderabad,Sri KVR Travels,23:58,05h 02m,05:00,3.0,INR 1090,29 Seats available,A/C Sleeper (2+1)
https://www.redbus.in/bus-tickets/khammam-to-hyderabad,Khammam to Hyderabad,BSR Tours And Travels,23:59,06h 01m,06:00,4.9,INR 980,20 Seats available,Volvo Multi-Axle A/C Sleeper (2+1)
https://www.redbus.in/bus-tickets/khammam-to-hyderabad,Khammam to Hyderabad,Bharathi Tours & Travels,23:59,05h 01m,05:00,3.0,INR 890,15 Seats available,A/C Sleeper (2+1)
https://www.redbus.in/bus-tickets/khammam-to-hyderabad,Khammam to Hyderabad,MAHABAHUSRIKVRTRAVELS,02:45,04h 00m,06:45,3.2,1093,30 Seats available,A/C Seater / Sleeper (2+1)
https://www.redbus.in/bus-tickets/khammam-to-hyderabad,Khammam to Hyderabad,Morning Star Travels,01:30,03h 30m,05:00,2.7,INR 1090,31 Seats available,A/C Sleeper (2+1)
https://www.redbus.in/bus-tickets/hyderabad-to-srisailam,Hyderabad to Srisailam,TGSRTC - 1351,09:20,07h 00m,16:20,4.0,INR 431,31 Seats available,"SUPER LUXURY (NON-AC, 2 + 2 PUSH BACK)"
https://www.redbus.in/bus-tickets/hyderabad-to-srisailam,Hyderabad to Srisailam,TGSRTC - 9639,09:40,07h 00m,16:40,4.0,INR 431,29 Seats available,"SUPER LUXURY (NON-AC, 2 + 2 PUSH BACK)"
https://www.redbus.in/bus-tickets/hyderabad-to-srisailam,Hyderabad to Srisailam,TGSRTC - 1272,10:00,06h 00m,16:00,4.5,INR 523,30 Seats available,Rajdhani (AC Semi Sleeper 2+2)
https://www.redbus.in/bus-tickets/hyderabad-to-srisailam,Hyderabad to Srisailam,TGSRTC - 1245,11:00,07h 00m,18:00,4.0,INR 464,31 Seats available,"SUPER LUXURY (NON-AC, 2 + 2 PUSH BACK)"
https://www.redbus.in/bus-tickets/hyderabad-to-srisailam,Hyderabad to Srisailam,TGSRTC - 1236,11:20,07h 00m,18:20,4.0,INR 431,31 Seats available,"SUPER LUXURY (NON-AC, 2 + 2 PUSH BACK)"
https://www.redbus.in/bus-tickets/hyderabad-to-srisailam,Hyderabad to Srisailam,TGSRTC - 9637,11:40,07h 00m,18:40,4.0,INR 431,31 Seats available,"SUPER LUXURY (NON-AC, 2 + 2 PUSH BACK)"
https://www.redbus.in/bus-tickets/hyderabad-to-srisailam,Hyderabad to Srisailam,TGSRTC - 1274,12:00,06h 00m,18:00,4.7,INR 563,23 Seats available,Rajdhani (AC Semi Sleeper 2+2)
https://www.redbus.in/bus-tickets/hyderabad-to-srisailam,Hyderabad to Srisailam,TGSRTC - 1288,12:20,07h 00m,19:20,4.0,INR 464,31 Seats available,"SUPER LUXURY (NON-AC, 2 + 2 PUSH BACK)"
https://www.redbus.in/bus-tickets/hyderabad-to-srisailam,Hyderabad to Srisailam,TGSRTC - 1290,13:00,07h 00m,20:00,4.0,INR 431,31 Seats available,"SUPER LUXURY (NON-AC, 2 + 2 PUSH BACK)"
https://www.redbus.in/bus-tickets/hyderabad-to-srisailam,Hyderabad to Srisailam,TGSRTC - 8281,13:30,05h 40m,19:10,4.0,INR 431,31 Seats available,"SUPER LUXURY (NON-AC, 2 + 2 PUSH BACK)"
https://www.redbus.in/bus-tickets/hyderabad-to-srisailam,Hyderabad to Srisailam,TGSRTC - 1964,13:30,08h 45m,22:15,4.0,INR 389,36 Seats available,Deluxe (Non AC Seater 2+2)
https://www.redbus.in/bus-tickets/hyderabad-to-srisailam,Hyderabad to Srisailam,TGSRTC - 1278,13:30,07h 10m,20:40,4.0,INR 431,31 Seats available,"SUPER LUXURY (NON-AC, 2 + 2 PUSH BACK)"
https://www.redbus.in/bus-tickets/hyderabad-to-srisailam,Hyderabad to Srisailam,TGSRTC - 9616,13:35,07h 45m,21:20,3.0,INR 464,27 Seats available,"SUPER LUXURY (NON-AC, 2 + 2 PUSH BACK)"
https://www.redbus.in/bus-tickets/hyderabad-to-srisailam,Hyderabad to Srisailam,TGSRTC - 1282,14:00,06h 00m,20:00,2.5,INR 523,32 Seats available,Rajdhani (AC Semi Sleeper 2+2)
https://www.redbus.in/bus-tickets/hyderabad-to-srisailam,Hyderabad to Srisailam,TGSRTC - 8271,14:20,05h 40m,20:00,4.0,INR 431,31 Seats available,"SUPER LUXURY (NON-AC, 2 + 2 PUSH BACK)"
https://www.redbus.in/bus-tickets/hyderabad-to-srisailam,Hyderabad to Srisailam,TGSRTC - 9618,14:25,07h 55m,22:20,4.0,INR 450,25 Seats available,"SUPER LUXURY (NON-AC, 2 + 2 PUSH BACK)"
https://www.redbus.in/bus-tickets/hyderabad-to-srisailam,Hyderabad to Srisailam,TGSRTC - 1260,14:30,07h 10m,21:40,4.0,INR 431,30 Seats available,"SUPER LUXURY (NON-AC, 2 + 2 PUSH BACK)"
https://www.redbus.in/bus-tickets/hyderabad-to-srisailam,Hyderabad to Srisailam,TGSRTC - 1266,15:45,07h 15m,23:00,3.8,INR 464,24 Seats available,"SUPER LUXURY (NON-AC, 2 + 2 PUSH BACK)"
https://www.redbus.in/bus-tickets/hyderabad-to-srisailam,Hyderabad to Srisailam,TGSRTC - 4322,19:45,12h 35m,08:20,4.0,INR 431,31 Seats available,"SUPER LUXURY (NON-AC, 2 + 2 PUSH BACK)"
https://www.redbus.in/bus-tickets/hyderabad-to-srisailam,Hyderabad to Srisailam,TGSRTC - 1254,20:10,12h 20m,08:30,3.2,INR 431,30 Seats available,"SUPER LUXURY (NON-AC, 2 + 2 PUSH BACK)"
https://www.redbus.in/bus-tickets/hyderabad-to-srisailam,Hyderabad to Srisailam,TGSRTC - 1252,20:15,12h 05m,08:20,4.0,INR 464,31 Seats available,"SUPER LUXURY (NON-AC, 2 + 2 PUSH BACK)"
https://www.redbus.in/bus-tickets/hyderabad-to-srisailam,Hyderabad to Srisailam,TGSRTC - 1280,20:45,11h 35m,08:20,4.0,INR 431,31 Seats available,"SUPER LUXURY (NON-AC, 2 + 2 PUSH BACK)"
https://www.redbus.in/bus-tickets/hyderabad-to-srisailam,Hyderabad to Srisailam,TGSRTC - 1045,21:30,11h 00m,08:30,3.4,INR 464,31 Seats available,"SUPER LUXURY (NON-AC, 2 + 2 PUSH BACK)"
https://www.redbus.in/bus-tickets/hyderabad-to-srisailam,Hyderabad to Srisailam,TGSRTC - 1250,21:45,10h 35m,08:20,4.0,INR 464,29 Seats available,"SUPER LUXURY (NON-AC, 2 + 2 PUSH BACK)"
https://www.redbus.in/bus-tickets/hyderabad-to-srisailam,Hyderabad to Srisailam,TGSRTC - 1256,21:55,10h 40m,08:35,4.1,INR 431,31 Seats available,"SUPER LUXURY (NON-AC, 2 + 2 PUSH BACK)"
https://www.redbus.in/bus-tickets/hyderabad-to-srisailam,Hyderabad to Srisailam,TGSRTC - 1286,22:15,10h 05m,08:20,4.7,INR 464,26 Seats available,"SUPER LUXURY (NON-AC, 2 + 2 PUSH BACK)"
https://www.redbus.in/bus-tickets/hyderabad-to-khammam,Hyderabad to Khammam,Sri Krishna Travels,17:30,05h 00m,22:30,3.5,INR 900,11 Seats available,Non A/C Seater / Sleeper (2+1)
https://www.redbus.in/bus-tickets/hyderabad-to-khammam,Hyderabad to Khammam,Puri Jagannadh Tours And Travels,19:05,07h 25m,02:30,3.9,INR 555,40 Seats available,Non A/C Seater / Sleeper (2+1)
https://www.redbus.in/bus-tickets/hyderabad-to-khammam,Hyderabad to Khammam,Sri Krishna Travels,19:30,04h 00m,23:30,3.9,INR 900,27 Seats available,Non A/C Seater / Sleeper (2+1)
https://www.redbus.in/bus-tickets/hyderabad-to-khammam,Hyderabad to Khammam,SBS Tours and Travels,20:30,05h 54m,02:24,4.3,INR 555,23 Seats available,Non A/C Seater / Sleeper (2+1)
https://www.redbus.in/bus-tickets/hyderabad-to-khammam,Hyderabad to Khammam,Sri Krishna Travels(VGN),20:35,07h 15m,03:50,3.7,INR 560,26 Seats available,Non A/C Seater / Sleeper (2+1)
https://www.redbus.in/bus-tickets/hyderabad-to-khammam,Hyderabad to Khammam,Sri Krishna Travels(VGN),20:40,06h 50m,03:30,3.7,INR 699,16 Seats available,A/C Sleeper (2+1)
https://www.redbus.in/bus-tickets/hyderabad-to-khammam,Hyderabad to Khammam,Sri Krishna Travels(VGN),20:40,06h 50m,03:30,3.7,INR 450,22 Seats available,NON A/C Hi-Tech (2+2)
https://www.redbus.in/bus-tickets/hyderabad-to-khammam,Hyderabad to Khammam,Bharathi Tours & Travels,21:20,06h 25m,03:45,4.6,INR 500,21 Seats available,Non A/C Seater / Sleeper (2+1)
https://www.redbus.in/bus-tickets/hyderabad-to-khammam,Hyderabad to Khammam,Bharathi Tours & Travels,21:20,06h 25m,03:45,4.3,INR 790,21 Seats available,A/C Sleeper (2+1)
https://www.redbus.in/bus-tickets/hyderabad-to-khammam,Hyderabad to Khammam,Bharathi Tours & Travels,21:20,06h 10m,03:30,4.7,INR 500,23 Seats available,Non A/C Seater / Sleeper (2+1)
https://www.redbus.in/bus-tickets/hyderabad-to-khammam,Hyderabad to Khammam,YASHWANTH BUS,21:30,06h 00m,03:30,4.4,INR 500,28 Seats available,Non A/C Seater / Sleeper (2+1)
https://www.redbus.in/bus-tickets/hyderabad-to-khammam,Hyderabad to Khammam,Sri Rama Travels,21:30,06h 00m,03:30,3.6,INR 666,21 Seats available,A/C Seater / Sleeper (2+1)
https://www.redbus.in/bus-tickets/hyderabad-to-khammam,Hyderabad to Khammam,Sri Rama Travels,21:30,06h 00m,03:30,3.6,INR 666,21 Seats available,A/C Seater / Sleeper (2+1)
https://www.redbus.in/bus-tickets/hyderabad-to-khammam,Hyderabad to Khammam,Sri KVR Travels,22:00,05h 15m,03:15,3.3,INR 450,26 Seats available,Non A/C Seater / Sleeper (2+1)
https://www.redbus.in/bus-tickets/hyderabad-to-khammam,Hyderabad to Khammam,BSR Tours And Travels,22:00,05h 10m,03:10,4.9,INR 680,6 Seats available,A/C Sleeper (2+1)
https://www.redbus.in/bus-tickets/hyderabad-to-khammam,Hyderabad to Khammam,BSR Tours And Travels,22:00,04h 30m,02:30,4.2,INR 880,16 Seats available,Volvo Multi-Axle A/C Sleeper (2+1)
https://www.redbus.in/bus-tickets/hyderabad-to-khammam,Hyderabad to Khammam,RRR Travels,22:00,06h 00m,04:00,4.2,INR 900,24 Seats available,A/C Sleeper (2+1)
https://www.redbus.in/bus-tickets/hyderabad-to-khammam,Hyderabad to Khammam,Tirumala Travels,22:00,06h 30m,04:30,4.3,INR 489,21 Seats available,A/C Seater / Sleeper (2+1)
https://www.redbus.in/bus-tickets/hyderabad-to-khammam,Hyderabad to Khammam,Sri KVR Travels,22:00,06h 30m,04:30,4.2,INR 510,29 Seats available,Non A/C Seater / Sleeper (2+1)
https://www.redbus.in/bus-tickets/hyderabad-to-khammam,Hyderabad to Khammam,Mahadevv travels,22:00,05h 00m,03:00,3.5,379,21 Seats available,Non A/C Seater / Sleeper (2+1)
https://www.redbus.in/bus-tickets/hyderabad-to-khammam,Hyderabad to Khammam,SAIRAJ TRAVELS,22:15,05h 15m,03:30,4.0,INR 600,25 Seats available,A/C Seater / Sleeper (2+1)
https://www.redbus.in/bus-tickets/hyderabad-to-khammam,Hyderabad to Khammam,SAIRAJ TRAVELS,22:15,05h 15m,03:30,4.9,INR 700,14 Seats available,A/C Sleeper (2+1)
https://www.redbus.in/bus-tickets/hyderabad-to-khammam,Hyderabad to Khammam,SVN TOURS & TRAVELS,22:15,05h 35m,03:50,3.1,903,23 Seats available,A/C Semi Sleeper / Sleeper (2+1)
https://www.redbus.in/bus-tickets/hyderabad-to-khammam,Hyderabad to Khammam,Bharathi Tours & Travels,22:20,05h 30m,03:50,4.7,INR 500,20 Seats available,Non A/C Seater / Sleeper (2+1)
https://www.redbus.in/bus-tickets/hyderabad-to-khammam,Hyderabad to Khammam,Sri Sai Balaji Travels,22:20,04h 40m,03:00,3.7,INR 889,25 Seats available,A/C Sleeper (2+1)
https://www.redbus.in/bus-tickets/hyderabad-to-khammam,Hyderabad to Khammam,Bharathi Tours & Travels,22:20,05h 10m,03:30,4.8,INR 790,17 Seats available,A/C Sleeper (2+1)
https://www.redbus.in/bus-tickets/hyderabad-to-khammam,Hyderabad to Khammam,Nani’s Sai Krishna Travels,22:20,05h 25m,03:45,3.2,INR 500,35 Seats available,Non A/C Seater / Sleeper (2+1)
https://www.redbus.in/bus-tickets/hyderabad-to-khammam,Hyderabad to Khammam,Sri Venkateswara Travels,22:30,05h 00m,03:30,3.1,INR 450,20 Seats available,Non A/C Seater / Sleeper (2+1)
https://www.redbus.in/bus-tickets/hyderabad-to-khammam,Hyderabad to Khammam,Hanuman Travels,22:30,05h 00m,03:30,3.9,618,32 Seats available,A/C Seater / Sleeper (2+1)
https://www.redbus.in/bus-tickets/hyderabad-to-khammam,Hyderabad to Khammam,Mozo travels,22:40,04h 55m,03:35,3.6,INR 655,24 Seats available,A/C Seater / Sleeper (2+1)
https://www.redbus.in/bus-tickets/hyderabad-to-khammam,Hyderabad to Khammam,VSR Tours and Travels,23:00,03h 50m,02:50,4.6,719,18 Seats available,A/C Sleeper (2+1)
https://www.redbus.in/bus-tickets/hyderabad-to-khammam,Hyderabad to Khammam,Mythri Tours And Travels,23:00,03h 30m,02:30,4.6,INR 809,13 Seats available,A/C Sleeper (2+1)
https://www.redbus.in/bus-tickets/hyderabad-to-khammam,Hyderabad to Khammam,MAHABAHUSRIKVRTRAVELS,16:00,06h 30m,22:30,2.4,808,35 Seats available,Non A/C Seater / Sleeper (2+1)
https://www.redbus.in/bus-tickets/hyderabad-to-khammam,Hyderabad to Khammam,Gupta Travels Galaxy,18:00,05h 10m,23:10,2.1,INR 500,49 Seats available,NON A/C Seater / Sleeper (2+2)
https://www.redbus.in/bus-tickets/hyderabad-to-khammam,Hyderabad to Khammam,Siri Tours and Travels,18:30,06h 00m,00:30,2.7,INR 610,23 Seats available,A/C Seater / Sleeper (2+1)
https://www.redbus.in/bus-tickets/hyderabad-to-khammam,Hyderabad to Khammam,Maa Bankeshwari -Gupta Travels Galaxy,19:15,05h 15m,00:30,2.1,INR 400,50 Seats available,NON A/C Seater / Sleeper (2+2)
https://www.redbus.in/bus-tickets/hyderabad-to-khammam,Hyderabad to Khammam,KVR Tours and Travels,20:00,07h 30m,03:30,2.9,618,24 Seats available,A/C Sleeper (2+1)
https://www.redbus.in/bus-tickets/hyderabad-to-khammam,Hyderabad to Khammam,Siva Sankar Travels,20:45,06h 15m,03:00,2.7,664,37 Seats available,A/C Seater / Sleeper (3+1)
https://www.redbus.in/bus-tickets/hyderabad-to-khammam,Hyderabad to Khammam,Sai Krishna Bus Service,20:45,04h 15m,01:00,1.6,720,42 Seats available,NON AC Seater / Sleeper 2+1
https://www.redbus.in/bus-tickets/hyderabad-to-khammam,Hyderabad to Khammam,KVR Tours and Travels,21:00,06h 40m,03:40,2.9,417,34 Seats available,Non A/C Seater / Sleeper (2+1)
https://www.redbus.in/bus-tickets/hyderabad-to-khammam,Hyderabad to Khammam,Gupta Travels Galaxy,21:00,06h 15m,03:15,2.1,INR 600,45 Seats available,A/C Seater / Sleeper (2+2)
https://www.redbus.in/bus-tickets/hyderabad-to-khammam,Hyderabad to Khammam,KVR Tours and Travels,21:30,06h 10m,03:40,2.9,485,29 Seats available,A/C Seater / Sleeper (2+1)
https://www.redbus.in/bus-tickets/hyderabad-to-khammam,Hyderabad to Khammam,Seshadri Travels,21:30,05h 00m,02:30,New,INR 333,27 Seats available,A/C Seater / Sleeper (2+1)
https://www.redbus.in/bus-tickets/hyderabad-to-khammam,Hyderabad to Khammam,Sri Srinivasa Buses,21:40,05h 20m,03:00,2.5,415,26 Seats available,Non A/C Seater / Sleeper (2+1)
https://www.redbus.in/bus-tickets/hyderabad-to-khammam,Hyderabad to Khammam,Siri Tours and Travels,21:50,04h 40m,02:30,2.7,INR 560,26 Seats available,Non A/C Seater / Sleeper (2+1)
https://www.redbus.in/bus-tickets/hyderabad-to-khammam,Hyderabad to Khammam,Morning Star Travels,22:25,05h 10m,03:35,1.7,INR 990,31 Seats available,A/C Sleeper (2+1)
https://www.redbus.in/bus-tickets/hyderabad-to-khammam,Hyderabad to Khammam,Morning Star Travels,22:50,04h 20m,03:10,2.1,INR 890,30 Seats available,A/C Sleeper (2+1)
https://www.redbus.in/bus-tickets/hyderabad-to-khammam,Hyderabad to Khammam,Morning Star Travels,23:20,03h 40m,03:00,1.7,INR 890,28 Seats available,A/C Sleeper (2+1)
https://www.redbus.in/bus-tickets/hyderabad-to-khammam,Hyderabad to Khammam,Sri Krishna Travels,19:00,04h 30m,23:30,3.1,INR 1600,26 Seats available,A/C Sleeper (2+1)
https://www.redbus.in/bus-tickets/hyderabad-to-khammam,Hyderabad to Khammam,DMR Travels,20:20,06h 10m,02:30,3.7,INR 1299,30 Seats available,A/C Sleeper (2+1)
https://www.redbus.in/bus-tickets/hyderabad-to-khammam,Hyderabad to Khammam,Sri KVR Travels,20:30,06h 30m,03:00,4.2,INR 2222,41 Seats available,A/C Seater / Sleeper (2+1)
https://www.redbus.in/bus-tickets/hyderabad-to-khammam,Hyderabad to Khammam,MR Travels,21:30,06h 00m,03:30,4.4,1000,19 Seats available,A/C Sleeper (2+1)
https://www.redbus.in/bus-tickets/hyderabad-to-khammam,Hyderabad to Khammam,Rajdhani Travels,21:50,05h 10m,03:00,3.7,INR 1200,31 Seats available,Volvo 9600 Multi-Axle A/C Sleeper (2+1)
https://www.redbus.in/bus-tickets/hyderabad-to-khammam,Hyderabad to Khammam,Sri KVR Travels,22:00,06h 00m,04:00,4.2,INR 1150,17 Seats available,A/C Sleeper (2+1)
https://www.redbus.in/bus-tickets/hyderabad-to-khammam,Hyderabad to Khammam,Sri Krishna Travels,22:00,04h 30m,02:30,3.5,INR 1400,31 Seats available,Volvo Multi-Axle A/C Sleeper (2+1)
https://www.redbus.in/bus-tickets/hyderabad-to-khammam,Hyderabad to Khammam,Mahi Trans Solutions,22:30,05h 15m,03:45,3.6,2249,24 Seats available,A/C Sleeper (2+1)
https://www.redbus.in/bus-tickets/hyderabad-to-khammam,Hyderabad to Khammam,SRI VEERANJANEYA TOURS AND TRAVELS,21:00,06h 00m,03:00,1.9,INR 3000,45 Seats available,NON A/C Semi Sleeper (2+2)
https://www.redbus.in/bus-tickets/hyderabad-to-khammam,Hyderabad to Khammam,SRI VEERANJANEYA TOURS AND TRAVELS,21:00,06h 00m,03:00,1.9,INR 3000,30 Seats available,A/C Sleeper (2+1)
https://www.redbus.in/bus-tickets/hyderabad-to-khammam,Hyderabad to Khammam,KVR Tours and Travels,21:30,06h 10m,03:40,2.9,2850,36 Seats available,Non A/C Seater / Sleeper (2+1)
https://www.redbus.in/bus-tickets/hyderabad-to-vijayawada,Hyderabad to Vijayawada,FRESHBUS,12:00,07h 10m,19:10,4.8,355,36 Seats available,Electric A/C Seater (2+2)
https://www.redbus.in/bus-tickets/hyderabad-to-vijayawada,Hyderabad to Vijayawada,FRESHBUS,12:40,07h 00m,19:40,4.7,355,36 Seats available,Electric A/C Seater (2+2)
https://www.redbus.in/bus-tickets/hyderabad-to-vijayawada,Hyderabad to Vijayawada,IntrCity SmartBus,23:10,07h 05m,06:15,4.6,INR 459,32 Seats available,A/C Seater / Sleeper (2+1)
https://www.redbus.in/bus-tickets/hyderabad-to-vijayawada,Hyderabad to Vijayawada,AdYolo Bus,23:40,05h 39m,05:19,3.7,INR 500,31 Seats available,Bharat Benz A/C Seater /Sleeper (2+1)
https://www.redbus.in/bus-tickets/hyderabad-to-vijayawada,Hyderabad to Vijayawada,FRESHBUS,10:15,07h 10m,17:25,4.7,355,20 Seats available,Electric A/C Seater (2+2)
https://www.redbus.in/bus-tickets/hyderabad-to-vijayawada,Hyderabad to Vijayawada,FRESHBUS,16:35,07h 30m,00:05,4.7,350,41 Seats available,Electric A/C Seater (2+2)
https://www.redbus.in/bus-tickets/hyderabad-to-vijayawada,Hyderabad to Vijayawada,FRESHBUS,22:35,06h 50m,05:25,4.6,413,22 Seats available,Electric A/C Seater (2+2)
https://www.redbus.in/bus-tickets/hyderabad-to-vijayawada,Hyderabad to Vijayawada,AdSai RK Travels,22:35,05h 55m,04:30,4.5,INR 349,17 Seats available,Non A/C Seater / Sleeper (2+1)
https://www.redbus.in/bus-tickets/hyderabad-to-vijayawada,Hyderabad to Vijayawada,FRESHBUS,11:10,07h 05m,18:15,4.6,355,34 Seats available,Electric A/C Seater (2+2)
https://www.redbus.in/bus-tickets/hyderabad-to-vijayawada,Hyderabad to Vijayawada,FRESHBUS,23:40,06h 50m,06:30,4.5,404,29 Seats available,Electric A/C Seater (2+2)
https://www.redbus.in/bus-tickets/hyderabad-to-vijayawada,Hyderabad to Vijayawada,FRESHBUS,23:59,06h 31m,06:30,4.4,395,35 Seats available,Electric A/C Seater (2+2)
https://www.redbus.in/bus-tickets/hyderabad-to-vijayawada,Hyderabad to Vijayawada,Sri Durga Malleswari Travels,23:10,06h 15m,05:25,4.4,630,1 Seat available,A/C Sleeper (2+1)
https://www.redbus.in/bus-tickets/hyderabad-to-vijayawada,Hyderabad to Vijayawada,IntrCity SmartBus,23:45,06h 25m,06:10,4.6,INR 559,25 Seats available,A/C Seater / Sleeper (2+1)
https://www.redbus.in/bus-tickets/hyderabad-to-vijayawada,Hyderabad to Vijayawada,IntrCity SmartBus,23:30,07h 20m,06:50,4.6,INR 739,21 Seats available,AC Sleeper (2+1)
https://www.redbus.in/bus-tickets/hyderabad-to-vijayawada,Hyderabad to Vijayawada,NueGo,21:30,07h 15m,04:45,4.5,332,19 Seats available,Electric A/C Seater (2+2)
https://www.redbus.in/bus-tickets/hyderabad-to-vijayawada,Hyderabad to Vijayawada,IntrCity SmartBus,23:05,06h 55m,06:00,4.4,INR 479,32 Seats available,A/C Seater / Sleeper (2+1)
https://www.redbus.in/bus-tickets/hyderabad-to-vijayawada,Hyderabad to Vijayawada,IntrCity SmartBus,00:01,05h 44m,05:45,4.5,INR 699,27 Seats available,AC Sleeper (2+1)
https://www.redbus.in/bus-tickets/hyderabad-to-vijayawada,Hyderabad to Vijayawada,Sri Durga Malleswari Travels,21:00,07h 40m,04:40,4.2,450,7 Seats available,A/C Seater / Sleeper (2+1)
https://www.redbus.in/bus-tickets/hyderabad-to-vijayawada,Hyderabad to Vijayawada,IntrCity SmartBus,23:45,06h 45m,06:30,4.6,INR 459,28 Seats available,A/C Seater / Sleeper (2+1)
https://www.redbus.in/bus-tickets/hyderabad-to-vijayawada,Hyderabad to Vijayawada,NueGo,16:00,07h 00m,23:00,4.4,332,17 Seats available,Electric A/C Seater (2+2)
https://www.redbus.in/bus-tickets/hyderabad-to-vijayawada,Hyderabad to Vijayawada,IntrCity SmartBus,23:25,06h 45m,06:10,4.4,INR 649,25 Seats available,Scania AC Multi Axle Sleeper (2+1)
https://www.redbus.in/bus-tickets/hyderabad-to-vijayawada,Hyderabad to Vijayawada,Sri Sanvi Tours and Travels,23:12,05h 41m,04:53,4.4,989,20 Seats available,A/C Sleeper (2+1)
https://www.redbus.in/bus-tickets/hyderabad-to-vijayawada,Hyderabad to Vijayawada,NueGo,22:00,07h 10m,05:10,4.3,464,16 Seats available,Electric A/C Seater/Sleeper (2+1)
https://www.redbus.in/bus-tickets/hyderabad-to-vijayawada,Hyderabad to Vijayawada,Sri Durga Malleswari Travels,23:10,05h 25m,04:35,4.2,675,14 Seats available,A/C Sleeper (2+1)
https://www.redbus.in/bus-tickets/hyderabad-to-vijayawada,Hyderabad to Vijayawada,Sri KVR Travels,23:35,05h 50m,05:25,4.4,INR 1099,29 Seats available,A/C Sleeper (2+1)
https://www.redbus.in/bus-tickets/hyderabad-to-vijayawada,Hyderabad to Vijayawada,NueGo,23:30,07h 10m,06:40,4.2,595,16 Seats available,Electric A/C Sleeper (2+1)
https://www.redbus.in/bus-tickets/hyderabad-to-vijayawada,Hyderabad to Vijayawada,NueGo,10:00,06h 50m,16:50,4.2,332,10 Seats available,Electric A/C Seater (2+2)
https://www.redbus.in/bus-tickets/hyderabad-to-vijayawada,Hyderabad to Vijayawada,NueGo,22:30,07h 05m,05:35,4.1,332,24 Seats available,Electric A/C Seater (2+2)
https://www.redbus.in/bus-tickets/hyderabad-to-vijayawada,Hyderabad to Vijayawada,IntrCity SmartBus,22:45,07h 10m,05:55,4.2,INR 719,18 Seats available,AC Sleeper (2+1)
https://www.redbus.in/bus-tickets/hyderabad-to-vijayawada,Hyderabad to Vijayawada,Zingbus Plus,15:55,07h 50m,23:45,4.3,1264,27 Seats available,A/C Sleeper (2+1)
https://www.redbus.in/bus-tickets/hyderabad-to-vijayawada,Hyderabad to Vijayawada,NueGo,13:30,07h 05m,20:35,4.1,332,25 Seats available,Electric A/C Seater (2+2)
https://www.redbus.in/bus-tickets/hyderabad-to-vijayawada,Hyderabad to Vijayawada,Svkdt travels,23:35,06h 15m,05:50,4.1,INR 589,20 Seats available,A/C Sleeper (2+1)
https://www.redbus.in/bus-tickets/hyderabad-to-vijayawada,Hyderabad to Vijayawada,IntrCity SmartBus,23:59,06h 26m,06:25,4.1,INR 689,27 Seats available,Scania AC Multi Axle Sleeper (2+1)
https://www.redbus.in/bus-tickets/hyderabad-to-vijayawada,Hyderabad to Vijayawada,Vikram Travels,23:15,06h 10m,05:25,4.3,584,18 Seats available,VE A/C Sleeper (2+1)
https://www.redbus.in/bus-tickets/hyderabad-to-vijayawada,Hyderabad to Vijayawada,NueGo,12:00,06h 50m,18:50,4.1,332,12 Seats available,Electric A/C Seater (2+2)
https://www.redbus.in/bus-tickets/hyderabad-to-vijayawada,Hyderabad to Vijayawada,Zingbus Plus,23:10,06h 45m,05:55,4.0,404,29 Seats available,A/C Seater / Sleeper (2+1)
https://www.redbus.in/bus-tickets/hyderabad-to-vijayawada,Hyderabad to Vijayawada,NueGo,22:35,07h 05m,05:40,4.1,369,23 Seats available,Electric A/C Semi Sleeper (2+2)
https://www.redbus.in/bus-tickets/hyderabad-to-vijayawada,Hyderabad to Vijayawada,NueGo,09:30,07h 40m,17:10,4.3,404,15 Seats available,Electric A/C Semi Sleeper (2+2)
https://www.redbus.in/bus-tickets/hyderabad-to-vijayawada,Hyderabad to Vijayawada,Svkdt travels,23:35,05h 55m,05:30,4.1,INR 449,19 Seats available,A/C Seater / Sleeper (2+1)
https://www.redbus.in/bus-tickets/hyderabad-to-vijayawada,Hyderabad to Vijayawada,Sri KVR Travels,23:05,05h 15m,04:20,4.2,INR 444,35 Seats available,Non A/C Seater / Sleeper (2+1)
https://www.redbus.in/bus-tickets/hyderabad-to-vijayawada,Hyderabad to Vijayawada,NueGo,23:00,07h 00m,06:00,4.0,473,14 Seats available,Electric A/C Seater/Sleeper (2+1)
https://www.redbus.in/bus-tickets/hyderabad-to-vijayawada,Hyderabad to Vijayawada,NueGo,10:30,07h 00m,17:30,4.0,332,8 Seats available,Electric A/C Seater/Sleeper (2+1)
https://www.redbus.in/bus-tickets/hyderabad-to-vijayawada,Hyderabad to Vijayawada,NueGo,23:15,07h 20m,06:35,4.1,404,21 Seats available,Electric A/C Semi Sleeper (2+2)
https://www.redbus.in/bus-tickets/hyderabad-to-vijayawada,Hyderabad to Vijayawada,Tirumala Travels,20:30,08h 00m,04:30,4.5,611,14 Seats available,A/C Sleeper (2+1)
https://www.redbus.in/bus-tickets/hyderabad-to-vijayawada,Hyderabad to Vijayawada,V Kaveri Travels,23:00,05h 15m,04:15,4.1,INR 600,24 Seats available,A/C Seater / Sleeper (2+1)
https://www.redbus.in/bus-tickets/hyderabad-to-vijayawada,Hyderabad to Vijayawada,Yolo Bus,00:10,04h 50m,05:00,3.8,INR 400,36 Seats available,Bharat Benz A/C Seater /Sleeper (2+1)
https://www.redbus.in/bus-tickets/hyderabad-to-vijayawada,Hyderabad to Vijayawada,Sai RK Travels,23:00,05h 35m,04:35,3.3,INR 499,26 Seats available,Non A/C Seater / Sleeper (2+1)
https://www.redbus.in/bus-tickets/hyderabad-to-vijayawada,Hyderabad to Vijayawada,Sri Sanvi Tours and Travels,23:25,05h 45m,05:10,4.7,989,22 Seats available,A/C Sleeper (2+1)
https://www.redbus.in/bus-tickets/hyderabad-to-vijayawada,Hyderabad to Vijayawada,NueGo,22:30,07h 30m,06:00,3.7,332,22 Seats available,Electric A/C Seater (2+2)
https://www.redbus.in/bus-tickets/hyderabad-to-vijayawada,Hyderabad to Vijayawada,Kaveri Travels,22:00,06h 05m,04:05,3.9,INR 1080,17 Seats available,Volvo Multi Axle A/C Sleeper I-Shift B11R (2+1)
https://www.redbus.in/bus-tickets/hyderabad-to-vijayawada,Hyderabad to Vijayawada,Tirumala Xpress,23:00,06h 50m,05:50,3.8,512,27 Seats available,A/C Sleeper (2+1)
https://www.redbus.in/bus-tickets/hyderabad-to-vijayawada,Hyderabad to Vijayawada,IntrCity SmartBus,00:15,06h 10m,06:25,4.8,INR 389,26 Seats available,VE A/C Seater / Sleeper (2+1)
https://www.redbus.in/bus-tickets/hyderabad-to-vijayawada,Hyderabad to Vijayawada,NueGo,17:40,06h 55m,00:35,4.1,369,29 Seats available,Electric A/C Semi Sleeper (2+2)
https://www.redbus.in/bus-tickets/hyderabad-to-vijayawada,Hyderabad to Vijayawada,Svkdt travels,23:35,06h 15m,05:50,3.7,INR 489,19 Seats available,A/C Sleeper (2+1)
https://www.redbus.in/bus-tickets/hyderabad-to-vijayawada,Hyderabad to Vijayawada,Holidays Tours and Travels,22:30,05h 54m,04:24,4.6,INR 729,26 Seats available,A/C Seater / Sleeper (2+1)
https://www.redbus.in/bus-tickets/hyderabad-to-vijayawada,Hyderabad to Vijayawada,IntrCity SmartBus,20:50,07h 30m,04:20,4.1,INR 539,28 Seats available,A/C Seater / Sleeper (2+1)
https://www.redbus.in/bus-tickets/hyderabad-to-vijayawada,Hyderabad to Vijayawada,Go Tour Travels and Holidays,22:48,05h 27m,04:15,4.3,672,11 Seats available,A/C Seater / Sleeper (2+1)
https://www.redbus.in/bus-tickets/hyderabad-to-vijayawada,Hyderabad to Vijayawada,Anjani Bus,22:40,06h 00m,04:40,3.7,INR 449,29 Seats available,A/C Seater / Sleeper (2+1)
https://www.redbus.in/bus-tickets/hyderabad-to-vijayawada,Hyderabad to Vijayawada,Yolo Bus,23:26,06h 38m,06:04,4.0,INR 680,21 Seats available,A/C Sleeper (2+1)
https://www.redbus.in/bus-tickets/hyderabad-to-vijayawada,Hyderabad to Vijayawada,Kaveri Travels,22:05,07h 00m,05:05,3.2,INR 1080,26 Seats available,Volvo Multi Axle A/C Sleeper I-Shift B11R (2+1)
https://www.redbus.in/bus-tickets/hyderabad-to-vijayawada,Hyderabad to Vijayawada,Orange Tours and Travels,23:00,06h 30m,05:30,3.6,INR 500,34 Seats available,NON AC Seater / Sleeper 2+1
https://www.redbus.in/bus-tickets/hyderabad-to-vijayawada,Hyderabad to Vijayawada,LVR Travels,23:47,05h 58m,05:45,3.7,440,26 Seats available,Non A/C Seater / Sleeper (2+1)
https://www.redbus.in/bus-tickets/hyderabad-to-vijayawada,Hyderabad to Vijayawada,IntrCity SmartBus,23:15,06h 10m,05:25,4.2,INR 459,32 Seats available,Bharat Benz A/C Seater /Sleeper (2+1)
https://www.redbus.in/bus-tickets/hyderabad-to-vijayawada,Hyderabad to Vijayawada,Sri KVR Travels,23:01,06h 30m,05:31,3.6,INR 610,30 Seats available,Non A/C Seater / Sleeper (2+1)
https://www.redbus.in/bus-tickets/hyderabad-to-vijayawada,Hyderabad to Vijayawada,BSR Tours And Travels,22:00,06h 10m,04:10,4.2,INR 980,10 Seats available,A/C Sleeper (2+1)
https://www.redbus.in/bus-tickets/hyderabad-to-vijayawada,Hyderabad to Vijayawada,NueGo,22:00,07h 20m,05:20,3.9,404,19 Seats available,Electric A/C Semi Sleeper (2+2)
https://www.redbus.in/bus-tickets/hyderabad-to-vijayawada,Hyderabad to Vijayawada,Zingbus Plus,17:25,07h 20m,00:45,4.9,1337,26 Seats available,A/C Sleeper (2+1)
https://www.redbus.in/bus-tickets/hyderabad-to-vijayawada,Hyderabad to Vijayawada,Sri Venkata Padmavathi Travels,22:52,07h 08m,06:00,3.6,INR 550,35 Seats available,Non A/C Seater / Sleeper (2+1)
https://www.redbus.in/bus-tickets/hyderabad-to-vijayawada,Hyderabad to Vijayawada,IntrCity SmartBus,18:45,07h 05m,01:50,4.8,INR 1149,13 Seats available,AC Sleeper (2+1)
https://www.redbus.in/bus-tickets/hyderabad-to-vijayawada,Hyderabad to Vijayawada,Orange Tours and Travels,22:25,06h 20m,04:45,3.4,INR 800,12 Seats available,A/C Sleeper (2+1)
https://www.redbus.in/bus-tickets/hyderabad-to-vijayawada,Hyderabad to Vijayawada,FlixBus,22:30,06h 30m,05:00,3.9,INR 802.68,13 Seats available,VE A/C Sleeper (2+1)
https://www.redbus.in/bus-tickets/hyderabad-to-vijayawada,Hyderabad to Vijayawada,LVP Travels,22:49,05h 56m,04:45,3.9,INR 580,30 Seats available,A/C Seater / Sleeper (2+1)
https://www.redbus.in/bus-tickets/hyderabad-to-vijayawada,Hyderabad to Vijayawada,Orange Tours and Travels,19:40,08h 15m,03:55,4.0,INR 400,28 Seats available,NON A/C Seater/ Sleeper (2+1)
https://www.redbus.in/bus-tickets/hyderabad-to-vijayawada,Hyderabad to Vijayawada,Mythri Tours And Travels,20:38,05h 50m,02:28,4.8,INR 999,12 Seats available,A/C Sleeper (2+1)
https://www.redbus.in/bus-tickets/hyderabad-to-vijayawada,Hyderabad to Vijayawada,Orange Tours and Travels,22:55,06h 50m,05:45,3.2,INR 900,23 Seats available,Bharat Benz A/C Sleeper (2+1)
https://www.redbus.in/bus-tickets/hyderabad-to-vijayawada,Hyderabad to Vijayawada,Eswar Travels,22:10,06h 20m,04:30,3.8,INR 510,20 Seats available,A/C Seater / Sleeper (2+1)
https://www.redbus.in/bus-tickets/hyderabad-to-vijayawada,Hyderabad to Vijayawada,IntrCity SmartBus,19:15,07h 35m,02:50,4.2,INR 829,27 Seats available,A/C Seater / Sleeper (2+1)
https://www.redbus.in/bus-tickets/hyderabad-to-vijayawada,Hyderabad to Vijayawada,V Kaveri Travels,23:00,06h 10m,05:10,4.0,INR 650,15 Seats available,A/C Seater / Sleeper (2+1)
https://www.redbus.in/bus-tickets/hyderabad-to-vijayawada,Hyderabad to Vijayawada,Orange Tours and Travels,19:40,08h 15m,03:55,4.2,INR 400,17 Seats available,NON A/C Seater/ Sleeper (2+1)
https://www.redbus.in/bus-tickets/hyderabad-to-vijayawada,Hyderabad to Vijayawada,Sri Shivanjaneya Travels,22:57,05h 33m,04:30,4.8,INR 620,31 Seats available,A/C Seater / Sleeper (2+1)
https://www.redbus.in/bus-tickets/hyderabad-to-vijayawada,Hyderabad to Vijayawada,Yolo Bus,22:46,06h 38m,05:24,3.7,INR 480,30 Seats available,A/C Seater/Sleeper (2+1)
https://www.redbus.in/bus-tickets/hyderabad-to-vijayawada,Hyderabad to Vijayawada,V Kaveri Travels,22:20,06h 10m,04:30,4.3,INR 1000,22 Seats available,A/C Sleeper (2+1)
https://www.redbus.in/bus-tickets/hyderabad-to-vijayawada,Hyderabad to Vijayawada,Nani Svkdt Travels,23:20,05h 10m,04:30,3.9,INR 799,19 Seats available,A/C Sleeper (2+1)
https://www.redbus.in/bus-tickets/hyderabad-to-vijayawada,Hyderabad to Vijayawada,Mayuri Travels,21:43,06h 07m,03:50,4.6,INR 1340,18 Seats available,A/C Sleeper (2+1)
https://www.redbus.in/bus-tickets/hyderabad-to-vijayawada,Hyderabad to Vijayawada,Nani Svkdt Travels,23:20,05h 05m,04:25,3.8,INR 799,18 Seats available,A/C Sleeper (2+1)
https://www.redbus.in/bus-tickets/hyderabad-to-vijayawada,Hyderabad to Vijayawada,NueGo,21:45,06h 36m,04:21,3.9,880,9 Seats available,Electric A/C Sleeper (2+1)
https://www.redbus.in/bus-tickets/hyderabad-to-vijayawada,Hyderabad to Vijayawada,Go Tour Travels and Holidays,22:48,05h 27m,04:15,4.7,927,19 Seats available,A/C Sleeper (2+1)
https://www.redbus.in/bus-tickets/hyderabad-to-vijayawada,Hyderabad to Vijayawada,FlixBus,22:30,06h 00m,04:30,4.7,INR 731.25,14 Seats available,A/C Sleeper (2+1)
https://www.redbus.in/bus-tickets/hyderabad-to-vijayawada,Hyderabad to Vijayawada,Orange Tours and Travels,22:55,06h 50m,05:45,3.2,INR 800,20 Seats available,Bharat Benz A/C Sleeper (2+1)
https://www.redbus.in/bus-tickets/hyderabad-to-vijayawada,Hyderabad to Vijayawada,Mythri Tours And Travels,21:10,05h 55m,03:05,4.7,INR 949,11 Seats available,A/C Sleeper (2+1)
https://www.redbus.in/bus-tickets/hyderabad-to-vijayawada,Hyderabad to Vijayawada,Yolo Bus,22:55,05h 34m,04:29,3.9,INR 800,25 Seats available,Bharat Benz A/C Sleeper (2+1)
https://www.redbus.in/bus-tickets/hyderabad-to-vijayawada,Hyderabad to Vijayawada,PRK Travels,22:30,06h 55m,05:25,4.2,INR 589,21 Seats available,Non A/C Seater / Sleeper (2+1)
https://www.redbus.in/bus-tickets/hyderabad-to-vijayawada,Hyderabad to Vijayawada,Mozo travels,20:55,07h 55m,04:50,4.4,INR 711,16 Seats available,A/C Sleeper (2+1)
https://www.redbus.in/bus-tickets/hyderabad-to-vijayawada,Hyderabad to Vijayawada,Orange Tours and Travels,23:00,06h 30m,05:30,3.1,INR 400,24 Seats available,NON A/C Seater/ Sleeper (2+1)
https://www.redbus.in/bus-tickets/hyderabad-to-vijayawada,Hyderabad to Vijayawada,Orange Tours and Travels,19:25,06h 35m,02:00,3.8,INR 600,16 Seats available,NON A/C Sleeper (2+1)
https://www.redbus.in/bus-tickets/hyderabad-to-vijayawada,Hyderabad to Vijayawada,SVR Tours and Travels,17:15,06h 35m,23:50,3.7,INR 1200,10 Seats available,Volvo Multi Axle A/C Sleeper I-Shift B11R (2+1)
https://www.redbus.in/bus-tickets/hyderabad-to-vijayawada,Hyderabad to Vijayawada,Komali Travels,22:25,06h 05m,04:30,4.4,532,33 Seats available,Non A/C Seater / Sleeper (2+1)
https://www.redbus.in/bus-tickets/hyderabad-to-vijayawada,Hyderabad to Vijayawada,Mozo travels,18:21,06h 49m,01:10,4.7,INR 1417,14 Seats available,A/C Sleeper (2+1)
https://www.redbus.in/bus-tickets/hyderabad-to-vijayawada,Hyderabad to Vijayawada,SAI VAISHNAVI TRAVELS,22:15,05h 25m,03:40,New,INR 599,29 Seats available,Non A/C Seater / Sleeper (2+1)
https://www.redbus.in/bus-tickets/hyderabad-to-vijayawada,Hyderabad to Vijayawada,Sai Mahesh Transport & Travels,14:15,07h 30m,21:45,New,INR 1110,4 Seats available,A/C Seater / Sleeper (2+1)
https://www.redbus.in/bus-tickets/hyderabad-to-vijayawada,Hyderabad to Vijayawada,ABHIRAMBUS,22:45,06h 05m,04:50,New,2700,49 Seats available,A/C Seater / Sleeper (2+1)
https://www.redbus.in/bus-tickets/hyderabad-to-vijayawada,Hyderabad to Vijayawada,Sitara Travels,22:40,05h 20m,04:00,3.9,INR 444,28 Seats available,NON A/C Push Back (2+2)
https://www.redbus.in/bus-tickets/hyderabad-to-vijayawada,Hyderabad to Vijayawada,Venkteshwara Travels,09:00,01h 45m,10:45,2.7,INR 399,14 Seats available,Bharat Benz A/C Sleeper (2+1)
https://www.redbus.in/bus-tickets/hyderabad-to-vijayawada,Hyderabad to Vijayawada,BSR Tours And Travels,19:10,07h 20m,02:30,3.7,INR 680,16 Seats available,A/C Seater / Sleeper (2+1)
https://www.redbus.in/bus-tickets/hyderabad-to-vijayawada,Hyderabad to Vijayawada,LG BUS,21:15,06h 50m,04:05,5.0,INR 1080,15 Seats available,Bharat Benz A/C Sleeper (2+1)
https://www.redbus.in/bus-tickets/hyderabad-to-vijayawada,Hyderabad to Vijayawada,LG BUS,21:15,06h 55m,04:10,4.8,INR 780,23 Seats available,Bharat Benz A/C Seater /Sleeper (2+1)
https://www.redbus.in/bus-tickets/hyderabad-to-vijayawada,Hyderabad to Vijayawada,Sri Sai Srinivasa Travels,22:10,06h 20m,04:30,3.7,INR 500,21 Seats available,Non A/C Seater / Sleeper (2+1)
https://www.redbus.in/bus-tickets/hyderabad-to-vijayawada,Hyderabad to Vijayawada,LVR Travels,22:13,06h 42m,04:55,3.4,INR 489,21 Seats available,Non A/C Seater / Sleeper (2+1)
https://www.redbus.in/bus-tickets/hyderabad-to-vijayawada,Hyderabad to Vijayawada,Surya Travels,22:40,07h 07m,05:47,3.0,INR 699,29 Seats available,Volvo Multi Axle A/C Sleeper I-Shift B11R (2+1)
https://www.redbus.in/bus-tickets/hyderabad-to-vijayawada,Hyderabad to Vijayawada,Sri Sai Anjana Tours and Travels,22:20,06h 05m,04:25,3.5,INR 500,33 Seats available,Non A/C Seater / Sleeper (2+1)
https://www.redbus.in/bus-tickets/hyderabad-to-vijayawada,Hyderabad to Vijayawada,SAMANVI CITICONNECT,19:53,06h 37m,02:30,4.0,INR 899,11 Seats available,A/C Sleeper (2+1)
https://www.redbus.in/bus-tickets/hyderabad-to-vijayawada,Hyderabad to Vijayawada,Royal Varma Travels,22:37,06h 08m,04:45,3.3,INR 800,31 Seats available,A/C Sleeper (2+1)
https://www.redbus.in/bus-tickets/hyderabad-to-vijayawada,Hyderabad to Vijayawada,NueGo,22:15,06h 36m,04:51,3.2,757,13 Seats available,Electric A/C Sleeper (2+1)
https://www.redbus.in/bus-tickets/hyderabad-to-vijayawada,Hyderabad to Vijayawada,AVR Travels,23:40,06h 25m,06:05,3.4,INR 445,24 Seats available,A/C Seater / Sleeper (2+1)
https://www.redbus.in/bus-tickets/hyderabad-to-vijayawada,Hyderabad to Vijayawada,IntrCity SmartBus,23:50,06h 25m,06:15,3.6,INR 579,23 Seats available,AC Sleeper (2+1)
https://www.redbus.in/bus-tickets/hyderabad-to-vijayawada,Hyderabad to Vijayawada,V Kaveri Travels,22:22,06h 08m,04:30,3.4,INR 650,25 Seats available,Non A/C Seater / Sleeper (2+1)
https://www.redbus.in/bus-tickets/hyderabad-to-vijayawada,Hyderabad to Vijayawada,Morning Star Travels,23:05,06h 05m,05:10,3.2,INR 750,24 Seats available,NON A/C Sleeper (2+1)
https://www.redbus.in/bus-tickets/hyderabad-to-vijayawada,Hyderabad to Vijayawada,Sai RK Travels,22:45,05h 20m,04:05,3.3,INR 499,24 Seats available,Non A/C Seater / Sleeper (2+1)
https://www.redbus.in/bus-tickets/hyderabad-to-vijayawada,Hyderabad to Vijayawada,BSR Tours And Travels,22:00,06h 20m,04:20,4.3,INR 980,18 Seats available,VE A/C Sleeper (2+1)
https://www.redbus.in/bus-tickets/hyderabad-to-vijayawada,Hyderabad to Vijayawada,NueGo,11:00,06h 55m,17:55,3.1,369,16 Seats available,Electric A/C Semi Sleeper (2+2)
https://www.redbus.in/bus-tickets/hyderabad-to-vijayawada,Hyderabad to Vijayawada,Zingbus Plus,21:50,05h 55m,03:45,4.5,638,21 Seats available,A/C Sleeper (2+1)
https://www.redbus.in/bus-tickets/hyderabad-to-vijayawada,Hyderabad to Vijayawada,Sri Sai Anjana Tours and Travels,22:20,05h 25m,03:45,4.4,INR 500,26 Seats available,NON AC Seater / Sleeper 2+1
https://www.redbus.in/bus-tickets/hyderabad-to-vijayawada,Hyderabad to Vijayawada,Sri Atluri Travels,22:10,06h 57m,05:07,3.8,INR 720,25 Seats available,A/C Seater / Sleeper (2+1)
https://www.redbus.in/bus-tickets/hyderabad-to-vijayawada,Hyderabad to Vijayawada,Morning Star Travels,23:20,06h 05m,05:25,2.9,INR 890,19 Seats available,A/C Sleeper (2+1)
https://www.redbus.in/bus-tickets/hyderabad-to-vijayawada,Hyderabad to Vijayawada,Sai Srinivasa Travels,23:00,05h 50m,04:50,3.0,INR 510,19 Seats available,Non A/C Seater / Sleeper (2+1)
https://www.redbus.in/bus-tickets/hyderabad-to-vijayawada,Hyderabad to Vijayawada,IntrCity SmartBus,17:15,07h 05m,00:20,4.1,INR 1089,16 Seats available,AC Sleeper (2+1)
https://www.redbus.in/bus-tickets/hyderabad-to-vijayawada,Hyderabad to Vijayawada,BSR Tours And Travels,22:00,06h 10m,04:10,4.4,INR 680,21 Seats available,A/C Seater / Sleeper (2+1)
https://www.redbus.in/bus-tickets/hyderabad-to-vijayawada,Hyderabad to Vijayawada,Sri Ganga Travels,22:35,05h 55m,04:30,3.6,INR 499,28 Seats available,A/C Seater / Sleeper (2+1)
https://www.redbus.in/bus-tickets/hyderabad-to-vijayawada,Hyderabad to Vijayawada,Orange Tours and Travels,13:45,08h 00m,21:45,2.9,INR 1160,12 Seats available,Volvo 9600 Multi-Axle A/C Sleeper (2+1)
https://www.redbus.in/bus-tickets/hyderabad-to-vijayawada,Hyderabad to Vijayawada,V Kaveri Travels,21:45,06h 45m,04:30,4.2,INR 1000,22 Seats available,A/C Sleeper (2+1)
https://www.redbus.in/bus-tickets/hyderabad-to-vijayawada,Hyderabad to Vijayawada,Morning Star Travels,23:05,06h 15m,05:20,2.6,INR 890,13 Seats available,A/C Sleeper (2+1)
https://www.redbus.in/bus-tickets/hyderabad-to-vijayawada,Hyderabad to Vijayawada,KVR Tours and Travels,20:55,05h 10m,02:05,4.2,2850,31 Seats available,A/C Sleeper (2+1)
https://www.redbus.in/bus-tickets/hyderabad-to-vijayawada,Hyderabad to Vijayawada,KKaveri Travels,22:27,05h 33m,04:00,3.8,INR 600,15 Seats available,Non A/C Seater / Sleeper (2+1)
https://www.redbus.in/bus-tickets/hyderabad-to-vijayawada,Hyderabad to Vijayawada,Orange Tours and Travels,22:15,06h 20m,04:35,3.2,INR 1100,34 Seats available,Volvo 9600 Multi-Axle A/C Sleeper (2+1)
https://www.redbus.in/bus-tickets/hyderabad-to-vijayawada,Hyderabad to Vijayawada,Go Tour Travels and Holidays,21:25,06h 40m,04:05,4.5,927,8 Seats available,A/C Sleeper (2+1)
https://www.redbus.in/bus-tickets/hyderabad-to-vijayawada,Hyderabad to Vijayawada,Mayuri Travels,22:10,05h 40m,03:50,3.6,INR 670,34 Seats available,Non A/C Seater / Sleeper (2+1)
https://www.redbus.in/bus-tickets/hyderabad-to-vijayawada,Hyderabad to Vijayawada,Prasanna Travels,23:55,06h 20m,06:15,2.6,INR 400,34 Seats available,A/C Seater / Sleeper (2+1)
https://www.redbus.in/bus-tickets/hyderabad-to-vijayawada,Hyderabad to Vijayawada,LIMOLINER,18:30,07h 40m,02:10,4.4,INR 809,13 Seats available,A/C Sleeper (2+1)
https://www.redbus.in/bus-tickets/hyderabad-to-vijayawada,Hyderabad to Vijayawada,KVR Tours and Travels,22:15,06h 00m,04:15,3.9,531,32 Seats available,A/C Seater / Sleeper (2+1)
https://www.redbus.in/bus-tickets/hyderabad-to-vijayawada,Hyderabad to Vijayawada,Royal Varma Travels,22:30,06h 20m,04:50,3.6,INR 550,34 Seats available,A/C Seater / Sleeper (2+1)
https://www.redbus.in/bus-tickets/hyderabad-to-vijayawada,Hyderabad to Vijayawada,Sri Sai Anjana Tours and Travels,20:20,06h 40m,03:00,4.4,INR 550,19 Seats available,Non A/C Seater / Sleeper (2+1)
https://www.redbus.in/bus-tickets/hyderabad-to-vijayawada,Hyderabad to Vijayawada,Sri Siddi Ganapathi Travels,22:35,06h 25m,05:00,3.2,INR 599,20 Seats available,A/C Seater / Sleeper (2+1)
https://www.redbus.in/bus-tickets/hyderabad-to-vijayawada,Hyderabad to Vijayawada,SAMANVI CITICONNECT,22:12,05h 53m,04:05,4.3,INR 1149,11 Seats available,A/C Sleeper (2+1)
https://www.redbus.in/bus-tickets/hyderabad-to-vijayawada,Hyderabad to Vijayawada,Sri KVR Travels,18:55,06h 38m,01:33,3.8,INR 510,21 Seats available,Non A/C Seater / Sleeper (2+1)
https://www.redbus.in/bus-tickets/hyderabad-to-vijayawada,Hyderabad to Vijayawada,CVR Express,22:20,06h 00m,04:20,3.0,2700,32 Seats available,Non A/C Seater / Sleeper (2+1)
https://www.redbus.in/bus-tickets/hyderabad-to-vijayawada,Hyderabad to Vijayawada,Sri KVR Travels,20:22,07h 03m,03:25,3.4,INR 560,25 Seats available,Non A/C Seater / Sleeper (2+1)
https://www.redbus.in/bus-tickets/hyderabad-to-vijayawada,Hyderabad to Vijayawada,Sai Dasari Travels,23:05,05h 22m,04:27,2.7,INR 900,14 Seats available,Volvo Multi-Axle A/C Sleeper (2+1)
https://www.redbus.in/bus-tickets/hyderabad-to-vijayawada,Hyderabad to Vijayawada,SUNRISE TOUR AND TRAVELS,22:15,06h 25m,04:40,3.0,485,27 Seats available,Non A/C Seater / Sleeper (2+1)
https://www.redbus.in/bus-tickets/hyderabad-to-vijayawada,Hyderabad to Vijayawada,LVP Travels,21:44,06h 36m,04:20,3.6,INR 580,24 Seats available,A/C Seater / Sleeper (2+1)
https://www.redbus.in/bus-tickets/hyderabad-to-vijayawada,Hyderabad to Vijayawada,Sai Dasari Travels,23:05,05h 22m,04:27,2.7,INR 450,19 Seats available,Non A/C Seater / Sleeper (2+1)
https://www.redbus.in/bus-tickets/hyderabad-to-vijayawada,Hyderabad to Vijayawada,Anusha Travels,23:45,05h 55m,05:40,3.5,INR 548,27 Seats available,A/C Sleeper (2+1)
https://www.redbus.in/bus-tickets/hyderabad-to-vijayawada,Hyderabad to Vijayawada,LVP Travels,21:50,06h 10m,04:00,3.6,INR 680,25 Seats available,A/C Seater / Sleeper (2+1)
https://www.redbus.in/bus-tickets/hyderabad-to-vijayawada,Hyderabad to Vijayawada,Jagan Travels,14:50,07h 15m,22:05,2.9,INR 1400,13 Seats available,A/C Seater / Sleeper (2+1)
https://www.redbus.in/bus-tickets/hyderabad-to-vijayawada,Hyderabad to Vijayawada,Ramana Tours And Travels,22:15,06h 30m,04:45,3.1,INR 620,32 Seats available,Non A/C Seater / Sleeper (2+1)
https://www.redbus.in/bus-tickets/hyderabad-to-vijayawada,Hyderabad to Vijayawada,Sai Srinivasa Travels,22:35,05h 40m,04:15,2.8,INR 890,22 Seats available,A/C Sleeper (2+1)
https://www.redbus.in/bus-tickets/hyderabad-to-vijayawada,Hyderabad to Vijayawada,Jayanthi Travels,20:15,07h 35m,03:50,3.5,INR 670,27 Seats available,Non A/C Seater / Sleeper (2+1)
https://www.redbus.in/bus-tickets/hyderabad-to-vijayawada,Hyderabad to Vijayawada,Morning Star Travels,22:20,05h 10m,03:30,3.7,INR 990,27 Seats available,A/C Sleeper (2+1)
https://www.redbus.in/bus-tickets/hyderabad-to-vijayawada,Hyderabad to Vijayawada,Sudha Sri Tours and Travels,22:45,06h 05m,04:50,2.9,INR 790,24 Seats available,A/C Sleeper (2+1)
https://www.redbus.in/bus-tickets/hyderabad-to-vijayawada,Hyderabad to Vijayawada,SREE VENKATESHWARA TRAVELS,22:25,05h 35m,04:00,3.6,603,30 Seats available,A/C Seater / Sleeper (2+1)
https://www.redbus.in/bus-tickets/hyderabad-to-vijayawada,Hyderabad to Vijayawada,BSR Tours And Travels,22:00,06h 00m,04:00,3.6,INR 980,17 Seats available,A/C Sleeper (2+1)
https://www.redbus.in/bus-tickets/hyderabad-to-vijayawada,Hyderabad to Vijayawada,GO BUS,22:47,06h 03m,04:50,3.4,523,16 Seats available,Non A/C Seater / Sleeper (2+1)
https://www.redbus.in/bus-tickets/hyderabad-to-vijayawada,Hyderabad to Vijayawada,Sai Srinivasa Travels,21:30,06h 35m,04:05,2.9,INR 500,27 Seats available,Non A/C Seater / Sleeper (2+1)
https://www.redbus.in/bus-tickets/hyderabad-to-vijayawada,Hyderabad to Vijayawada,Orange Tours and Travels,23:00,06h 45m,05:45,2.5,INR 500,29 Seats available,NON A/C Seater/ Sleeper (2+1)
https://www.redbus.in/bus-tickets/hyderabad-to-vijayawada,Hyderabad to Vijayawada,SREE KARA TRAVELS,21:50,06h 25m,04:15,3.2,INR 450,28 Seats available,Non A/C Seater / Sleeper (2+1)
https://www.redbus.in/bus-tickets/hyderabad-to-vijayawada,Hyderabad to Vijayawada,SVR Tours and Travels,17:15,06h 35m,23:50,2.5,INR 880,11 Seats available,A/C Seater / Sleeper (2+1)
https://www.redbus.in/bus-tickets/hyderabad-to-vijayawada,Hyderabad to Vijayawada,Shyamoli Paribahan Pvt Ltd,16:20,07h 35m,23:55,3.3,INR 600,8 Seats available,Volvo 9600 A/C Seater/Sleeper (2+1)
https://www.redbus.in/bus-tickets/hyderabad-to-vijayawada,Hyderabad to Vijayawada,Mahi Trans Solutions,22:37,06h 03m,04:40,2.9,2192,30 Seats available,A/C Sleeper (2+1)
https://www.redbus.in/bus-tickets/hyderabad-to-vijayawada,Hyderabad to Vijayawada,MAHA BUS,22:50,06h 40m,05:30,2.9,INR 690,29 Seats available,A/C Seater / Sleeper (2+1)
https://www.redbus.in/bus-tickets/hyderabad-to-vijayawada,Hyderabad to Vijayawada,KKaveri Travels,15:45,07h 45m,23:30,3.3,INR 780,6 Seats available,Non A/C Seater / Sleeper (2+1)
https://www.redbus.in/bus-tickets/hyderabad-to-vijayawada,Hyderabad to Vijayawada,Sri Venkata Padmavathi Travels,22:53,05h 52m,04:45,2.2,INR 606,24 Seats available,A/C Seater / Sleeper (2+1)
https://www.redbus.in/bus-tickets/hyderabad-to-vijayawada,Hyderabad to Vijayawada,Sai RK Travels,22:35,06h 00m,04:35,2.5,INR 610,19 Seats available,Non A/C Seater / Sleeper (2+1)
https://www.redbus.in/bus-tickets/hyderabad-to-vijayawada,Hyderabad to Vijayawada,Navayuga Travels,21:50,06h 20m,04:10,2.8,INR 560,33 Seats available,NON AC Seater / Sleeper 2+1
https://www.redbus.in/bus-tickets/hyderabad-to-vijayawada,Hyderabad to Vijayawada,Morning Star Travels,23:05,05h 50m,04:55,2.3,INR 890,12 Seats available,A/C Sleeper (2+1)
https://www.redbus.in/bus-tickets/hyderabad-to-vijayawada,Hyderabad to Vijayawada,BSR Tours And Travels,20:06,05h 44m,01:50,2.8,INR 580,23 Seats available,A/C Seater / Sleeper (2+1)
https://www.redbus.in/bus-tickets/hyderabad-to-vijayawada,Hyderabad to Vijayawada,Yolo Bus,22:55,06h 38m,05:33,2.8,INR 449,25 Seats available,A/C Seater / Sleeper (2+1)
https://www.redbus.in/bus-tickets/hyderabad-to-vijayawada,Hyderabad to Vijayawada,V Kaveri Travels,16:17,06h 58m,23:15,2.8,INR 800,2 Seats available,Non A/C Seater / Sleeper (2+1)
https://www.redbus.in/bus-tickets/hyderabad-to-vijayawada,Hyderabad to Vijayawada,Yolo Bus,00:10,04h 50m,05:00,1.6,INR 760,28 Seats available,Bharat Benz A/C Sleeper (2+1)
https://www.redbus.in/bus-tickets/hyderabad-to-vijayawada,Hyderabad to Vijayawada,SVR Tours and Travels,15:15,06h 45m,22:00,2.7,INR 900,28 Seats available,Volvo Multi Axle A/C Sleeper I-Shift B11R (2+1)
https://www.redbus.in/bus-tickets/hyderabad-to-vijayawada,Hyderabad to Vijayawada,Sri KVR Travels,20:22,06h 38m,03:00,2.1,INR 560,31 Seats available,Non A/C Seater / Sleeper (2+1)
https://www.redbus.in/bus-tickets/hyderabad-to-vijayawada,Hyderabad to Vijayawada,Eswar Travels,22:55,05h 40m,04:35,2.0,INR 500,27 Seats available,Non A/C Seater / Sleeper (2+1)
https://www.redbus.in/bus-tickets/hyderabad-to-vijayawada,Hyderabad to Vijayawada,Orange Tours and Travels,22:20,06h 15m,04:35,1.8,INR 700,19 Seats available,A/C Sleeper (2+1)
https://www.redbus.in/bus-tickets/hyderabad-to-vijayawada,Hyderabad to Vijayawada,VAHINI Travels,20:41,07h 49m,04:30,2.3,INR 560,32 Seats available,Non A/C Seater / Sleeper (2+1)
https://www.redbus.in/bus-tickets/hyderabad-to-vijayawada,Hyderabad to Vijayawada,KVR Tours and Travels,22:45,06h 40m,05:25,2.6,684,30 Seats available,A/C Sleeper (2+1)
https://www.redbus.in/bus-tickets/hyderabad-to-vijayawada,Hyderabad to Vijayawada,Surendra Buses,22:10,06h 20m,04:30,2.7,INR 435,24 Seats available,A/C Sleeper (2+1)
https://www.redbus.in/bus-tickets/hyderabad-to-vijayawada,Hyderabad to Vijayawada,Mayuri Travels,21:00,05h 00m,02:00,2.2,INR 670,31 Seats available,Non A/C Seater / Sleeper (2+1)
https://www.redbus.in/bus-tickets/hyderabad-to-vijayawada,Hyderabad to Vijayawada,Sri Sai Anjana Tours and Travels,19:45,07h 07m,02:52,2.4,INR 500,20 Seats available,Non A/C Seater / Sleeper (2+1)
https://www.redbus.in/bus-tickets/hyderabad-to-vijayawada,Hyderabad to Vijayawada,Nani’s Sai Krishna Travels,22:17,05h 13m,03:30,2.6,INR 650,34 Seats available,Non A/C Seater / Sleeper (2+1)
https://www.redbus.in/bus-tickets/hyderabad-to-vijayawada,Hyderabad to Vijayawada,KRT Tours and Travels,22:55,06h 15m,05:10,2.3,INR 500,16 Seats available,A/C Seater / Sleeper (2+1)
https://www.redbus.in/bus-tickets/hyderabad-to-vijayawada,Hyderabad to Vijayawada,Siri Tours and Travels,18:50,07h 50m,02:40,2.6,INR 780,27 Seats available,A/C Seater / Sleeper (2+1)
https://www.redbus.in/bus-tickets/hyderabad-to-vijayawada,Hyderabad to Vijayawada,Sai Sri Krishna Travels,22:35,05h 55m,04:30,2.0,INR 470,23 Seats available,A/C Seater / Sleeper (2+1)
https://www.redbus.in/bus-tickets/hyderabad-to-vijayawada,Hyderabad to Vijayawada,Orange Tours and Travels,17:35,08h 40m,02:15,2.4,INR 500,23 Seats available,NON A/C Seater/ Sleeper (2+1)
https://www.redbus.in/bus-tickets/hyderabad-to-vijayawada,Hyderabad to Vijayawada,KKaveri Travels,18:15,07h 45m,02:00,2.2,INR 590,24 Seats available,Non A/C Seater / Sleeper (2+1)
https://www.redbus.in/bus-tickets/hyderabad-to-vijayawada,Hyderabad to Vijayawada,V Kaveri Travels,16:17,06h 58m,23:15,2.0,INR 1090,2 Seats available,A/C Seater / Sleeper (2+1)
https://www.redbus.in/bus-tickets/hyderabad-to-vijayawada,Hyderabad to Vijayawada,Mayuri Travels,17:30,06h 25m,23:55,2.6,INR 900,37 Seats available,A/C Seater / Sleeper (2+1)
https://www.redbus.in/bus-tickets/hyderabad-to-vijayawada,Hyderabad to Vijayawada,Sri KVR Travels,19:00,07h 05m,02:05,1.6,INR 560,29 Seats available,Non A/C Seater / Sleeper (2+1)
https://www.redbus.in/bus-tickets/hyderabad-to-vijayawada,Hyderabad to Vijayawada,DSM TRAVELS,23:12,04h 58m,04:10,2.2,INR 499,35 Seats available,A/C Seater / Sleeper (2+1)
https://www.redbus.in/bus-tickets/hyderabad-to-vijayawada,Hyderabad to Vijayawada,Zingbus Plus,21:55,07h 50m,05:45,4.0,403,34 Seats available,Bharat Benz A/C Seater /Sleeper (2+1)
https://www.redbus.in/bus-tickets/hyderabad-to-vijayawada,Hyderabad to Vijayawada,Ravindra Tours and Travels,22:15,05h 00m,03:15,4.0,INR 888,26 Seats available,Volvo Multi Axle B9R A/C Sleeper (2+1)
https://www.redbus.in/bus-tickets/hyderabad-to-vijayawada,Hyderabad to Vijayawada,Siri Tours and Travels,18:50,07h 20m,02:10,2.4,INR 610,22 Seats available,A/C Seater / Sleeper (2+1)
https://www.redbus.in/bus-tickets/hyderabad-to-vijayawada,Hyderabad to Vijayawada,Kaveri Travels,22:00,06h 30m,04:30,2.6,INR 650,32 Seats available,Non A/C Seater / Sleeper (2+1)
https://www.redbus.in/bus-tickets/hyderabad-to-vijayawada,Hyderabad to Vijayawada,Mozo travels,20:50,07h 20m,04:10,2.9,INR 647,17 Seats available,A/C Seater / Sleeper (2+1)
https://www.redbus.in/bus-tickets/hyderabad-to-vijayawada,Hyderabad to Vijayawada,Ramana Tours And Travels,21:30,07h 20m,04:50,2.7,INR 609,39 Seats available,A/C Seater / Sleeper (2+1)
https://www.redbus.in/bus-tickets/hyderabad-to-vijayawada,Hyderabad to Vijayawada,Sarayu Travels,15:55,07h 35m,23:30,2.2,INR 1380,22 Seats available,A/C Seater / Sleeper (2+1)
https://www.redbus.in/bus-tickets/hyderabad-to-vijayawada,Hyderabad to Vijayawada,KKaveri Travels,22:25,05h 15m,03:40,1.0,INR 570,33 Seats available,NON AC Seater / Sleeper 2+1
https://www.redbus.in/bus-tickets/hyderabad-to-vijayawada,Hyderabad to Vijayawada,DMR Travels,22:35,05h 55m,04:30,1.7,INR 670,34 Seats available,Non A/C Seater / Sleeper (2+1)
https://www.redbus.in/bus-tickets/hyderabad-to-vijayawada,Hyderabad to Vijayawada,Ajay Bus,21:45,06h 55m,04:40,2.2,INR 440,25 Seats available,Non A/C Seater / Sleeper (2+1)
https://www.redbus.in/bus-tickets/hyderabad-to-vijayawada,Hyderabad to Vijayawada,Sri Rama Travels,22:20,05h 55m,04:15,1.8,INR 610,33 Seats available,Non A/C Seater / Sleeper (2+1)
https://www.redbus.in/bus-tickets/hyderabad-to-vijayawada,Hyderabad to Vijayawada,SAMANVI CITICONNECT,22:12,06h 18m,04:30,2.2,INR 809,23 Seats available,A/C Sleeper (2+1)
https://www.redbus.in/bus-tickets/hyderabad-to-vijayawada,Hyderabad to Vijayawada,Shree Manikanta Travels,13:42,06h 08m,19:50,1.9,INR 1039,14 Seats available,A/C Seater / Sleeper (2+1)
https://www.redbus.in/bus-tickets/hyderabad-to-vijayawada,Hyderabad to Vijayawada,Shyamoli Paribahan Pvt Ltd,14:20,07h 30m,21:50,4.5,INR 2148,2 Seats available,A/C Seater/Sleeper (2+1)
https://www.redbus.in/bus-tickets/hyderabad-to-vijayawada,Hyderabad to Vijayawada,Shyamoli Paribahan Pvt Ltd,15:20,09h 40m,01:00,4.5,INR 800,16 Seats available,Volvo 9600 A/C Seater/Sleeper (2+1)
https://www.redbus.in/bus-tickets/hyderabad-to-vijayawada,Hyderabad to Vijayawada,Saraswathi Travels,14:55,08h 50m,23:45,4.5,INR 1199,5 Seats available,A/C Seater / Sleeper (2+1)
https://www.redbus.in/bus-tickets/hyderabad-to-vijayawada,Hyderabad to Vijayawada,IntrCity SmartBus,20:15,07h 05m,03:20,4.4,INR 459,28 Seats available,A/C Seater / Sleeper (2+1)
https://www.redbus.in/bus-tickets/hyderabad-to-vijayawada,Hyderabad to Vijayawada,BSR Tours And Travels,22:00,04h 55m,02:55,4.4,INR 1399,22 Seats available,Volvo 9600 Multi-Axle A/C Sleeper (2+1)
https://www.redbus.in/bus-tickets/hyderabad-to-vijayawada,Hyderabad to Vijayawada,BSR Tours And Travels,17:07,07h 58m,01:05,4.4,INR 2379,22 Seats available,Volvo 9600 Multi-Axle A/C Sleeper (2+1)
https://www.redbus.in/bus-tickets/hyderabad-to-vijayawada,Hyderabad to Vijayawada,LimoLiner,21:50,06h 10m,04:00,4.4,INR 1099,13 Seats available,A/C Sleeper (2+1)
https://www.redbus.in/bus-tickets/hyderabad-to-vijayawada,Hyderabad to Vijayawada,IntrCity SmartBus,20:55,06h 40m,03:35,4.4,INR 829,34 Seats available,A/C Seater / Sleeper (2+1)
https://www.redbus.in/bus-tickets/hyderabad-to-vijayawada,Hyderabad to Vijayawada,IntrCity SmartBus,16:30,07h 20m,23:50,4.4,INR 1259,14 Seats available,A/C Sleeper (2+1)
https://www.redbus.in/bus-tickets/hyderabad-to-vijayawada,Hyderabad to Vijayawada,Neelachal Travels,15:00,07h 45m,22:45,4.3,INR 1200,31 Seats available,A/C Seater / Sleeper (2+1)
https://www.redbus.in/bus-tickets/hyderabad-to-vijayawada,Hyderabad to Vijayawada,Express Line,14:20,07h 25m,21:45,4.3,INR 1989,6 Seats available,VE A/C Seater / Sleeper (2+1)
https://www.redbus.in/bus-tickets/hyderabad-to-vijayawada,Hyderabad to Vijayawada,Express Line,15:25,07h 25m,22:50,4.3,INR 1919,7 Seats available,Volvo 9600 A/C Seater/Sleeper (2+1)
https://www.redbus.in/bus-tickets/hyderabad-to-vijayawada,Hyderabad to Vijayawada,KARTHIKEYA TOURS AND TRAVELS,20:25,07h 05m,03:30,4.2,INR 500,16 Seats available,Non A/C Seater / Sleeper (2+1)
https://www.redbus.in/bus-tickets/hyderabad-to-vijayawada,Hyderabad to Vijayawada,Ranadeep Travels,23:15,05h 10m,04:25,4.1,INR 2999,27 Seats available,A/C Sleeper (2+1)
https://www.redbus.in/bus-tickets/hyderabad-to-vijayawada,Hyderabad to Vijayawada,GMC Travels,15:55,07h 50m,23:45,4.0,INR 1090,18 Seats available,A/C Seater / Sleeper (2+1)
https://www.redbus.in/bus-tickets/hyderabad-to-vijayawada,Hyderabad to Vijayawada,GMC Travels,22:50,04h 40m,03:30,4.0,INR 780,30 Seats available,A/C Seater / Sleeper (2+1)
https://www.redbus.in/bus-tickets/hyderabad-to-vijayawada,Hyderabad to Vijayawada,Vikram Travels,19:10,06h 45m,01:55,4.0,INR 1699,21 Seats available,Volvo 9600 Multi-Axle A/C Sleeper (2+1)
https://www.redbus.in/bus-tickets/hyderabad-to-vijayawada,Hyderabad to Vijayawada,SBS Tours and Travels,21:40,05h 51m,03:31,4.0,INR 444,20 Seats available,Non A/C Seater / Sleeper (2+1)
https://www.redbus.in/bus-tickets/hyderabad-to-vijayawada,Hyderabad to Vijayawada,Svkdt travels,18:20,07h 45m,02:05,4.0,INR 1389,9 Seats available,A/C Sleeper (2+1)
https://www.redbus.in/bus-tickets/hyderabad-to-vijayawada,Hyderabad to Vijayawada,Vikram Travels,21:30,05h 30m,03:00,4.0,INR 1109,21 Seats available,VE A/C Sleeper (2+1)
https://www.redbus.in/bus-tickets/hyderabad-to-vijayawada,Hyderabad to Vijayawada,Sri KVR Travels,15:05,08h 00m,23:05,4.0,INR 1349,14 Seats available,Non A/C Seater / Sleeper (2+1)
https://www.redbus.in/bus-tickets/hyderabad-to-vijayawada,Hyderabad to Vijayawada,Vikram Travels,20:25,06h 20m,02:45,4.0,INR 939,23 Seats available,A/C Sleeper (2+1)
https://www.redbus.in/bus-tickets/hyderabad-to-vijayawada,Hyderabad to Vijayawada,Sri KVR Travels,16:45,07h 35m,00:20,4.0,INR 1499,15 Seats available,A/C Seater / Sleeper (2+1)
https://www.redbus.in/bus-tickets/hyderabad-to-vijayawada,Hyderabad to Vijayawada,Laharisa Tours and Travels,21:55,06h 10m,04:05,4.0,INR 560,29 Seats available,Non A/C Seater / Sleeper (2+1)
https://www.redbus.in/bus-tickets/hyderabad-to-vijayawada,Hyderabad to Vijayawada,Prathap Travels,14:25,13h 50m,04:15,3.9,INR 1099,5 Seats available,Non A/C Seater / Sleeper (2+1)
https://www.redbus.in/bus-tickets/hyderabad-to-vijayawada,Hyderabad to Vijayawada,Sree Gowtham Travels,22:40,06h 30m,05:10,3.9,INR 900,23 Seats available,A/C Sleeper (2+1)
https://www.redbus.in/bus-tickets/hyderabad-to-vijayawada,Hyderabad to Vijayawada,Puri Jagannadh Tours And Travels,19:18,07h 27m,02:45,3.9,INR 555,32 Seats available,Non A/C Seater / Sleeper (2+1)
https://www.redbus.in/bus-tickets/hyderabad-to-vijayawada,Hyderabad to Vijayawada,Puri Jagannadh Tours And Travels,20:30,07h 15m,03:45,3.9,INR 499,33 Seats available,Non A/C Seater / Sleeper (2+1)
https://www.redbus.in/bus-tickets/hyderabad-to-vijayawada,Hyderabad to Vijayawada,Puri Jagannadh Tours And Travels,22:17,05h 38m,03:55,3.9,INR 666,26 Seats available,A/C Seater / Sleeper (2+1)
https://www.redbus.in/bus-tickets/hyderabad-to-vijayawada,Hyderabad to Vijayawada,Kalyani Transport,21:55,05h 25m,03:20,3.9,INR 449,18 Seats available,Non A/C Seater / Sleeper (2+1)
https://www.redbus.in/bus-tickets/hyderabad-to-vijayawada,Hyderabad to Vijayawada,KTR TRAVELS,14:30,08h 00m,22:30,3.9,INR 1499,2 Seats available,Non A/C Seater / Sleeper (2+1)
https://www.redbus.in/bus-tickets/hyderabad-to-vijayawada,Hyderabad to Vijayawada,Puri Jagannadh Tours And Travels,22:17,06h 38m,04:55,3.9,INR 699,25 Seats available,A/C Seater / Sleeper (2+1)
https://www.redbus.in/bus-tickets/hyderabad-to-vijayawada,Hyderabad to Vijayawada,SVM Tours And Travels,22:35,05h 45m,04:20,3.8,INR 444,29 Seats available,Non A/C Seater / Sleeper (2+1)
https://www.redbus.in/bus-tickets/hyderabad-to-vijayawada,Hyderabad to Vijayawada,Sri Keerthana Sai Travels,15:45,08h 05m,23:50,3.8,INR 680,20 Seats available,Non A/C Seater / Sleeper (2+1)
https://www.redbus.in/bus-tickets/hyderabad-to-vijayawada,Hyderabad to Vijayawada,V Kaveri Travels,14:50,06h 10m,21:00,3.8,INR 2090,9 Seats available,A/C Sleeper (2+1)
https://www.redbus.in/bus-tickets/hyderabad-to-vijayawada,Hyderabad to Vijayawada,V Kaveri Travels,21:23,07h 22m,04:45,3.8,INR 1000,23 Seats available,A/C Sleeper (2+1)
https://www.redbus.in/bus-tickets/hyderabad-to-vijayawada,Hyderabad to Vijayawada,Sri Keerthana Sai Travels,13:42,05h 58m,19:40,3.8,INR 1190,10 Seats available,Non A/C Seater / Sleeper (2+1)
https://www.redbus.in/bus-tickets/hyderabad-to-vijayawada,Hyderabad to Vijayawada,Chandu Travels,23:22,06h 23m,05:45,3.8,580,26 Seats available,A/C Seater/Sleeper (2+1)
https://www.redbus.in/bus-tickets/hyderabad-to-vijayawada,Hyderabad to Vijayawada,Mayuri Travels,19:45,07h 00m,02:45,3.7,INR 1450,26 Seats available,A/C Sleeper (2+1)
https://www.redbus.in/bus-tickets/hyderabad-to-vijayawada,Hyderabad to Vijayawada,Mayuri Travels,19:45,06h 15m,02:00,3.7,INR 670,31 Seats available,Non A/C Seater / Sleeper (2+1)
https://www.redbus.in/bus-tickets/hyderabad-to-vijayawada,Hyderabad to Vijayawada,SAMANVI CITICONNECT,19:53,06h 52m,02:45,3.7,INR 499,17 Seats available,Non A/C Seater / Sleeper (2+1)
https://www.redbus.in/bus-tickets/hyderabad-to-vijayawada,Hyderabad to Vijayawada,SREE CHAKRA TRAVELS,22:05,06h 25m,04:30,3.7,INR 5000,31 Seats available,Non A/C Seater / Sleeper (2+1)
https://www.redbus.in/bus-tickets/hyderabad-to-vijayawada,Hyderabad to Vijayawada,SAMANVI CITICONNECT,22:10,05h 35m,03:45,3.7,INR 489,28 Seats available,Non A/C Seater / Sleeper (2+1)
https://www.redbus.in/bus-tickets/hyderabad-to-vijayawada,Hyderabad to Vijayawada,Yolo Bus,15:20,05h 49m,21:09,2.8,INR 400,35 Seats available,Bharat Benz A/C Seater /Sleeper (2+1)
https://www.redbus.in/bus-tickets/hyderabad-to-vijayawada,Hyderabad to Vijayawada,LVR Travels,22:30,06h 35m,05:05,3.6,INR 489,21 Seats available,Non A/C Seater / Sleeper (2+1)
https://www.redbus.in/bus-tickets/hyderabad-to-vijayawada,Hyderabad to Vijayawada,Sri Sai Anjana Tours and Travels,20:20,06h 32m,02:52,3.6,INR 999,18 Seats available,A/C Sleeper (2+1)
https://www.redbus.in/bus-tickets/hyderabad-to-vijayawada,Hyderabad to Vijayawada,Sri VInayaka Travels(Siva's),18:20,06h 55m,01:15,3.6,INR 1499,10 Seats available,A/C Seater / Sleeper (2+1)
https://www.redbus.in/bus-tickets/hyderabad-to-vijayawada,Hyderabad to Vijayawada,Krk Travels,14:35,08h 25m,23:00,3.6,INR 1099,12 Seats available,Non A/C Seater / Sleeper (2+1)
https://www.redbus.in/bus-tickets/hyderabad-to-vijayawada,Hyderabad to Vijayawada,Prasanna Travels,23:40,05h 55m,05:35,3.1,INR 400,29 Seats available,A/C Seater / Sleeper (2+1)
https://www.redbus.in/bus-tickets/hyderabad-to-vijayawada,Hyderabad to Vijayawada,Jayanthi Travels,19:45,07h 15m,03:00,3.5,INR 890,11 Seats available,Non A/C Seater / Sleeper (2+1)
https://www.redbus.in/bus-tickets/hyderabad-to-vijayawada,Hyderabad to Vijayawada,Jayanthi Travels,21:25,06h 05m,03:30,3.5,INR 1550,31 Seats available,A/C Sleeper (2+1)
https://www.redbus.in/bus-tickets/hyderabad-to-vijayawada,Hyderabad to Vijayawada,Jayanthi Travels,20:15,08h 25m,04:40,3.5,INR 670,30 Seats available,Non A/C Seater / Sleeper (2+1)
https://www.redbus.in/bus-tickets/hyderabad-to-vijayawada,Hyderabad to Vijayawada,Sri Tulasi Tours and Travels,11:50,07h 15m,19:05,3.5,INR 1799,5 Seats available,A/C Seater / Sleeper (2+1)
https://www.redbus.in/bus-tickets/hyderabad-to-vijayawada,Hyderabad to Vijayawada,Sri Tulasi Tours and Travels,14:20,07h 40m,22:00,3.5,INR 1699,23 Seats available,A/C Seater / Sleeper (2+1)
https://www.redbus.in/bus-tickets/hyderabad-to-vijayawada,Hyderabad to Vijayawada,Jayanthi Travels,21:25,05h 35m,03:00,3.5,INR 670,20 Seats available,Non A/C Seater / Sleeper (2+1)
https://www.redbus.in/bus-tickets/hyderabad-to-vijayawada,Hyderabad to Vijayawada,Mahadevv travels,22:20,06h 15m,04:35,3.5,741,26 Seats available,NON A/C Sleeper (2+1)
https://www.redbus.in/bus-tickets/hyderabad-to-vijayawada,Hyderabad to Vijayawada,Sri Tulasi Tours and Travels,14:50,08h 10m,23:00,3.5,INR 1299,10 Seats available,A/C Seater / Sleeper (2+1)
https://www.redbus.in/bus-tickets/hyderabad-to-vijayawada,Hyderabad to Vijayawada,Chandu Travels,22:18,06h 12m,04:30,3.8,684,25 Seats available,A/C Sleeper (2+1)
https://www.redbus.in/bus-tickets/hyderabad-to-vijayawada,Hyderabad to Vijayawada,Kakathiya Travels,22:20,05h 40m,04:00,4.5,INR 647,22 Seats available,NON A/C Sleeper (2+1)
https://www.redbus.in/bus-tickets/hyderabad-to-vijayawada,Hyderabad to Vijayawada,FlixBus,00:25,06h 50m,07:15,3.6,INR 374.11,19 Seats available,Electric A/C Semi Sleeper (2+2)
https://www.redbus.in/bus-tickets/hyderabad-to-vijayawada,Hyderabad to Vijayawada,Sri Krishna Travels,21:30,06h 30m,04:00,3.4,INR 680,28 Seats available,A/C Seater / Sleeper (2+1)
https://www.redbus.in/bus-tickets/hyderabad-to-vijayawada,Hyderabad to Vijayawada,KVR Tours and Travels,22:15,05h 00m,03:15,3.4,531,24 Seats available,Non A/C Seater / Sleeper (2+1)
https://www.redbus.in/bus-tickets/hyderabad-to-vijayawada,Hyderabad to Vijayawada,Sri Krishna Travels,18:31,07h 29m,02:00,3.4,INR 680,21 Seats available,A/C Seater / Sleeper (2+1)
https://www.redbus.in/bus-tickets/hyderabad-to-vijayawada,Hyderabad to Vijayawada,Sri Krishna Travels,18:31,07h 29m,02:00,3.4,INR 5000,32 Seats available,A/C Sleeper (2+1)
https://www.redbus.in/bus-tickets/hyderabad-to-vijayawada,Hyderabad to Vijayawada,Orange Tours and Travels,22:55,06h 50m,05:45,3.2,INR 700,36 Seats available,NON A/C Sleeper (2+1)
https://www.redbus.in/bus-tickets/hyderabad-to-vijayawada,Hyderabad to Vijayawada,Sai Godavari Travels,22:18,05h 52m,04:10,3.3,580,32 Seats available,Non A/C Seater / Sleeper (2+1)
https://www.redbus.in/bus-tickets/hyderabad-to-vijayawada,Hyderabad to Vijayawada,MSM Tours & Travels,21:04,05h 56m,03:00,3.3,INR 1033,21 Seats available,Volvo Multi Axle A/C Sleeper I-Shift B11R (2+1)
https://www.redbus.in/bus-tickets/hyderabad-to-vijayawada,Hyderabad to Vijayawada,VARAHI TRAVELS,18:20,07h 50m,02:10,3.3,INR 640,29 Seats available,Non A/C Seater / Sleeper (2+1)
https://www.redbus.in/bus-tickets/hyderabad-to-vijayawada,Hyderabad to Vijayawada,VARAHI TRAVELS,18:20,07h 50m,02:10,3.3,INR 729,32 Seats available,A/C Semi Sleeper / Sleeper (2+1)
https://www.redbus.in/bus-tickets/hyderabad-to-vijayawada,Hyderabad to Vijayawada,Sri Krishna Travels,23:45,05h 25m,05:10,3.3,INR 800,28 Seats available,Volvo Multi-Axle A/C Sleeper (2+1)
https://www.redbus.in/bus-tickets/hyderabad-to-vijayawada,Hyderabad to Vijayawada,Sri Karan Sai Tours and Travels,22:53,05h 27m,04:20,3.6,INR 780,36 Seats available,Non A/C Seater / Sleeper (2+1)
https://www.redbus.in/bus-tickets/hyderabad-to-vijayawada,Hyderabad to Vijayawada,Sai Sri Durga Travels,23:15,06h 05m,05:20,2.7,INR 2100,40 Seats available,Non A/C Seater / Sleeper (2+1)
https://www.redbus.in/bus-tickets/hyderabad-to-vijayawada,Hyderabad to Vijayawada,Sri Atluri Travels,22:18,05h 32m,03:50,3.2,INR 560,23 Seats available,Non A/C Seater / Sleeper (2+1)
https://www.redbus.in/bus-tickets/hyderabad-to-vijayawada,Hyderabad to Vijayawada,Orange Tours and Travels,14:50,08h 30m,23:20,3.2,INR 900,8 Seats available,NON A/C Seater/ Sleeper (2+1)
https://www.redbus.in/bus-tickets/hyderabad-to-vijayawada,Hyderabad to Vijayawada,Sri Atluri Travels,22:05,06h 15m,04:20,3.2,INR 610,15 Seats available,NON AC Seater / Sleeper 2+1
https://www.redbus.in/bus-tickets/hyderabad-to-vijayawada,Hyderabad to Vijayawada,Orange Tours and Travels,16:05,08h 25m,00:30,3.2,INR 1050,7 Seats available,A/C Seater / Sleeper (2+1)
https://www.redbus.in/bus-tickets/hyderabad-to-vijayawada,Hyderabad to Vijayawada,Sri Atluri Travels,20:30,07h 50m,04:20,3.2,INR 560,12 Seats available,Non A/C Seater / Sleeper (2+1)
https://www.redbus.in/bus-tickets/hyderabad-to-vijayawada,Hyderabad to Vijayawada,Apple Travels,22:20,05h 10m,03:30,3.1,INR 449,29 Seats available,Non A/C Seater / Sleeper (2+1)
https://www.redbus.in/bus-tickets/hyderabad-to-vijayawada,Hyderabad to Vijayawada,Vinay's Tours and Travels,23:50,06h 05m,05:55,3.2,INR 500,22 Seats available,A/C Sleeper (2+1)
https://www.redbus.in/bus-tickets/hyderabad-to-vijayawada,Hyderabad to Vijayawada,Vinay's Tours and Travels,23:45,05h 45m,05:30,2.7,INR 500,23 Seats available,A/C Sleeper (2+1)
https://www.redbus.in/bus-tickets/hyderabad-to-vijayawada,Hyderabad to Vijayawada,FlixBus,13:25,07h 00m,20:25,3.5,INR 551.79,14 Seats available,Electric A/C Semi Sleeper (2+2)
https://www.redbus.in/bus-tickets/hyderabad-to-vijayawada,Hyderabad to Vijayawada,Morning Star Travels,23:00,05h 30m,04:30,3.4,INR 1090,27 Seats available,A/C Sleeper (2+1)
https://www.redbus.in/bus-tickets/hyderabad-to-vijayawada,Hyderabad to Vijayawada,Sri KVR Travels,22:44,04h 51m,03:35,3.5,INR 470,31 Seats available,Non A/C Seater / Sleeper (2+1)
https://www.redbus.in/bus-tickets/hyderabad-to-vijayawada,Hyderabad to Vijayawada,SAI SIMHAPURI TRAVELS,23:30,05h 50m,05:20,3.2,1800,9 Seats available,NON A/C Seater (2+2)
https://www.redbus.in/bus-tickets/hyderabad-to-vijayawada,Hyderabad to Vijayawada,Ramana Tours And Travels,22:00,06h 40m,04:40,3.0,INR 750,24 Seats available,Non A/C Seater / Sleeper (2+1)
https://www.redbus.in/bus-tickets/hyderabad-to-vijayawada,Hyderabad to Vijayawada,Srivastav Travels,21:00,07h 00m,04:00,3.0,INR 729,20 Seats available,A/C Sleeper (2+1)
https://www.redbus.in/bus-tickets/hyderabad-to-vijayawada,Hyderabad to Vijayawada,Ramana Tours And Travels,18:00,07h 05m,01:05,3.0,INR 1269,19 Seats available,A/C Sleeper (2+1)
https://www.redbus.in/bus-tickets/hyderabad-to-vijayawada,Hyderabad to Vijayawada,SUNRISE TOUR AND TRAVELS,22:25,06h 25m,04:50,3.0,2850,45 Seats available,Non A/C Seater / Sleeper (2+1)
https://www.redbus.in/bus-tickets/hyderabad-to-vijayawada,Hyderabad to Vijayawada,Srivastav Travels,20:45,07h 20m,04:05,3.0,INR 439,15 Seats available,A/C Seater/Sleeper (2+1)
https://www.redbus.in/bus-tickets/hyderabad-to-vijayawada,Hyderabad to Vijayawada,Ramana Tours And Travels,22:12,05h 48m,04:00,3.0,INR 620,29 Seats available,Non A/C Seater / Sleeper (2+1)
https://www.redbus.in/bus-tickets/hyderabad-to-vijayawada,Hyderabad to Vijayawada,Sri Srinivasa Tours and Travels,22:15,05h 25m,03:40,3.0,751,34 Seats available,A/C Sleeper (2+1)
https://www.redbus.in/bus-tickets/hyderabad-to-vijayawada,Hyderabad to Vijayawada,Srivastav Travels,22:40,06h 50m,05:30,3.0,647,27 Seats available,Bharat Benz A/C Sleeper (2+1)
https://www.redbus.in/bus-tickets/hyderabad-to-vijayawada,Hyderabad to Vijayawada,Ramana Tours And Travels,21:30,07h 30m,05:00,3.0,INR 550,19 Seats available,Non A/C Seater / Sleeper (2+1)
https://www.redbus.in/bus-tickets/hyderabad-to-vijayawada,Hyderabad to Vijayawada,Morning Star Travels,23:05,05h 55m,05:00,2.6,INR 750,28 Seats available,NON A/C Sleeper (2+1)
https://www.redbus.in/bus-tickets/hyderabad-to-vijayawada,Hyderabad to Vijayawada,V Kaveri Travels,22:20,06h 45m,05:05,2.2,INR 650,31 Seats available,Non A/C Seater / Sleeper (2+1)
https://www.redbus.in/bus-tickets/hyderabad-to-vijayawada,Hyderabad to Vijayawada,Komali Travels,22:10,05h 50m,04:00,2.7,570,28 Seats available,A/C Seater / Sleeper (2+1)
https://www.redbus.in/bus-tickets/hyderabad-to-vijayawada,Hyderabad to Vijayawada,Prasanna Travels,23:55,06h 20m,06:15,2.6,INR 400,35 Seats available,A/C Seater / Sleeper (2+1)
https://www.redbus.in/bus-tickets/hyderabad-to-vijayawada,Hyderabad to Vijayawada,Anusha Travels,23:45,05h 55m,05:40,2.4,INR 548,26 Seats available,A/C Sleeper (2+1)
https://www.redbus.in/bus-tickets/hyderabad-to-vijayawada,Hyderabad to Vijayawada,Rainbow Tours And Travels,18:55,07h 35m,02:30,2.5,INR 390,27 Seats available,Non A/C Seater / Sleeper (2+1)
https://www.redbus.in/bus-tickets/hyderabad-to-vijayawada,Hyderabad to Vijayawada,Prasanna Travels,23:35,06h 00m,05:35,1.9,INR 400,33 Seats available,A/C Seater / Sleeper (2+1)
https://www.redbus.in/bus-tickets/hyderabad-to-vijayawada,Hyderabad to Vijayawada,Mahi Trans Solutions,21:30,07h 00m,04:30,2.9,504,31 Seats available,Non A/C Seater / Sleeper (2+1)
https://www.redbus.in/bus-tickets/hyderabad-to-vijayawada,Hyderabad to Vijayawada,J GAGANA TRAVELS,22:15,05h 30m,03:45,2.9,INR 560,27 Seats available,Non A/C Seater / Sleeper (2+1)
https://www.redbus.in/bus-tickets/hyderabad-to-vijayawada,Hyderabad to Vijayawada,Mahi Trans Solutions,21:35,06h 40m,04:15,2.9,801,34 Seats available,Non A/C Seater / Sleeper (2+1)
https://www.redbus.in/bus-tickets/hyderabad-to-vijayawada,Hyderabad to Vijayawada,Shyamoli Paribahan Pvt Ltd,19:50,07h 40m,03:30,4.5,INR 841,13 Seats available,A/C Seater/Sleeper (2+1)
https://www.redbus.in/bus-tickets/hyderabad-to-vijayawada,Hyderabad to Vijayawada,7Hills roadways,20:20,07h 40m,04:00,4.5,INR 1099,31 Seats available,Scania AC Multi Axle Sleeper (2+1)
https://www.redbus.in/bus-tickets/hyderabad-to-vijayawada,Hyderabad to Vijayawada,KPM BUS,21:46,06h 29m,04:15,2.8,INR 333,27 Seats available,A/C Sleeper (2+1)
https://www.redbus.in/bus-tickets/hyderabad-to-vijayawada,Hyderabad to Vijayawada,Navayuga Travels,13:25,07h 45m,21:10,2.8,INR 1390,24 Seats available,Non A/C Seater / Sleeper (2+1)
https://www.redbus.in/bus-tickets/hyderabad-to-vijayawada,Hyderabad to Vijayawada,Navayuga Travels,19:56,08h 34m,04:30,2.8,INR 555,33 Seats available,NON AC Seater / Sleeper 2+1
https://www.redbus.in/bus-tickets/hyderabad-to-vijayawada,Hyderabad to Vijayawada,Prasanna Travels,00:35,06h 00m,06:35,2.7,INR 600,24 Seats available,A/C Sleeper (2+1)
https://www.redbus.in/bus-tickets/hyderabad-to-vijayawada,Hyderabad to Vijayawada,Siva Sankar Travels,22:05,05h 55m,04:00,2.7,664,31 Seats available,A/C Seater / Sleeper (2+1)
https://www.redbus.in/bus-tickets/hyderabad-to-vijayawada,Hyderabad to Vijayawada,Morning Star Travels,22:20,05h 35m,03:55,2.7,INR 1290,22 Seats available,A/C Sleeper (2+1)
https://www.redbus.in/bus-tickets/hyderabad-to-vijayawada,Hyderabad to Vijayawada,Prasanna Travels,23:40,05h 55m,05:35,2.7,INR 600,24 Seats available,A/C Sleeper (2+1)
https://www.redbus.in/bus-tickets/hyderabad-to-vijayawada,Hyderabad to Vijayawada,KKaveri Travels,18:30,07h 30m,02:00,2.6,INR 670,23 Seats available,Non A/C Seater / Sleeper (2+1)
https://www.redbus.in/bus-tickets/hyderabad-to-vijayawada,Hyderabad to Vijayawada,KKaveri Travels,18:55,07h 35m,02:30,2.6,INR 690,32 Seats available,Non A/C Seater / Sleeper (2+1)
https://www.redbus.in/bus-tickets/hyderabad-to-vijayawada,Hyderabad to Vijayawada,KKaveri Travels,18:55,07h 35m,02:30,2.6,INR 590,22 Seats available,Non A/C Seater / Sleeper (2+1)
https://www.redbus.in/bus-tickets/hyderabad-to-vijayawada,Hyderabad to Vijayawada,Siri Tours and Travels,22:13,05h 47m,04:00,2.5,INR 560,26 Seats available,Non A/C Seater / Sleeper (2+1)
https://www.redbus.in/bus-tickets/hyderabad-to-vijayawada,Hyderabad to Vijayawada,Ranadeep Travels,19:35,05h 25m,01:00,4.1,1665,19 Seats available,A/C Sleeper (2+1)
https://www.redbus.in/bus-tickets/hyderabad-to-vijayawada,Hyderabad to Vijayawada,Siri Tours and Travels,22:25,05h 55m,04:20,2.5,INR 999,21 Seats available,A/C Sleeper (2+1)
https://www.redbus.in/bus-tickets/hyderabad-to-vijayawada,Hyderabad to Vijayawada,Ranadeep Travels,19:35,05h 25m,01:00,4.1,1554,23 Seats available,A/C Sleeper (2+1)
https://www.redbus.in/bus-tickets/hyderabad-to-vijayawada,Hyderabad to Vijayawada,Rainbow Tours And Travels,22:14,06h 21m,04:35,2.5,INR 490,19 Seats available,Non A/C Seater / Sleeper (2+1)
https://www.redbus.in/bus-tickets/hyderabad-to-vijayawada,Hyderabad to Vijayawada,Siri Tours and Travels,22:50,05h 25m,04:15,2.5,INR 999,2 Seats available,A/C Sleeper (2+1)
https://www.redbus.in/bus-tickets/hyderabad-to-vijayawada,Hyderabad to Vijayawada,Siri Tours and Travels,22:01,06h 14m,04:15,2.5,INR 560,30 Seats available,Non A/C Seater / Sleeper (2+1)
https://www.redbus.in/bus-tickets/hyderabad-to-vijayawada,Hyderabad to Vijayawada,Siri Tours and Travels,21:58,06h 17m,04:15,2.5,INR 459,31 Seats available,Non A/C Seater / Sleeper (2+1)
https://www.redbus.in/bus-tickets/hyderabad-to-vijayawada,Hyderabad to Vijayawada,KRT Tours and Travels,22:55,06h 25m,05:20,2.3,INR 700,28 Seats available,Scania AC Multi Axle Sleeper (2+1)
https://www.redbus.in/bus-tickets/hyderabad-to-vijayawada,Hyderabad to Vijayawada,Sri KVR Travels,14:59,07h 51m,22:50,4.0,INR 5550,1 Seat available,Non A/C Seater / Sleeper (2+1)
https://www.redbus.in/bus-tickets/hyderabad-to-vijayawada,Hyderabad to Vijayawada,VAHINI Travels,22:37,06h 08m,04:45,2.3,INR 560,30 Seats available,Non A/C Seater / Sleeper (2+1)
https://www.redbus.in/bus-tickets/hyderabad-to-vijayawada,Hyderabad to Vijayawada,Ajay Bus,21:50,07h 05m,04:55,2.2,INR 540,29 Seats available,A/C Seater / Sleeper (2+1)
https://www.redbus.in/bus-tickets/hyderabad-to-vijayawada,Hyderabad to Vijayawada,REDLINES TOURS AND TRAVELS,22:05,06h 25m,04:30,2.1,INR 549,32 Seats available,A/C Seater / Sleeper (2+1)
https://www.redbus.in/bus-tickets/hyderabad-to-vijayawada,Hyderabad to Vijayawada,Ajay Bus,21:50,06h 10m,04:00,2.2,INR 610,29 Seats available,Non A/C Seater / Sleeper (2+1)
https://www.redbus.in/bus-tickets/hyderabad-to-vijayawada,Hyderabad to Vijayawada,REDLINES TOURS AND TRAVELS,22:05,06h 25m,04:30,2.1,INR 3000,35 Seats available,A/C Seater / Sleeper (2+1)
https://www.redbus.in/bus-tickets/hyderabad-to-vijayawada,Hyderabad to Vijayawada,Devi Travels,22:25,07h 25m,05:50,1.9,1350,24 Seats available,A/C Sleeper (2+1)
https://www.redbus.in/bus-tickets/hyderabad-to-vijayawada,Hyderabad to Vijayawada,Shree Manikanta Travels,15:00,07h 50m,22:50,1.9,INR 1399,31 Seats available,A/C Sleeper (2+1)
https://www.redbus.in/bus-tickets/hyderabad-to-vijayawada,Hyderabad to Vijayawada,Sri Rama Travels,22:25,05h 50m,04:15,1.8,INR 777,32 Seats available,A/C Seater / Sleeper (2+1)
https://www.redbus.in/bus-tickets/hyderabad-to-vijayawada,Hyderabad to Vijayawada,Tranzindia Travels,21:40,05h 30m,03:10,1.8,INR 1149,22 Seats available,Scania AC Multi Axle Sleeper (2+1)
https://www.redbus.in/bus-tickets/hyderabad-to-vijayawada,Hyderabad to Vijayawada,DMR Travels,21:16,06h 14m,03:30,1.7,INR 900,30 Seats available,A/C Sleeper (2+1)
https://www.redbus.in/bus-tickets/hyderabad-to-vijayawada,Hyderabad to Vijayawada,DMR Travels,22:00,06h 30m,04:30,1.7,INR 670,29 Seats available,Non A/C Seater / Sleeper (2+1)
https://www.redbus.in/bus-tickets/hyderabad-to-vijayawada,Hyderabad to Vijayawada,DMR Travels,22:35,05h 55m,04:30,1.7,INR 670,37 Seats available,Non A/C Seater / Sleeper (2+1)
https://www.redbus.in/bus-tickets/hyderabad-to-vijayawada,Hyderabad to Vijayawada,DMR Travels,22:00,06h 20m,04:20,1.7,INR 900,29 Seats available,A/C Sleeper (2+1)
https://www.redbus.in/bus-tickets/hyderabad-to-vijayawada,Hyderabad to Vijayawada,DMR Travels,21:40,06h 50m,04:30,1.7,INR 670,31 Seats available,Non A/C Seater / Sleeper (2+1)
https://www.redbus.in/bus-tickets/hyderabad-to-vijayawada,Hyderabad to Vijayawada,Sai Virat Travels,22:10,04h 55m,03:05,3.9,INR 1000,32 Seats available,VE A/C Sleeper (2+1)
https://www.redbus.in/bus-tickets/hyderabad-to-vijayawada,Hyderabad to Vijayawada,Padma Travels,21:30,06h 30m,04:00,3.9,INR 499,25 Seats available,Non A/C Seater / Sleeper (2+1)
https://www.redbus.in/bus-tickets/hyderabad-to-vijayawada,Hyderabad to Vijayawada,Meghana Travels,22:20,05h 35m,03:55,3.9,INR 990,6 Seats available,A/C Sleeper (2+1)
https://www.redbus.in/bus-tickets/hyderabad-to-vijayawada,Hyderabad to Vijayawada,Meghana Travels,22:45,05h 40m,04:25,3.9,INR 3000,36 Seats available,Non A/C Seater / Sleeper (2+1)
https://www.redbus.in/bus-tickets/hyderabad-to-vijayawada,Hyderabad to Vijayawada,SVR Tours and Travels,17:15,06h 30m,23:45,2.9,INR 1100,28 Seats available,Volvo Multi Axle B9R A/C Sleeper (2+1)
https://www.redbus.in/bus-tickets/hyderabad-to-vijayawada,Hyderabad to Vijayawada,SVR Tours and Travels,15:15,06h 45m,22:00,2.9,INR 890,4 Seats available,A/C Seater / Sleeper (2+1)
https://www.redbus.in/bus-tickets/hyderabad-to-vijayawada,Hyderabad to Vijayawada,Chandu Travels,22:18,06h 12m,04:30,3.8,1226,26 Seats available,A/C Seater / Sleeper (2+1)
https://www.redbus.in/bus-tickets/hyderabad-to-vijayawada,Hyderabad to Vijayawada,V Kaveri Travels,22:55,07h 35m,06:30,3.8,INR 600,32 Seats available,NON A/C Hi-Tech Push Back (2+2)
https://www.redbus.in/bus-tickets/hyderabad-to-vijayawada,Hyderabad to Vijayawada,Komali Travels,22:10,06h 20m,04:30,3.8,532,29 Seats available,Non A/C Seater / Sleeper (2+1)
https://www.redbus.in/bus-tickets/hyderabad-to-vijayawada,Hyderabad to Vijayawada,Mayuri Travels,14:38,06h 32m,21:10,3.7,INR 1110,16 Seats available,Non A/C Seater / Sleeper (2+1)
https://www.redbus.in/bus-tickets/hyderabad-to-vijayawada,Hyderabad to Vijayawada,Mayuri Travels,16:45,07h 14m,23:59,3.7,INR 1110,33 Seats available,Non A/C Seater / Sleeper (2+1)
https://www.redbus.in/bus-tickets/hyderabad-to-vijayawada,Hyderabad to Vijayawada,Sri Karan Sai Tours and Travels,22:10,06h 20m,04:30,3.6,INR 444,34 Seats available,Non A/C Seater / Sleeper (2+1)
https://www.redbus.in/bus-tickets/hyderabad-to-vijayawada,Hyderabad to Vijayawada,Yolo Bus,22:46,06h 38m,05:24,3.6,INR 1760,44 Seats available,A/C Seater/Sleeper (2+1)
https://www.redbus.in/bus-tickets/hyderabad-to-vijayawada,Hyderabad to Vijayawada,Sri Hari Tours & Travels,23:35,05h 35m,05:10,3.6,1424,38 Seats available,Volvo Multi Axle B9R A/C Sleeper (2+1)
https://www.redbus.in/bus-tickets/hyderabad-to-vijayawada,Hyderabad to Vijayawada,Sri Karan Sai Tours and Travels,22:15,06h 15m,04:30,3.6,INR 777,23 Seats available,Non A/C Seater / Sleeper (2+1)
https://www.redbus.in/bus-tickets/hyderabad-to-vijayawada,Hyderabad to Vijayawada,Sri Hari Tours & Travels,21:12,05h 53m,03:05,3.6,2374,25 Seats available,Volvo Multi Axle B9R A/C Sleeper (2+1)
https://www.redbus.in/bus-tickets/hyderabad-to-vijayawada,Hyderabad to Vijayawada,CVR Travels,22:15,06h 02m,04:17,3.5,INR 890,1 Seat available,Non A/C Seater / Sleeper (2+1)
https://www.redbus.in/bus-tickets/hyderabad-to-vijayawada,Hyderabad to Vijayawada,CVR Travels,21:50,05h 40m,03:30,3.5,INR 610,36 Seats available,A/C Seater / Sleeper (2+1)
https://www.redbus.in/bus-tickets/hyderabad-to-vijayawada,Hyderabad to Vijayawada,Sai Sri Krishna Travels,22:40,05h 50m,04:30,3.3,INR 1899,31 Seats available,A/C Seater / Sleeper (2+1)
https://www.redbus.in/bus-tickets/hyderabad-to-vijayawada,Hyderabad to Vijayawada,VNR Tours And Travels,15:10,07h 15m,22:25,3.3,3799,32 Seats available,A/C Seater / Sleeper (2+1)
https://www.redbus.in/bus-tickets/hyderabad-to-vijayawada,Hyderabad to Vijayawada,MSM Tours & Travels,21:04,05h 56m,03:00,3.3,INR 1038,29 Seats available,A/C Sleeper (2+1)
https://www.redbus.in/bus-tickets/hyderabad-to-vijayawada,Hyderabad to Vijayawada,SBT,20:40,08h 20m,05:00,3.1,INR 3000,45 Seats available,Volvo AC Seater (2+2)
https://www.redbus.in/bus-tickets/hyderabad-to-vijayawada,Hyderabad to Vijayawada,SUNRISE TOUR AND TRAVELS,22:25,06h 25m,04:50,3.0,2850,36 Seats available,Non A/C Seater / Sleeper (2+1)
https://www.redbus.in/bus-tickets/hyderabad-to-vijayawada,Hyderabad to Vijayawada,J GAGANA TRAVELS,22:15,05h 30m,03:45,2.9,INR 555,28 Seats available,Non A/C Seater / Sleeper (2+1)
https://www.redbus.in/bus-tickets/hyderabad-to-vijayawada,Hyderabad to Vijayawada,Sai Srinivasa Travels,22:40,06h 10m,04:50,2.9,INR 2999,40 Seats available,A/C Seater / Sleeper (2+1)
https://www.redbus.in/bus-tickets/hyderabad-to-vijayawada,Hyderabad to Vijayawada,SSV Travels,23:12,05h 20m,04:32,2.9,2521,40 Seats available,Non A/C Seater / Sleeper (2+1)
https://www.redbus.in/bus-tickets/hyderabad-to-vijayawada,Hyderabad to Vijayawada,Mahi Trans Solutions,22:35,06h 40m,05:15,2.9,1529,36 Seats available,Non A/C Seater / Sleeper (2+1)
https://www.redbus.in/bus-tickets/hyderabad-to-vijayawada,Hyderabad to Vijayawada,KPM BUS,21:46,06h 29m,04:15,2.8,INR 799,22 Seats available,NON A/C Sleeper (2+1)
https://www.redbus.in/bus-tickets/hyderabad-to-vijayawada,Hyderabad to Vijayawada,AVR Travels,00:25,05h 15m,05:40,2.6,INR 2500,41 Seats available,A/C Seater / Sleeper (2+1)
https://www.redbus.in/bus-tickets/hyderabad-to-vijayawada,Hyderabad to Vijayawada,AVR Travels,00:10,05h 15m,05:25,2.6,INR 2500,41 Seats available,A/C Seater (2+2)
https://www.redbus.in/bus-tickets/hyderabad-to-vijayawada,Hyderabad to Vijayawada,Ajay Bus,21:50,06h 30m,04:20,2.2,INR 540,30 Seats available,A/C Seater / Sleeper (2+1)
https://www.redbus.in/bus-tickets/hyderabad-to-vijayawada,Hyderabad to Vijayawada,Elegance Tours And Travels Pvt Ltd,20:25,06h 40m,03:05,2.1,1161,28 Seats available,Bharat Benz A/C Sleeper (2+1)
https://www.redbus.in/bus-tickets/hyderabad-to-vijayawada,Hyderabad to Vijayawada,Elegance Tours And Travels Pvt Ltd,18:25,07h 05m,01:30,2.1,1124,13 Seats available,Bharat Benz A/C Sleeper (2+1)
https://www.redbus.in/bus-tickets/hyderabad-to-vijayawada,Hyderabad to Vijayawada,SRI VEERANJANEYA TOURS AND TRAVELS,21:30,05h 10m,02:40,1.9,INR 3000,30 Seats available,NON A/C Sleeper (2+1)
https://www.redbus.in/bus-tickets/hyderabad-to-vijayawada,Hyderabad to Vijayawada,SRI VEERANJANEYA TOURS AND TRAVELS,21:30,05h 10m,02:40,1.9,INR 3000,30 Seats available,A/C Sleeper (2+1)
https://www.redbus.in/bus-tickets/hyderabad-to-vijayawada,Hyderabad to Vijayawada,Tranzindia Travels,21:45,06h 20m,04:05,1.8,INR 1150,22 Seats available,VE A/C Sleeper (2+1)
https://www.redbus.in/bus-tickets/hyderabad-to-vijayawada,Hyderabad to Vijayawada,Tranzindia Travels,21:45,05h 30m,03:15,1.8,INR 1111,26 Seats available,Volvo Multi-Axle A/C Sleeper (2+1)
https://www.redbus.in/bus-tickets/hyderabad-to-vijayawada,Hyderabad to Vijayawada,Sri Rama Travels,22:15,06h 00m,04:15,1.8,INR 610,23 Seats available,Non A/C Seater / Sleeper (2+1)
https://www.redbus.in/bus-tickets/hyderabad-to-vijayawada,Hyderabad to Vijayawada,Sai Durga Travels,22:35,06h 25m,05:00,1.6,4750,1 Seat available,A/C Seater / Sleeper (2+1)
https://www.redbus.in/bus-tickets/hyderabad-to-vijayawada,Hyderabad to Vijayawada,Naveen Tours and Travels,19:40,07h 05m,02:45,1.5,1100,34 Seats available,VE A/C Seater / Sleeper (2+1)
https://www.redbus.in/bus-tickets/hyderabad-to-vijayawada,Hyderabad to Vijayawada,Naveen Tours and Travels,21:25,07h 06m,04:31,1.5,1199,44 Seats available,VE A/C Seater / Sleeper (2+1)
https://www.redbus.in/bus-tickets/hyderabad-to-vijayawada,Hyderabad to Vijayawada,Naveen Tours and Travels,21:20,06h 30m,03:50,1.5,1086,48 Seats available,A/C Seater / Sleeper (2+1)
https://www.redbus.in/bus-tickets/hyderabad-to-vijayawada,Hyderabad to Vijayawada,Shree Krishna Travels,19:00,04h 00m,23:00,,INR 4500,37 Seats available,NON A/C Sleeper (2+1)
https://www.redbus.in/bus-tickets/hyderabad-to-vijayawada,Hyderabad to Vijayawada,SRI KARTHIKEYA TRAVELS,22:00,06h 30m,04:30,,INR 299,30 Seats available,A/C Seater / Sleeper (2+1)
https://www.redbus.in/bus-tickets/karimnagar-to-hyderabad,Karimnagar to Hyderabad,IRA Transports,18:30,02h 05m,20:35,3.9,INR 499,30 Seats available,A/C Sleeper (2+1)
https://www.redbus.in/bus-tickets/karimnagar-to-hyderabad,Karimnagar to Hyderabad,Orange Tours and Travels,18:45,03h 20m,22:05,4.0,INR 500,28 Seats available,Scania AC Multi Axle Sleeper (2+1)
https://www.redbus.in/bus-tickets/karimnagar-to-hyderabad,Karimnagar to Hyderabad,Mythri Tours And Travels,18:40,02h 45m,21:25,4.6,1159,17 Seats available,A/C Sleeper (2+1)
https://www.redbus.in/bus-tickets/karimnagar-to-hyderabad,Karimnagar to Hyderabad,IRA Transports,19:00,05h 00m,00:00,3.9,INR 1199,25 Seats available,VE A/C Sleeper (2+1)
https://www.redbus.in/bus-tickets/karimnagar-to-hyderabad,Karimnagar to Hyderabad,Tranzindia Travels,17:45,02h 45m,20:30,2.7,INR 1350,19 Seats available,VE A/C Sleeper (2+1)
https://www.redbus.in/bus-tickets/karimnagar-to-hyderabad,Karimnagar to Hyderabad,Dhanunjaya Travels,19:35,02h 25m,22:00,1.8,INR 2000,26 Seats available,A/C Sleeper (2+1)
https://www.redbus.in/bus-tickets/karimnagar-to-hyderabad,Karimnagar to Hyderabad,Harikrishna Travels,21:00,02h 59m,23:59,2.5,3799,32 Seats available,Non A/C Seater / Sleeper (2+1)
https://www.redbus.in/bus-tickets/hyderabad-to-mancherial,Hyderabad to Mancherial,DNR Express,21:30,04h 30m,02:00,3.3,INR 1000,24 Seats available,AC Sleeper (2+1)
https://www.redbus.in/bus-tickets/hyderabad-to-mancherial,Hyderabad to Mancherial,IPS Bus Service,15:30,04h 50m,20:20,2.6,INR 1000,30 Seats available,NON A/C Sleeper (2+2)
https://www.redbus.in/bus-tickets/hyderabad-to-adilabad,Hyderabad to Adilabad,Orange Tours and Travels,18:00,05h 15m,23:15,3.9,INR 550,46 Seats available,Volvo Multi-Axle A/C (2+2)
https://www.redbus.in/bus-tickets/hyderabad-to-adilabad,Hyderabad to Adilabad,Sahara Tours and Travels,18:00,05h 15m,23:15,3.8,INR 449,38 Seats available,Bharat Benz A/C Seater (2+2)
https://www.redbus.in/bus-tickets/hyderabad-to-adilabad,Hyderabad to Adilabad,Savera Tours and Travels,22:15,07h 15m,05:30,3.8,594,15 Seats available,NON A/C Sleeper (2+1)
https://www.redbus.in/bus-tickets/hyderabad-to-adilabad,Hyderabad to Adilabad,Sahara Tours and Travels,22:30,06h 15m,04:45,3.7,INR 650,3 Seats available,A/C Sleeper (2+1)
https://www.redbus.in/bus-tickets/hyderabad-to-adilabad,Hyderabad to Adilabad,Muskan Travels,21:30,08h 30m,06:00,3.4,495,24 Seats available,NON A/C Semi Sleeper (2+2)
https://www.redbus.in/bus-tickets/hyderabad-to-adilabad,Hyderabad to Adilabad,MDK TOURS AND TRAVELS,22:00,07h 30m,05:30,3.2,399,32 Seats available,Non A/C Seater / Sleeper (2+1)
https://www.redbus.in/bus-tickets/hyderabad-to-adilabad,Hyderabad to Adilabad,Metro Tours and Travels,22:15,07h 00m,05:15,3.4,585,20 Seats available,NON A/C Sleeper (2+1)
https://www.redbus.in/bus-tickets/hyderabad-to-adilabad,Hyderabad to Adilabad,GDR Tours and Travels,18:00,05h 15m,23:15,3.0,INR 400,44 Seats available,Bharat Benz A/C Seater (2+2)
https://www.redbus.in/bus-tickets/hyderabad-to-adilabad,Hyderabad to Adilabad,Sahara Tours and Travels,22:00,06h 30m,04:30,3.1,INR 450,24 Seats available,Non AC Seater (2+2)
https://www.redbus.in/bus-tickets/hyderabad-to-adilabad,Hyderabad to Adilabad,Sitara Travels,22:00,07h 15m,05:15,3.3,399,35 Seats available,NON A/C Airbus (2+2)
https://www.redbus.in/bus-tickets/hyderabad-to-adilabad,Hyderabad to Adilabad,Orange Tours and Travels,22:00,05h 45m,03:45,3.3,INR 900,29 Seats available,A/C Sleeper (2+1)
https://www.redbus.in/bus-tickets/hyderabad-to-adilabad,Hyderabad to Adilabad,Diamond Travels,22:30,06h 30m,05:00,3.5,INR 400,24 Seats available,NON A/C Seater (2+1)
https://www.redbus.in/bus-tickets/hyderabad-to-adilabad,Hyderabad to Adilabad,IntrCity SmartBus,22:55,06h 00m,04:55,3.8,INR 749,16 Seats available,AC Sleeper (2+1)
https://www.redbus.in/bus-tickets/hyderabad-to-adilabad,Hyderabad to Adilabad,Hans Travels (I) Private Limited,15:30,07h 00m,22:30,3.0,INR 1200,13 Seats available,Volvo 9600 Multi-Axle A/C Sleeper (2+1)
https://www.redbus.in/bus-tickets/hyderabad-to-adilabad,Hyderabad to Adilabad,Pooja Travels,20:45,07h 05m,03:50,3.7,760,22 Seats available,A/C Sleeper (2+1)
https://www.redbus.in/bus-tickets/hyderabad-to-adilabad,Hyderabad to Adilabad,Pooja Travels,21:00,08h 10m,05:10,2.9,570,16 Seats available,NON A/C Seater (2+2)
https://www.redbus.in/bus-tickets/hyderabad-to-adilabad,Hyderabad to Adilabad,Diamond Travels,21:30,06h 15m,03:45,2.6,INR 1000,21 Seats available,AC Sleeper (2+1)
https://www.redbus.in/bus-tickets/hyderabad-to-adilabad,Hyderabad to Adilabad,Kaleswari Travels,23:00,06h 15m,05:15,2.0,1891,8 Seats available,Non A/C Seater / Sleeper (2+1)
https://www.redbus.in/bus-tickets/hyderabad-to-adilabad,Hyderabad to Adilabad,Orange Tours and Travels,22:00,05h 45m,03:45,2.3,INR 1320,4 Seats available,A/C Sleeper (2+1)
https://www.redbus.in/bus-tickets/hyderabad-to-adilabad,Hyderabad to Adilabad,Pooja Travels,22:00,07h 40m,05:40,2.2,760,19 Seats available,NON A/C Sleeper (2+1)
https://www.redbus.in/bus-tickets/hyderabad-to-adilabad,Hyderabad to Adilabad,New Royal Travels (Raipur),12:10,06h 50m,19:00,1.2,INR 905,32 Seats available,VE A/C Sleeper (2+1)
https://www.redbus.in/bus-tickets/hyderabad-to-adilabad,Hyderabad to Adilabad,Zingbus Plus,22:45,05h 45m,04:30,4.4,565,25 Seats available,VE A/C Sleeper (2+1)
https://www.redbus.in/bus-tickets/hyderabad-to-adilabad,Hyderabad to Adilabad,New Galaxy Travels,22:15,05h 45m,04:00,3.2,4500,30 Seats available,A/C Sleeper (2+1)
https://www.redbus.in/bus-tickets/hyderabad-to-adilabad,Hyderabad to Adilabad,Saini Travels Pvt. Ltd.,22:00,05h 00m,03:00,4.0,INR 2000,36 Seats available,Bharat Benz A/C Sleeper (2+1)
https://www.redbus.in/bus-tickets/hyderabad-to-adilabad,Hyderabad to Adilabad,Saini Travels Pvt. Ltd.,22:30,05h 00m,03:30,4.0,INR 1100,19 Seats available,Volvo 9600 Multi-Axle A/C Sleeper (2+1)
https://www.redbus.in/bus-tickets/hyderabad-to-adilabad,Hyderabad to Adilabad,Vijayant Travels,21:40,05h 30m,03:10,4.0,INR 899,24 Seats available,Volvo 9600 Multi-Axle A/C Sleeper (2+1)
https://www.redbus.in/bus-tickets/hyderabad-to-adilabad,Hyderabad to Adilabad,Vijayant Travels,21:45,05h 30m,03:15,4.0,INR 800,22 Seats available,A/C Sleeper (2+1)
https://www.redbus.in/bus-tickets/hyderabad-to-adilabad,Hyderabad to Adilabad,Saini Travels Pvt. Ltd.,22:10,05h 00m,03:10,4.0,INR 1000,21 Seats available,Volvo Multi Axle Sleeper B11R (2+1)
https://www.redbus.in/bus-tickets/hyderabad-to-adilabad,Hyderabad to Adilabad,Saini Travels Pvt. Ltd.,21:30,05h 45m,03:15,4.0,INR 904,18 Seats available,A/C Sleeper (2+1)
https://www.redbus.in/bus-tickets/hyderabad-to-adilabad,Hyderabad to Adilabad,JAI MARUTHI TRAVELS,23:00,05h 45m,04:45,3.9,INR 1300,29 Seats available,Volvo Multi Axle A/C Sleeper I-Shift B11R (2+1)
https://www.redbus.in/bus-tickets/hyderabad-to-adilabad,Hyderabad to Adilabad,DNR Express,21:40,05h 45m,03:25,3.4,INR 2000,36 Seats available,Bharat Benz A/C Sleeper (2+1)
https://www.redbus.in/bus-tickets/hyderabad-to-adilabad,Hyderabad to Adilabad,Shree Khurana Shabrij Travels,22:30,04h 45m,03:15,3.1,INR 1200,10 Seats available,A/C Sleeper (2+1)
https://www.redbus.in/bus-tickets/hyderabad-to-adilabad,Hyderabad to Adilabad,SRS Travels,22:00,05h 30m,03:30,3.2,INR 1300,22 Seats available,A/C Sleeper (2+1)
https://www.redbus.in/bus-tickets/hyderabad-to-adilabad,Hyderabad to Adilabad,Pooja Travels,20:00,08h 35m,04:35,2.9,760,18 Seats available,A/C Sleeper (2+1)
https://www.redbus.in/bus-tickets/hyderabad-to-adilabad,Hyderabad to Adilabad,Muskan Travels,22:15,07h 15m,05:30,2.1,720,17 Seats available,NON A/C Sleeper (2+1)
https://www.redbus.in/bus-tickets/hyderabad-to-adilabad,Hyderabad to Adilabad,ARB Express,22:15,05h 10m,03:25,2.9,INR 1199,30 Seats available,Bharat Benz A/C Sleeper (2+1)
https://www.redbus.in/bus-tickets/hyderabad-to-adilabad,Hyderabad to Adilabad,Ashirwad Travels,20:30,05h 00m,01:30,4.3,INR 1600,9 Seats available,AC Sleeper (2+1)
https://www.redbus.in/bus-tickets/hyderabad-to-adilabad,Hyderabad to Adilabad,Dhanunjaya Travels,20:45,05h 45m,02:30,1.8,INR 3000,24 Seats available,A/C Sleeper (2+1)
https://www.redbus.in/bus-tickets/hyderabad-to-adilabad,Hyderabad to Adilabad,Dhanunjaya Travels,20:15,06h 15m,02:30,1.8,INR 5000,36 Seats available,Volvo 9600 Multi-Axle A/C Sleeper (2+1)
https://www.redbus.in/bus-tickets/hyderabad-to-adilabad,Hyderabad to Adilabad,Travel Point World LLP,09:30,05h 05m,14:35,1.7,2202,17 Seats available,A/C Seater / Sleeper (2+2)
https://www.redbus.in/bus-tickets/hyderabad-to-adilabad,Hyderabad to Adilabad,New Royal Travels (Raipur),20:00,06h 00m,02:00,1.2,INR 1429,25 Seats available,A/C Sleeper (2+1)
https://www.redbus.in/bus-tickets/hyderabad-to-adilabad,Hyderabad to Adilabad,New Royal Travels (Raipur),17:30,05h 30m,23:00,1.2,INR 1260,19 Seats available,Bharat Benz A/C Sleeper (2+1)
https://www.redbus.in/bus-tickets/hyderabad-to-adilabad,Hyderabad to Adilabad,Royal Travels (Raipur),15:15,05h 45m,21:00,1.2,INR 1238,28 Seats available,A/C Sleeper (2+1)
https://www.redbus.in/bus-tickets/hyderabad-to-adilabad,Hyderabad to Adilabad,DNR Express,18:30,07h 15m,01:45,3.4,INR 1428.57,36 Seats available,AC Sleeper (2+1)
https://www.redbus.in/bus-tickets/hyderabad-to-adilabad,Hyderabad to Adilabad,DNR Express,22:40,05h 45m,04:25,3.4,INR 2000,36 Seats available,AC Sleeper (2+1)
https://www.redbus.in/bus-tickets/hyderabad-to-adilabad,Hyderabad to Adilabad,Shree Savariya Travels & Transport,23:00,05h 40m,04:40,3.0,INR 3499,8 Seats available,A/C Seater/Sleeper (2+1)
https://www.redbus.in/bus-tickets/hyderabad-to-adilabad,Hyderabad to Adilabad,Pooja Travels (Nagpur),22:00,07h 00m,05:00,2.8,1710,14 Seats available,Mercedes Benz A/C Sleeper (2+1)
https://www.redbus.in/bus-tickets/hyderabad-to-adilabad,Hyderabad to Adilabad,Dhanunjaya Travels,20:30,06h 00m,02:30,1.8,INR 5000,6 Seats available,A/C Sleeper (2+1)
https://www.redbus.in/bus-tickets/hyderabad-to-nirmal,Hyderabad to Nirmal,Sahara Tours and Travels,18:00,03h 45m,21:45,3.8,INR 449,38 Seats available,Bharat Benz A/C Seater (2+2)
https://www.redbus.in/bus-tickets/hyderabad-to-nirmal,Hyderabad to Nirmal,MDK TOURS AND TRAVELS,22:00,05h 00m,03:00,3.1,399,34 Seats available,Non A/C Seater / Sleeper (2+1)
https://www.redbus.in/bus-tickets/hyderabad-to-nirmal,Hyderabad to Nirmal,GDR Tours and Travels,18:00,04h 00m,22:00,2.4,INR 400,44 Seats available,Bharat Benz A/C Seater (2+2)
https://www.redbus.in/bus-tickets/hyderabad-to-nirmal,Hyderabad to Nirmal,Sitara Travels,22:00,06h 15m,04:15,2.7,399,35 Seats available,NON A/C Airbus (2+2)
https://www.redbus.in/bus-tickets/hyderabad-to-nirmal,Hyderabad to Nirmal,New Royal Travels (Raipur),12:10,05h 45m,17:55,3.6,INR 905,32 Seats available,VE A/C Sleeper (2+1)
https://www.redbus.in/bus-tickets/hyderabad-to-nirmal,Hyderabad to Nirmal,Royal Travels (Raipur),15:15,04h 45m,20:00,3.6,INR 1238,17 Seats available,A/C Sleeper (2+1)
https://www.redbus.in/bus-tickets/hyderabad-to-nirmal,Hyderabad to Nirmal,New Royal Travels (Raipur),17:30,04h 15m,21:45,3.6,INR 1260,19 Seats available,Bharat Benz A/C Sleeper (2+1)
https://www.redbus.in/bus-tickets/hyderabad-to-nirmal,Hyderabad to Nirmal,Orange Tours and Travels,18:00,04h 00m,22:00,3.1,INR 500,46 Seats available,Volvo Multi-Axle A/C (2+2)
https://www.redbus.in/bus-tickets/hyderabad-to-nirmal,Hyderabad to Nirmal,Orange Tours and Travels,18:00,05h 15m,23:15,3.4,INR 900,27 Seats available,Bharat Benz A/C Sleeper (2+1)
https://www.redbus.in/bus-tickets/hyderabad-to-nirmal,Hyderabad to Nirmal,New Royal Travels (Raipur),20:00,04h 45m,00:45,3.6,INR 1429,24 Seats available,A/C Sleeper (2+1)
https://www.redbus.in/bus-tickets/hyderabad-to-nirmal,Hyderabad to Nirmal,Saini Travels Pvt. Ltd.,22:00,04h 00m,02:00,4.0,INR 2000,36 Seats available,Bharat Benz A/C Sleeper (2+1)
https://www.redbus.in/bus-tickets/hyderabad-to-nirmal,Hyderabad to Nirmal,Ameena Travels,22:00,05h 00m,03:00,4.4,855,19 Seats available,A/C Sleeper (2+1)
https://www.redbus.in/bus-tickets/hyderabad-to-nirmal,Hyderabad to Nirmal,Orange Tours and Travels,22:00,04h 00m,02:00,4.2,INR 850,29 Seats available,A/C Sleeper (2+1)
https://www.redbus.in/bus-tickets/hyderabad-to-nirmal,Hyderabad to Nirmal,Mahadev Bus Service,22:00,03h 00m,01:00,3.5,INR 2000,41 Seats available,Non A/C Seater / Sleeper (2+1)
https://www.redbus.in/bus-tickets/hyderabad-to-nirmal,Hyderabad to Nirmal,Saini Travels Pvt. Ltd.,22:10,04h 00m,02:10,4.0,INR 1000,17 Seats available,Volvo Multi Axle Sleeper B11R (2+1)
https://www.redbus.in/bus-tickets/hyderabad-to-nirmal,Hyderabad to Nirmal,Savera Tours and Travels,22:15,06h 00m,04:15,3.7,594,17 Seats available,NON A/C Sleeper (2+1)
https://www.redbus.in/bus-tickets/hyderabad-to-nirmal,Hyderabad to Nirmal,Muskan Travels,22:15,03h 45m,02:00,3.5,720,19 Seats available,NON A/C Sleeper (2+1)
https://www.redbus.in/bus-tickets/hyderabad-to-nirmal,Hyderabad to Nirmal,Ameena Travels,22:25,04h 35m,03:00,4.4,810,30 Seats available,A/C Sleeper (2+1)
https://www.redbus.in/bus-tickets/hyderabad-to-nirmal,Hyderabad to Nirmal,Saini Travels Pvt. Ltd.,22:30,04h 00m,02:30,4.0,INR 1300,41 Seats available,Volvo 9600 Multi-Axle A/C Sleeper (2+1)
https://www.redbus.in/bus-tickets/hyderabad-to-nirmal,Hyderabad to Nirmal,Shree Savariya Travels & Transport,23:00,04h 20m,03:20,3.0,INR 3499,8 Seats available,A/C Seater/Sleeper (2+1)
https://www.redbus.in/bus-tickets/hyderabad-to-nirmal,Hyderabad to Nirmal,Travel Point World LLP,09:30,04h 55m,14:25,1.7,2202,17 Seats available,A/C Seater / Sleeper (2+2)
https://www.redbus.in/bus-tickets/hyderabad-to-nirmal,Hyderabad to Nirmal,Pooja Travels,20:00,06h 30m,02:30,2.2,760,18 Seats available,A/C Sleeper (2+1)
https://www.redbus.in/bus-tickets/hyderabad-to-nirmal,Hyderabad to Nirmal,Pooja Travels,20:45,07h 30m,04:15,2.2,760,22 Seats available,A/C Sleeper (2+1)
https://www.redbus.in/bus-tickets/hyderabad-to-nirmal,Hyderabad to Nirmal,Pooja Travels,21:00,05h 00m,02:00,2.2,570,17 Seats available,NON A/C Seater (2+2)
https://www.redbus.in/bus-tickets/hyderabad-to-nirmal,Hyderabad to Nirmal,Shri Mahadev (f.d.m),21:50,06h 00m,03:50,1.5,INR 2550,32 Seats available,NON A/C Sleeper (2+1)
https://www.redbus.in/bus-tickets/hyderabad-to-nirmal,Hyderabad to Nirmal,Pooja Travels,22:00,04h 30m,02:30,2.2,760,22 Seats available,NON A/C Sleeper (2+1)
https://www.redbus.in/bus-tickets/hyderabad-to-nirmal,Hyderabad to Nirmal,Pooja Travels (Nagpur),22:00,05h 15m,03:15,2.2,1710,14 Seats available,Mercedes Benz A/C Sleeper (2+1)
https://www.redbus.in/bus-tickets/hyderabad-to-nirmal,Hyderabad to Nirmal,Metro Tours and Travels,22:15,06h 00m,04:15,2.7,585,30 Seats available,NON A/C Sleeper (2+1)
https://www.redbus.in/bus-tickets/hyderabad-to-nirmal,Hyderabad to Nirmal,ARB Express,22:15,03h 40m,01:55,2.9,INR 1199,30 Seats available,Bharat Benz A/C Sleeper (2+1)
https://www.redbus.in/bus-tickets/hyderabad-to-karimnagar,Hyderabad to Karimnagar,IPS Bus Service,15:30,03h 10m,18:40,2.6,INR 1000,30 Seats available,NON A/C Sleeper (2+2)
https://www.redbus.in/bus-tickets/hyderabad-to-karimnagar,Hyderabad to Karimnagar,DNR Express,21:30,02h 29m,23:59,1.7,INR 1000,25 Seats available,AC Sleeper (2+1)
https://www.redbus.in/bus-tickets/hyderabad-to-karimnagar,Hyderabad to Karimnagar,Bhumi travels,22:00,05h 00m,03:00,2.1,INR 2000,36 Seats available,AC Seater (2+2)
https://www.redbus.in/bus-tickets/hyderabad-to-karimnagar,Hyderabad to Karimnagar,Shree Saipooja Travels,23:10,03h 20m,02:30,2.6,INR 3000,42 Seats available,A/C Seater/Sleeper (2+1)
https://www.redbus.in/bus-tickets/kothagudem-to-hyderabad,Kothagudem to Hyderabad,BSR Tours And Travels,23:30,06h 30m,06:00,4.7,INR 980,22 Seats available,Volvo Multi-Axle A/C Sleeper (2+1)
https://www.redbus.in/bus-tickets/kothagudem-to-hyderabad,Kothagudem to Hyderabad,BSR Tours And Travels,23:15,06h 45m,06:00,4.7,INR 780,10 Seats available,A/C Sleeper (2+1)
https://www.redbus.in/bus-tickets/kothagudem-to-hyderabad,Kothagudem to Hyderabad,Bharathi Tours & Travels,23:00,06h 30m,05:30,4.8,INR 790,25 Seats available,A/C Sleeper (2+1)
https://www.redbus.in/bus-tickets/kothagudem-to-hyderabad,Kothagudem to Hyderabad,SAIRAJ TRAVELS,23:00,06h 30m,05:30,4.8,INR 800,8 Seats available,A/C Sleeper (2+1)
https://www.redbus.in/bus-tickets/kothagudem-to-hyderabad,Kothagudem to Hyderabad,Bharathi Tours & Travels,23:10,05h 50m,05:00,3.9,INR 500,23 Seats available,Non A/C Seater / Sleeper (2+1)
https://www.redbus.in/bus-tickets/kothagudem-to-hyderabad,Kothagudem to Hyderabad,VSR Tours and Travels,23:30,06h 30m,06:00,3.9,764,18 Seats available,A/C Sleeper (2+1)
https://www.redbus.in/bus-tickets/kothagudem-to-hyderabad,Kothagudem to Hyderabad,Bharathi Tours & Travels,23:25,05h 35m,05:00,4.0,INR 890,15 Seats available,A/C Sleeper (2+1)
https://www.redbus.in/bus-tickets/kothagudem-to-hyderabad,Kothagudem to Hyderabad,Bharathi Tours & Travels,23:00,06h 00m,05:00,4.4,INR 500,25 Seats available,Non A/C Seater / Sleeper (2+1)
https://www.redbus.in/bus-tickets/kothagudem-to-hyderabad,Kothagudem to Hyderabad,SAIRAJ TRAVELS,23:00,07h 15m,06:15,4.8,INR 670,10 Seats available,A/C Seater / Sleeper (2+1)
https://www.redbus.in/bus-tickets/kothagudem-to-hyderabad,Kothagudem to Hyderabad,Morning Star Travels,23:30,05h 05m,04:35,3.2,INR 1090,30 Seats available,A/C Sleeper (2+1)
https://www.redbus.in/bus-tickets/kothagudem-to-hyderabad,Kothagudem to Hyderabad,Nani’s Sai Krishna Travels,23:09,05h 51m,05:00,2.9,INR 500,31 Seats available,Non A/C Seater / Sleeper (2+1)
https://www.redbus.in/bus-tickets/kothagudem-to-hyderabad,Kothagudem to Hyderabad,YASHWANTH BUS,23:10,05h 50m,05:00,2.7,450,29 Seats available,Non A/C Seater / Sleeper (2+1)
https://www.redbus.in/bus-tickets/kothagudem-to-hyderabad,Kothagudem to Hyderabad,MAHABAHUSRIKVRTRAVELS,01:30,05h 15m,06:45,3.1,1093,24 Seats available,A/C Seater / Sleeper (2+1)
https://www.redbus.in/bus-tickets/kothagudem-to-hyderabad,Kothagudem to Hyderabad,MAHABAHUSRIKVRTRAVELS,01:30,04h 30m,06:00,2.2,950,26 Seats available,Non A/C Seater / Sleeper (2+1)
https://www.redbus.in/bus-tickets/kothagudem-to-hyderabad,Kothagudem to Hyderabad,Morning Star Travels,16:25,05h 20m,21:45,2.4,INR 690,16 Seats available,A/C Sleeper (2+1)
https://www.redbus.in/bus-tickets/kothagudem-to-hyderabad,Kothagudem to Hyderabad,Shyamoli Paribahan Pvt Ltd,16:50,06h 20m,23:10,4.2,1188,11 Seats available,A/C Sleeper (2+1)
https://www.redbus.in/bus-tickets/kothagudem-to-hyderabad,Kothagudem to Hyderabad,Morning Star Travels,23:05,05h 40m,04:45,3.1,INR 1090,27 Seats available,A/C Sleeper (2+1)
https://www.redbus.in/bus-tickets/hyderabad-to-kothagudem,Hyderabad to Kothagudem,BSR Tours And Travels,22:00,06h 30m,04:30,4.7,INR 680,6 Seats available,A/C Sleeper (2+1)
https://www.redbus.in/bus-tickets/hyderabad-to-kothagudem,Hyderabad to Kothagudem,BSR Tours And Travels,22:00,06h 30m,04:30,4.5,INR 880,16 Seats available,Volvo Multi-Axle A/C Sleeper (2+1)
https://www.redbus.in/bus-tickets/hyderabad-to-kothagudem,Hyderabad to Kothagudem,Bharathi Tours & Travels,21:20,08h 10m,05:30,4.3,INR 500,23 Seats available,Non A/C Seater / Sleeper (2+1)
https://www.redbus.in/bus-tickets/hyderabad-to-kothagudem,Hyderabad to Kothagudem,VSR Tours and Travels,23:00,05h 50m,04:50,4.3,719,18 Seats available,A/C Sleeper (2+1)
https://www.redbus.in/bus-tickets/hyderabad-to-kothagudem,Hyderabad to Kothagudem,SAIRAJ TRAVELS,22:15,06h 45m,05:00,4.4,INR 700,14 Seats available,A/C Sleeper (2+1)
https://www.redbus.in/bus-tickets/hyderabad-to-kothagudem,Hyderabad to Kothagudem,Bharathi Tours & Travels,22:20,06h 30m,04:50,4.1,INR 790,17 Seats available,A/C Sleeper (2+1)
https://www.redbus.in/bus-tickets/hyderabad-to-kothagudem,Hyderabad to Kothagudem,Bharathi Tours & Travels,22:20,07h 35m,05:55,3.8,INR 500,12 Seats available,Non A/C Seater / Sleeper (2+1)
https://www.redbus.in/bus-tickets/hyderabad-to-kothagudem,Hyderabad to Kothagudem,Bharathi Tours & Travels,21:20,08h 10m,05:30,4.2,INR 790,21 Seats available,A/C Sleeper (2+1)
https://www.redbus.in/bus-tickets/hyderabad-to-kothagudem,Hyderabad to Kothagudem,YASHWANTH BUS,21:30,07h 21m,04:51,4.6,450,15 Seats available,Non A/C Seater / Sleeper (2+1)
https://www.redbus.in/bus-tickets/hyderabad-to-kothagudem,Hyderabad to Kothagudem,Morning Star Travels,22:50,05h 40m,04:30,3.4,INR 890,27 Seats available,A/C Sleeper (2+1)
https://www.redbus.in/bus-tickets/hyderabad-to-kothagudem,Hyderabad to Kothagudem,SAIRAJ TRAVELS,22:15,06h 45m,05:00,3.9,INR 600,25 Seats available,A/C Seater / Sleeper (2+1)
https://www.redbus.in/bus-tickets/hyderabad-to-kothagudem,Hyderabad to Kothagudem,Nani’s Sai Krishna Travels,22:20,06h 40m,05:00,3.1,INR 500,35 Seats available,Non A/C Seater / Sleeper (2+1)
https://www.redbus.in/bus-tickets/hyderabad-to-kothagudem,Hyderabad to Kothagudem,MAHABAHUSRIKVRTRAVELS,16:00,07h 30m,23:30,1.8,808,36 Seats available,Non A/C Seater / Sleeper (2+1)
https://www.redbus.in/bus-tickets/hyderabad-to-kothagudem,Hyderabad to Kothagudem,Gupta Travels Galaxy,18:00,05h 45m,23:45,1.0,INR 500,49 Seats available,NON A/C Seater / Sleeper (2+2)
https://www.redbus.in/bus-tickets/hyderabad-to-kothagudem,Hyderabad to Kothagudem,Morning Star Travels,23:20,05h 00m,04:20,3.1,INR 890,28 Seats available,A/C Sleeper (2+1)
https://www.redbus.in/bus-tickets/hyderabad-to-kothagudem,Hyderabad to Kothagudem,Gupta Travels Galaxy,21:00,06h 45m,03:45,1.0,INR 600,39 Seats available,A/C Seater / Sleeper (2+2)
https://www.redbus.in/bus-tickets/hyderabad-to-kothagudem,Hyderabad to Kothagudem,Gupta Travels Galaxy,17:15,04h 30m,21:45,1.0,INR 1000,3 Seats available,VE A/C Sleeper (2+1)
https://www.redbus.in/bus-tickets/hyderabad-to-kothagudem,Hyderabad to Kothagudem,Maa Bankeshwari -Gupta Travels Galaxy,19:15,05h 45m,01:00,1.0,INR 400,50 Seats available,NON A/C Seater / Sleeper (2+2)
https://www.redbus.in/bus-tickets/hyderabad-to-sathupalli,Hyderabad to Sathupally,Mozo travels,22:40,06h 25m,05:05,4.3,INR 550,24 Seats available,A/C Seater / Sleeper (2+1)
https://www.redbus.in/bus-tickets/hyderabad-to-sathupalli,Hyderabad to Sathupally,Sri Venkateswara Travels,22:30,06h 30m,05:00,3.9,INR 450,20 Seats available,Non A/C Seater / Sleeper (2+1)
https://www.redbus.in/bus-tickets/hyderabad-to-sathupalli,Hyderabad to Sathupally,Sri KVR Travels,22:00,06h 50m,04:50,4.5,INR 1150,17 Seats available,A/C Sleeper (2+1)
https://www.redbus.in/bus-tickets/hyderabad-to-sathupalli,Hyderabad to Sathupally,Bharathi Tours & Travels,21:20,07h 40m,05:00,4.1,INR 500,22 Seats available,Non A/C Seater / Sleeper (2+1)
https://www.redbus.in/bus-tickets/hyderabad-to-sathupalli,Hyderabad to Sathupally,Sri Krishna Travels(VGN),20:40,08h 20m,05:00,3.9,INR 450,22 Seats available,NON A/C Hi-Tech (2+2)
https://www.redbus.in/bus-tickets/hyderabad-to-sathupalli,Hyderabad to Sathupally,Mythri Tours And Travels,23:00,05h 15m,04:15,4.1,INR 809,13 Seats available,A/C Sleeper (2+1)
https://www.redbus.in/bus-tickets/hyderabad-to-sathupalli,Hyderabad to Sathupally,Sri KVR Travels,22:00,06h 45m,04:45,3.4,INR 500,26 Seats available,Non A/C Seater / Sleeper (2+1)
https://www.redbus.in/bus-tickets/hyderabad-to-sathupalli,Hyderabad to Sathupally,SBS Tours and Travels,20:30,07h 30m,04:00,4.5,INR 555,23 Seats available,Non A/C Seater / Sleeper (2+1)
https://www.redbus.in/bus-tickets/hyderabad-to-sathupalli,Hyderabad to Sathupally,Sri Sai Balaji Travels,22:20,06h 10m,04:30,4.4,INR 889,25 Seats available,A/C Sleeper (2+1)
https://www.redbus.in/bus-tickets/hyderabad-to-sathupalli,Hyderabad to Sathupally,KVR Tours and Travels,21:30,07h 30m,05:00,3.9,485,29 Seats available,A/C Seater / Sleeper (2+1)
https://www.redbus.in/bus-tickets/hyderabad-to-sathupalli,Hyderabad to Sathupally,Seshadri Travels,21:30,07h 00m,04:30,New,INR 333,26 Seats available,A/C Seater / Sleeper (2+1)
https://www.redbus.in/bus-tickets/hyderabad-to-sathupalli,Hyderabad to Sathupally,Tirumala Travels,22:00,07h 15m,05:15,4.6,INR 489,23 Seats available,A/C Seater / Sleeper (2+1)
https://www.redbus.in/bus-tickets/hyderabad-to-sathupalli,Hyderabad to Sathupally,Sri Krishna Travels,22:00,06h 00m,04:00,4.4,INR 1400,28 Seats available,Volvo Multi-Axle A/C Sleeper (2+1)
https://www.redbus.in/bus-tickets/hyderabad-to-sathupalli,Hyderabad to Sathupally,Sri Rama Travels,21:30,07h 00m,04:30,4.5,INR 666,32 Seats available,A/C Seater / Sleeper (2+1)
https://www.redbus.in/bus-tickets/hyderabad-to-sathupalli,Hyderabad to Sathupally,MR Travels,21:30,07h 00m,04:30,4.3,1000,19 Seats available,A/C Sleeper (2+1)
https://www.redbus.in/bus-tickets/hyderabad-to-sathupalli,Hyderabad to Sathupally,Hanuman Travels,22:30,06h 30m,05:00,3.4,618,32 Seats available,A/C Seater / Sleeper (2+1)
https://www.redbus.in/bus-tickets/hyderabad-to-sathupalli,Hyderabad to Sathupally,Morning Star Travels,22:25,06h 25m,04:50,3.6,INR 990,31 Seats available,A/C Sleeper (2+1)
https://www.redbus.in/bus-tickets/hyderabad-to-sathupalli,Hyderabad to Sathupally,KVR Tours and Travels,20:00,07h 01m,03:01,2.9,618,24 Seats available,A/C Sleeper (2+1)
https://www.redbus.in/bus-tickets/hyderabad-to-sathupalli,Hyderabad to Sathupally,KVR Tours and Travels,21:00,08h 00m,05:00,1.5,417,29 Seats available,Non A/C Seater / Sleeper (2+1)
https://www.redbus.in/bus-tickets/hyderabad-to-sathupalli,Hyderabad to Sathupally,Sri Krishna Travels,19:00,06h 00m,01:00,2.2,INR 1600,23 Seats available,A/C Sleeper (2+1)
https://www.redbus.in/bus-tickets/hyderabad-to-sathupalli,Hyderabad to Sathupally,Jayanthi Travels,20:30,07h 00m,03:30,4.2,INR 999,35 Seats available,A/C Sleeper (2+1)
https://www.redbus.in/bus-tickets/hyderabad-to-sathupalli,Hyderabad to Sathupally,Puri Jagannadh Tours And Travels,19:05,07h 55m,03:00,3.9,INR 555,40 Seats available,Non A/C Seater / Sleeper (2+1)
https://www.redbus.in/bus-tickets/hyderabad-to-sathupalli,Hyderabad to Sathupally,Sri Krishna Travels(VGN),20:35,08h 45m,05:20,3.8,INR 560,26 Seats available,Non A/C Seater / Sleeper (2+1)
https://www.redbus.in/bus-tickets/hyderabad-to-sathupalli,Hyderabad to Sathupally,Sri Krishna Travels,17:30,06h 00m,23:30,3.8,INR 900,26 Seats available,Non A/C Seater / Sleeper (2+1)
https://www.redbus.in/bus-tickets/hyderabad-to-sathupalli,Hyderabad to Sathupally,Mahadevv travels,22:00,05h 30m,03:30,3.5,379,19 Seats available,Non A/C Seater / Sleeper (2+1)
https://www.redbus.in/bus-tickets/hyderabad-to-sathupalli,Hyderabad to Sathupally,Siri Tours and Travels,21:50,06h 10m,04:00,3.5,INR 560,26 Seats available,Non A/C Seater / Sleeper (2+1)
https://www.redbus.in/bus-tickets/hyderabad-to-sathupalli,Hyderabad to Sathupally,Siri Tours and Travels,18:30,07h 35m,02:05,3.5,INR 610,23 Seats available,A/C Seater / Sleeper (2+1)
https://www.redbus.in/bus-tickets/hyderabad-to-sathupalli,Hyderabad to Sathupally,DMR Travels,20:20,07h 40m,04:00,3.2,INR 1299,30 Seats available,A/C Sleeper (2+1)
https://www.redbus.in/bus-tickets/hyderabad-to-sathupalli,Hyderabad to Sathupally,SVN TOURS & TRAVELS,22:15,06h 35m,04:50,3.1,903,23 Seats available,A/C Semi Sleeper / Sleeper (2+1)
https://www.redbus.in/bus-tickets/hyderabad-to-sathupalli,Hyderabad to Sathupally,Sri Rama Travels,21:30,07h 00m,04:30,4.5,INR 666,21 Seats available,A/C Seater / Sleeper (2+1)
https://www.redbus.in/bus-tickets/hyderabad-to-sathupalli,Hyderabad to Sathupally,Siva Sankar Travels,20:45,07h 45m,04:30,2.7,664,37 Seats available,A/C Seater / Sleeper (3+1)
https://www.redbus.in/bus-tickets/hyderabad-to-sathupalli,Hyderabad to Sathupally,SRI VEERANJANEYA TOURS AND TRAVELS,21:00,07h 40m,04:40,1.9,INR 3000,45 Seats available,NON A/C Semi Sleeper (2+2)
https://www.redbus.in/bus-tickets/hyderabad-to-sathupalli,Hyderabad to Sathupally,Sri Krishna Travels,19:30,05h 30m,01:00,3.8,INR 900,28 Seats available,Non A/C Seater / Sleeper (2+1)
https://www.redbus.in/bus-tickets/hyderabad-to-sathupalli,Hyderabad to Sathupally,Sri KVR Travels,20:30,08h 00m,04:30,3.8,INR 2222,41 Seats available,A/C Seater / Sleeper (2+1)
https://www.redbus.in/bus-tickets/hyderabad-to-sathupalli,Hyderabad to Sathupally,Sri Krishna Travels(VGN),20:40,08h 20m,05:00,3.8,INR 699,15 Seats available,A/C Sleeper (2+1)
https://www.redbus.in/bus-tickets/hyderabad-to-sathupalli,Hyderabad to Sathupally,KVR Tours and Travels,21:30,07h 30m,05:00,3.5,2850,36 Seats available,Non A/C Seater / Sleeper (2+1)
https://www.redbus.in/bus-tickets/hyderabad-to-sathupalli,Hyderabad to Sathupally,Sri Srinivasa Buses,21:40,06h 10m,03:50,2.5,415,25 Seats available,Non A/C Seater / Sleeper (2+1)
https://www.redbus.in/bus-tickets/hyderabad-to-sathupalli,Hyderabad to Sathupally,SRI VEERANJANEYA TOURS AND TRAVELS,21:00,07h 40m,04:40,1.9,INR 3000,30 Seats available,A/C Sleeper (2+1)
