Route_Link,Route_Name,Bus_names,Departingtime,Total_duration,Boardingtime,Star_Ratings,Prices,Seats_Available,Bus_type
https://www.redbus.in/bus-tickets/hyderabad-to-vijayawada,Hyderabad to Vijayawada,FRESHBUS,12:00,07h 10m,19:10,4.8,355,32,Electric A/C Seater (2+2)
https://www.redbus.in/bus-tickets/hyderabad-to-vijayawada,Hyderabad to Vijayawada,FRESHBUS,12:40,07h 00m,19:40,4.7,355,36,Electric A/C Seater (2+2)
https://www.redbus.in/bus-tickets/hyderabad-to-vijayawada,Hyderabad to Vijayawada,IntrCity SmartBus,23:10,07h 05m,06:15,4.6,449,32,A/C Seater / Sleeper (2+1)
https://www.redbus.in/bus-tickets/hyderabad-to-vijayawada,Hyderabad to Vijayawada,AdYolo Bus,22:46,06h 38m,05:24,3.6,1760,44,A/C Seater/Sleeper (2+1)
https://www.redbus.in/bus-tickets/hyderabad-to-vijayawada,Hyderabad to Vijayawada,FRESHBUS,10:15,07h 10m,17:25,4.7,355,8,Electric A/C Seater (2+2)
https://www.redbus.in/bus-tickets/hyderabad-to-vijayawada,Hyderabad to Vijayawada,FRESHBUS,16:35,07h 30m,00:05,4.7,341,41,Electric A/C Seater (2+2)
https://www.redbus.in/bus-tickets/hyderabad-to-vijayawada,Hyderabad to Vijayawada,FRESHBUS,22:35,06h 50m,05:25,4.6,413,20,Electric A/C Seater (2+2)
https://www.redbus.in/bus-tickets/hyderabad-to-vijayawada,Hyderabad to Vijayawada,AdZingbus Plus,21:55,07h 50m,05:45,4.0,403,34,Bharat Benz A/C Seater /Sleeper (2+1)
https://www.redbus.in/bus-tickets/hyderabad-to-vijayawada,Hyderabad to Vijayawada,FRESHBUS,11:10,07h 05m,18:15,4.6,355,33,Electric A/C Seater (2+2)
https://www.redbus.in/bus-tickets/hyderabad-to-vijayawada,Hyderabad to Vijayawada,FRESHBUS,23:40,06h 50m,06:30,4.5,395,26,Electric A/C Seater (2+2)
https://www.redbus.in/bus-tickets/hyderabad-to-vijayawada,Hyderabad to Vijayawada,FRESHBUS,23:59,06h 31m,06:30,4.4,395,35,Electric A/C Seater (2+2)
https://www.redbus.in/bus-tickets/hyderabad-to-vijayawada,Hyderabad to Vijayawada,Sri Durga Malleswari Travels,23:10,06h 15m,05:25,4.4,630,3,A/C Sleeper (2+1)
https://www.redbus.in/bus-tickets/hyderabad-to-vijayawada,Hyderabad to Vijayawada,IntrCity SmartBus,23:45,06h 25m,06:10,4.6,519,25,A/C Seater / Sleeper (2+1)
https://www.redbus.in/bus-tickets/hyderabad-to-vijayawada,Hyderabad to Vijayawada,IntrCity SmartBus,23:30,07h 20m,06:50,4.6,689,21,AC Sleeper (2+1)
https://www.redbus.in/bus-tickets/hyderabad-to-vijayawada,Hyderabad to Vijayawada,NueGo,21:30,07h 15m,04:45,4.5,332,18,Electric A/C Seater (2+2)
https://www.redbus.in/bus-tickets/hyderabad-to-vijayawada,Hyderabad to Vijayawada,IntrCity SmartBus,23:05,06h 55m,06:00,4.4,459,32,A/C Seater / Sleeper (2+1)
https://www.redbus.in/bus-tickets/hyderabad-to-vijayawada,Hyderabad to Vijayawada,IntrCity SmartBus,00:01,05h 44m,05:45,4.5,759,22,AC Sleeper (2+1)
https://www.redbus.in/bus-tickets/hyderabad-to-vijayawada,Hyderabad to Vijayawada,IntrCity SmartBus,23:45,06h 45m,06:30,4.6,449,25,A/C Seater / Sleeper (2+1)
https://www.redbus.in/bus-tickets/hyderabad-to-vijayawada,Hyderabad to Vijayawada,NueGo,16:00,07h 00m,23:00,4.4,332,13,Electric A/C Seater (2+2)
https://www.redbus.in/bus-tickets/hyderabad-to-vijayawada,Hyderabad to Vijayawada,IntrCity SmartBus,23:25,06h 45m,06:10,4.4,729,21,Scania AC Multi Axle Sleeper (2+1)
https://www.redbus.in/bus-tickets/hyderabad-to-vijayawada,Hyderabad to Vijayawada,Sri Sanvi Tours and Travels,23:12,05h 41m,04:53,4.4,989,20,A/C Sleeper (2+1)
https://www.redbus.in/bus-tickets/hyderabad-to-vijayawada,Hyderabad to Vijayawada,NueGo,22:00,07h 10m,05:10,4.3,479,15,Electric A/C Seater/Sleeper (2+1)
https://www.redbus.in/bus-tickets/hyderabad-to-vijayawada,Hyderabad to Vijayawada,Sri Durga Malleswari Travels,23:10,05h 25m,04:35,4.2,675,14,A/C Sleeper (2+1)
https://www.redbus.in/bus-tickets/hyderabad-to-vijayawada,Hyderabad to Vijayawada,Sri KVR Travels,23:35,05h 50m,05:25,4.4,789,26,A/C Sleeper (2+1)
https://www.redbus.in/bus-tickets/hyderabad-to-vijayawada,Hyderabad to Vijayawada,Sri Durga Malleswari Travels,21:00,07h 40m,04:40,4.2,450,6,A/C Seater / Sleeper (2+1)
https://www.redbus.in/bus-tickets/hyderabad-to-vijayawada,Hyderabad to Vijayawada,NueGo,23:30,07h 10m,06:40,4.2,660,13,Electric A/C Sleeper (2+1)
https://www.redbus.in/bus-tickets/hyderabad-to-vijayawada,Hyderabad to Vijayawada,NueGo,10:00,06h 50m,16:50,4.2,332,9,Electric A/C Seater (2+2)
https://www.redbus.in/bus-tickets/hyderabad-to-vijayawada,Hyderabad to Vijayawada,NueGo,22:30,07h 05m,05:35,4.1,332,22,Electric A/C Seater (2+2)
https://www.redbus.in/bus-tickets/hyderabad-to-vijayawada,Hyderabad to Vijayawada,IntrCity SmartBus,22:45,07h 10m,05:55,4.2,689,16,AC Sleeper (2+1)
https://www.redbus.in/bus-tickets/hyderabad-to-vijayawada,Hyderabad to Vijayawada,Zingbus Plus,15:55,07h 50m,23:45,4.3,1264,26,A/C Sleeper (2+1)
https://www.redbus.in/bus-tickets/hyderabad-to-vijayawada,Hyderabad to Vijayawada,NueGo,13:30,07h 05m,20:35,4.1,332,22,Electric A/C Seater (2+2)
https://www.redbus.in/bus-tickets/hyderabad-to-vijayawada,Hyderabad to Vijayawada,Svkdt travels,23:35,06h 15m,05:50,4.1,589,18,A/C Sleeper (2+1)
https://www.redbus.in/bus-tickets/hyderabad-to-vijayawada,Hyderabad to Vijayawada,IntrCity SmartBus,23:59,06h 26m,06:25,4.1,699,25,Scania AC Multi Axle Sleeper (2+1)
https://www.redbus.in/bus-tickets/hyderabad-to-vijayawada,Hyderabad to Vijayawada,Vikram Travels,23:15,06h 10m,05:25,4.3,584,24,VE A/C Sleeper (2+1)
https://www.redbus.in/bus-tickets/hyderabad-to-vijayawada,Hyderabad to Vijayawada,NueGo,12:00,06h 50m,18:50,4.1,332,6,Electric A/C Seater (2+2)
https://www.redbus.in/bus-tickets/hyderabad-to-vijayawada,Hyderabad to Vijayawada,NueGo,22:35,07h 05m,05:40,4.1,369,16,Electric A/C Semi Sleeper (2+2)
https://www.redbus.in/bus-tickets/hyderabad-to-vijayawada,Hyderabad to Vijayawada,Zingbus Plus,23:10,06h 45m,05:55,4.0,404,29,A/C Seater / Sleeper (2+1)
https://www.redbus.in/bus-tickets/hyderabad-to-vijayawada,Hyderabad to Vijayawada,NueGo,09:55,07h 15m,17:10,4.3,400,12,Electric A/C Semi Sleeper (2+2)
https://www.redbus.in/bus-tickets/hyderabad-to-vijayawada,Hyderabad to Vijayawada,Svkdt travels,23:35,05h 55m,05:30,4.1,449,12,A/C Seater / Sleeper (2+1)
https://www.redbus.in/bus-tickets/hyderabad-to-vijayawada,Hyderabad to Vijayawada,Sri KVR Travels,23:05,05h 15m,04:20,4.2,444,34,Non A/C Seater / Sleeper (2+1)
https://www.redbus.in/bus-tickets/hyderabad-to-vijayawada,Hyderabad to Vijayawada,NueGo,23:00,07h 00m,06:00,4.0,514,11,Electric A/C Seater/Sleeper (2+1)
https://www.redbus.in/bus-tickets/hyderabad-to-vijayawada,Hyderabad to Vijayawada,NueGo,10:30,07h 00m,17:30,4.0,332,6,Electric A/C Seater/Sleeper (2+1)
https://www.redbus.in/bus-tickets/hyderabad-to-vijayawada,Hyderabad to Vijayawada,NueGo,23:15,07h 20m,06:35,4.1,404,17,Electric A/C Semi Sleeper (2+2)
https://www.redbus.in/bus-tickets/hyderabad-to-vijayawada,Hyderabad to Vijayawada,Tirumala Travels,20:30,08h 00m,04:30,4.5,665,15,A/C Sleeper (2+1)
https://www.redbus.in/bus-tickets/hyderabad-to-vijayawada,Hyderabad to Vijayawada,Yolo Bus,00:10,04h 50m,05:00,3.8,400,36,Bharat Benz A/C Seater /Sleeper (2+1)
https://www.redbus.in/bus-tickets/hyderabad-to-vijayawada,Hyderabad to Vijayawada,V Kaveri Travels,23:00,05h 15m,04:15,4.1,600,22,A/C Seater / Sleeper (2+1)
https://www.redbus.in/bus-tickets/hyderabad-to-vijayawada,Hyderabad to Vijayawada,Sri Sanvi Tours and Travels,23:25,05h 45m,05:10,4.7,989,22,A/C Sleeper (2+1)
https://www.redbus.in/bus-tickets/hyderabad-to-vijayawada,Hyderabad to Vijayawada,NueGo,22:30,07h 30m,06:00,3.7,332,20,Electric A/C Seater (2+2)
https://www.redbus.in/bus-tickets/hyderabad-to-vijayawada,Hyderabad to Vijayawada,Kaveri Travels,22:00,06h 05m,04:05,3.9,1080,17,Volvo Multi Axle A/C Sleeper I-Shift B11R (2+1)
https://www.redbus.in/bus-tickets/hyderabad-to-vijayawada,Hyderabad to Vijayawada,Tirumala Xpress,23:00,06h 50m,05:50,3.8,512,25,A/C Sleeper (2+1)
https://www.redbus.in/bus-tickets/hyderabad-to-vijayawada,Hyderabad to Vijayawada,IntrCity SmartBus,00:15,06h 10m,06:25,4.8,469,26,VE A/C Seater / Sleeper (2+1)
https://www.redbus.in/bus-tickets/hyderabad-to-vijayawada,Hyderabad to Vijayawada,NueGo,17:40,06h 55m,00:35,4.1,369,29,Electric A/C Semi Sleeper (2+2)
https://www.redbus.in/bus-tickets/hyderabad-to-vijayawada,Hyderabad to Vijayawada,Holidays Tours and Travels,22:30,05h 54m,04:24,4.6,729,23,A/C Seater / Sleeper (2+1)
https://www.redbus.in/bus-tickets/hyderabad-to-vijayawada,Hyderabad to Vijayawada,Svkdt travels,23:35,06h 15m,05:50,3.7,489,15,A/C Sleeper (2+1)
https://www.redbus.in/bus-tickets/hyderabad-to-vijayawada,Hyderabad to Vijayawada,IntrCity SmartBus,20:50,07h 30m,04:20,4.1,499,22,A/C Seater / Sleeper (2+1)
https://www.redbus.in/bus-tickets/hyderabad-to-vijayawada,Hyderabad to Vijayawada,Anjani Bus,22:40,06h 00m,04:40,3.7,449,28,A/C Seater / Sleeper (2+1)
https://www.redbus.in/bus-tickets/hyderabad-to-vijayawada,Hyderabad to Vijayawada,Go Tour Travels and Holidays,22:48,05h 27m,04:15,4.3,672,11,A/C Seater / Sleeper (2+1)
https://www.redbus.in/bus-tickets/hyderabad-to-vijayawada,Hyderabad to Vijayawada,Yolo Bus,23:26,06h 38m,06:04,4.0,720,21,A/C Sleeper (2+1)
https://www.redbus.in/bus-tickets/hyderabad-to-vijayawada,Hyderabad to Vijayawada,Orange Tours and Travels,23:00,06h 30m,05:30,3.6,500,31,NON AC Seater / Sleeper 2+1
https://www.redbus.in/bus-tickets/hyderabad-to-vijayawada,Hyderabad to Vijayawada,Sai RK Travels,23:00,05h 35m,04:35,3.3,499,26,Non A/C Seater / Sleeper (2+1)
https://www.redbus.in/bus-tickets/hyderabad-to-vijayawada,Hyderabad to Vijayawada,Kaveri Travels,22:05,07h 00m,05:05,3.2,1080,25,Volvo Multi Axle A/C Sleeper I-Shift B11R (2+1)
https://www.redbus.in/bus-tickets/hyderabad-to-vijayawada,Hyderabad to Vijayawada,LVR Travels,23:47,05h 58m,05:45,3.7,440,22,Non A/C Seater / Sleeper (2+1)
https://www.redbus.in/bus-tickets/hyderabad-to-vijayawada,Hyderabad to Vijayawada,IntrCity SmartBus,23:15,06h 10m,05:25,4.2,449,27,Bharat Benz A/C Seater /Sleeper (2+1)
https://www.redbus.in/bus-tickets/hyderabad-to-vijayawada,Hyderabad to Vijayawada,Sri KVR Travels,23:01,06h 30m,05:31,3.6,500,30,Non A/C Seater / Sleeper (2+1)
https://www.redbus.in/bus-tickets/hyderabad-to-vijayawada,Hyderabad to Vijayawada,Yolo Bus,23:40,05h 39m,05:19,3.7,500,30,Bharat Benz A/C Seater /Sleeper (2+1)
https://www.redbus.in/bus-tickets/hyderabad-to-vijayawada,Hyderabad to Vijayawada,Zingbus Plus,17:25,07h 20m,00:45,4.9,1345,26,A/C Sleeper (2+1)
https://www.redbus.in/bus-tickets/hyderabad-to-vijayawada,Hyderabad to Vijayawada,NueGo,22:00,07h 20m,05:20,3.9,404,17,Electric A/C Semi Sleeper (2+2)
https://www.redbus.in/bus-tickets/hyderabad-to-vijayawada,Hyderabad to Vijayawada,BSR Tours And Travels,22:00,06h 10m,04:10,4.2,980,10,A/C Sleeper (2+1)
https://www.redbus.in/bus-tickets/hyderabad-to-vijayawada,Hyderabad to Vijayawada,Sri Venkata Padmavathi Travels,22:52,07h 08m,06:00,3.6,550,33,Non A/C Seater / Sleeper (2+1)
https://www.redbus.in/bus-tickets/hyderabad-to-vijayawada,Hyderabad to Vijayawada,IntrCity SmartBus,18:45,07h 05m,01:50,4.8,1099,13,AC Sleeper (2+1)
https://www.redbus.in/bus-tickets/hyderabad-to-vijayawada,Hyderabad to Vijayawada,Orange Tours and Travels,22:25,06h 20m,04:45,3.4,800,12,A/C Sleeper (2+1)
https://www.redbus.in/bus-tickets/hyderabad-to-vijayawada,Hyderabad to Vijayawada,FlixBus,22:30,06h 30m,05:00,3.9,936.61,10,VE A/C Sleeper (2+1)
https://www.redbus.in/bus-tickets/hyderabad-to-vijayawada,Hyderabad to Vijayawada,LVP Travels,22:49,05h 56m,04:45,3.9,580,30,A/C Seater / Sleeper (2+1)
https://www.redbus.in/bus-tickets/hyderabad-to-vijayawada,Hyderabad to Vijayawada,Orange Tours and Travels,19:40,08h 15m,03:55,4.0,400,21,NON A/C Seater/ Sleeper (2+1)
https://www.redbus.in/bus-tickets/hyderabad-to-vijayawada,Hyderabad to Vijayawada,Mythri Tours And Travels,20:38,05h 50m,02:28,4.8,999,12,A/C Sleeper (2+1)
https://www.redbus.in/bus-tickets/hyderabad-to-vijayawada,Hyderabad to Vijayawada,Orange Tours and Travels,22:55,06h 50m,05:45,3.2,900,23,Bharat Benz A/C Sleeper (2+1)
https://www.redbus.in/bus-tickets/hyderabad-to-vijayawada,Hyderabad to Vijayawada,Eswar Travels,22:10,06h 20m,04:30,3.8,510,19,A/C Seater / Sleeper (2+1)
https://www.redbus.in/bus-tickets/hyderabad-to-vijayawada,Hyderabad to Vijayawada,IntrCity SmartBus,19:15,07h 35m,02:50,4.2,789,27,A/C Seater / Sleeper (2+1)
https://www.redbus.in/bus-tickets/hyderabad-to-vijayawada,Hyderabad to Vijayawada,Orange Tours and Travels,19:40,08h 15m,03:55,4.2,400,17,NON A/C Seater/ Sleeper (2+1)
https://www.redbus.in/bus-tickets/hyderabad-to-vijayawada,Hyderabad to Vijayawada,V Kaveri Travels,23:00,06h 10m,05:10,4.0,650,8,A/C Seater / Sleeper (2+1)
https://www.redbus.in/bus-tickets/hyderabad-to-vijayawada,Hyderabad to Vijayawada,Yolo Bus,22:46,06h 38m,05:24,3.7,450,29,A/C Seater/Sleeper (2+1)
https://www.redbus.in/bus-tickets/hyderabad-to-vijayawada,Hyderabad to Vijayawada,Sri Shivanjaneya Travels,22:57,05h 33m,04:30,4.8,620,30,A/C Seater / Sleeper (2+1)
https://www.redbus.in/bus-tickets/hyderabad-to-vijayawada,Hyderabad to Vijayawada,V Kaveri Travels,22:20,06h 10m,04:30,4.3,1000,22,A/C Sleeper (2+1)
https://www.redbus.in/bus-tickets/hyderabad-to-vijayawada,Hyderabad to Vijayawada,Nani Svkdt Travels,23:20,05h 10m,04:30,3.9,799,20,A/C Sleeper (2+1)
https://www.redbus.in/bus-tickets/hyderabad-to-vijayawada,Hyderabad to Vijayawada,Mayuri Travels,21:43,06h 07m,03:50,4.6,1340,18,A/C Sleeper (2+1)
https://www.redbus.in/bus-tickets/hyderabad-to-vijayawada,Hyderabad to Vijayawada,Nani Svkdt Travels,23:20,05h 05m,04:25,3.8,799,18,A/C Sleeper (2+1)
https://www.redbus.in/bus-tickets/hyderabad-to-vijayawada,Hyderabad to Vijayawada,NueGo,21:45,06h 36m,04:21,3.9,910,7,Electric A/C Sleeper (2+1)
https://www.redbus.in/bus-tickets/hyderabad-to-vijayawada,Hyderabad to Vijayawada,Go Tour Travels and Holidays,22:48,05h 27m,04:15,4.7,927,19,A/C Sleeper (2+1)
https://www.redbus.in/bus-tickets/hyderabad-to-vijayawada,Hyderabad to Vijayawada,Mythri Tours And Travels,21:10,05h 55m,03:05,4.7,949,11,A/C Sleeper (2+1)
https://www.redbus.in/bus-tickets/hyderabad-to-vijayawada,Hyderabad to Vijayawada,Orange Tours and Travels,22:55,06h 50m,05:45,3.2,800,21,Bharat Benz A/C Sleeper (2+1)
https://www.redbus.in/bus-tickets/hyderabad-to-vijayawada,Hyderabad to Vijayawada,FlixBus,22:30,06h 00m,04:30,4.7,775.89,13,A/C Sleeper (2+1)
https://www.redbus.in/bus-tickets/hyderabad-to-vijayawada,Hyderabad to Vijayawada,Yolo Bus,22:55,05h 34m,04:29,3.9,800,25,Bharat Benz A/C Sleeper (2+1)
https://www.redbus.in/bus-tickets/hyderabad-to-vijayawada,Hyderabad to Vijayawada,PRK Travels,22:30,06h 55m,05:25,4.2,589,21,Non A/C Seater / Sleeper (2+1)
https://www.redbus.in/bus-tickets/hyderabad-to-vijayawada,Hyderabad to Vijayawada,Mozo travels,20:55,07h 55m,04:50,4.4,711,16,A/C Sleeper (2+1)
https://www.redbus.in/bus-tickets/hyderabad-to-vijayawada,Hyderabad to Vijayawada,Orange Tours and Travels,23:00,06h 30m,05:30,3.1,400,21,NON A/C Seater/ Sleeper (2+1)
https://www.redbus.in/bus-tickets/hyderabad-to-vijayawada,Hyderabad to Vijayawada,Sai RK Travels,22:35,05h 55m,04:30,4.5,349,17,Non A/C Seater / Sleeper (2+1)
https://www.redbus.in/bus-tickets/hyderabad-to-vijayawada,Hyderabad to Vijayawada,Orange Tours and Travels,19:25,06h 35m,02:00,3.8,600,17,NON A/C Sleeper (2+1)
https://www.redbus.in/bus-tickets/hyderabad-to-vijayawada,Hyderabad to Vijayawada,SVR Tours and Travels,17:15,06h 35m,23:50,3.7,1200,10,Volvo Multi Axle A/C Sleeper I-Shift B11R (2+1)
https://www.redbus.in/bus-tickets/hyderabad-to-vijayawada,Hyderabad to Vijayawada,Sitara Travels,22:40,05h 20m,04:00,3.9,444,28,NON A/C Push Back (2+2)
https://www.redbus.in/bus-tickets/hyderabad-to-vijayawada,Hyderabad to Vijayawada,SAI VAISHNAVI TRAVELS,22:15,05h 25m,03:40,3.5,599,31,Non A/C Seater / Sleeper (2+1)
https://www.redbus.in/bus-tickets/hyderabad-to-vijayawada,Hyderabad to Vijayawada,Sai Mahesh Transport & Travels,14:15,07h 30m,21:45,3.5,1110,3,A/C Seater / Sleeper (2+1)
https://www.redbus.in/bus-tickets/hyderabad-to-vijayawada,Hyderabad to Vijayawada,ABHIRAMBUS,22:45,06h 05m,04:50,3.5,2700,49,A/C Seater / Sleeper (2+1)
https://www.redbus.in/bus-tickets/hyderabad-to-vijayawada,Hyderabad to Vijayawada,Mozo travels,18:21,06h 49m,01:10,4.7,1427,10,A/C Sleeper (2+1)
https://www.redbus.in/bus-tickets/hyderabad-to-vijayawada,Hyderabad to Vijayawada,Komali Travels,22:25,06h 05m,04:30,4.4,532,33,Non A/C Seater / Sleeper (2+1)
https://www.redbus.in/bus-tickets/hyderabad-to-vijayawada,Hyderabad to Vijayawada,BSR Tours And Travels,19:10,07h 20m,02:30,3.7,680,16,A/C Seater / Sleeper (2+1)
https://www.redbus.in/bus-tickets/hyderabad-to-vijayawada,Hyderabad to Vijayawada,LG BUS,21:15,06h 50m,04:05,5.0,1080,15,Bharat Benz A/C Sleeper (2+1)
https://www.redbus.in/bus-tickets/hyderabad-to-vijayawada,Hyderabad to Vijayawada,LG BUS,21:15,06h 55m,04:10,4.8,780,21,Bharat Benz A/C Seater /Sleeper (2+1)
https://www.redbus.in/bus-tickets/hyderabad-to-vijayawada,Hyderabad to Vijayawada,Surya Travels,22:40,07h 07m,05:47,3.0,699,29,Volvo Multi Axle A/C Sleeper I-Shift B11R (2+1)
https://www.redbus.in/bus-tickets/hyderabad-to-vijayawada,Hyderabad to Vijayawada,LVR Travels,22:13,06h 42m,04:55,3.4,489,21,Non A/C Seater / Sleeper (2+1)
https://www.redbus.in/bus-tickets/hyderabad-to-vijayawada,Hyderabad to Vijayawada,Sri Sai Srinivasa Travels,22:10,06h 20m,04:30,3.7,500,21,Non A/C Seater / Sleeper (2+1)
https://www.redbus.in/bus-tickets/hyderabad-to-vijayawada,Hyderabad to Vijayawada,SAMANVI CITICONNECT,19:53,06h 37m,02:30,4.0,1309,3,A/C Sleeper (2+1)
https://www.redbus.in/bus-tickets/hyderabad-to-vijayawada,Hyderabad to Vijayawada,Sri Sai Anjana Tours and Travels,22:20,06h 05m,04:25,3.5,500,33,Non A/C Seater / Sleeper (2+1)
https://www.redbus.in/bus-tickets/hyderabad-to-vijayawada,Hyderabad to Vijayawada,Royal Varma Travels,22:37,06h 08m,04:45,3.3,800,31,A/C Sleeper (2+1)
https://www.redbus.in/bus-tickets/hyderabad-to-vijayawada,Hyderabad to Vijayawada,IntrCity SmartBus,23:50,06h 25m,06:15,3.6,559,23,AC Sleeper (2+1)
https://www.redbus.in/bus-tickets/hyderabad-to-vijayawada,Hyderabad to Vijayawada,NueGo,22:15,06h 36m,04:51,3.2,776,12,Electric A/C Sleeper (2+1)
https://www.redbus.in/bus-tickets/hyderabad-to-vijayawada,Hyderabad to Vijayawada,AVR Travels,23:40,06h 25m,06:05,3.4,445,24,A/C Seater / Sleeper (2+1)
https://www.redbus.in/bus-tickets/hyderabad-to-vijayawada,Hyderabad to Vijayawada,Morning Star Travels,23:05,06h 05m,05:10,3.2,600,18,NON A/C Sleeper (2+1)
https://www.redbus.in/bus-tickets/hyderabad-to-vijayawada,Hyderabad to Vijayawada,V Kaveri Travels,22:22,06h 08m,04:30,3.4,600,27,Non A/C Seater / Sleeper (2+1)
https://www.redbus.in/bus-tickets/hyderabad-to-vijayawada,Hyderabad to Vijayawada,BSR Tours And Travels,22:00,06h 20m,04:20,4.3,980,18,VE A/C Sleeper (2+1)
https://www.redbus.in/bus-tickets/hyderabad-to-vijayawada,Hyderabad to Vijayawada,NueGo,11:00,06h 55m,17:55,3.1,369,13,Electric A/C Semi Sleeper (2+2)
https://www.redbus.in/bus-tickets/hyderabad-to-vijayawada,Hyderabad to Vijayawada,Sai RK Travels,22:45,05h 20m,04:05,3.3,499,24,Non A/C Seater / Sleeper (2+1)
https://www.redbus.in/bus-tickets/hyderabad-to-vijayawada,Hyderabad to Vijayawada,Sri Sai Anjana Tours and Travels,22:20,05h 25m,03:45,4.4,500,26,NON AC Seater / Sleeper 2+1
https://www.redbus.in/bus-tickets/hyderabad-to-vijayawada,Hyderabad to Vijayawada,Zingbus Plus,21:50,05h 55m,03:45,4.5,638,21,A/C Sleeper (2+1)
https://www.redbus.in/bus-tickets/hyderabad-to-vijayawada,Hyderabad to Vijayawada,Morning Star Travels,23:20,06h 05m,05:25,2.9,890,19,A/C Sleeper (2+1)
https://www.redbus.in/bus-tickets/hyderabad-to-vijayawada,Hyderabad to Vijayawada,Sri Atluri Travels,22:10,06h 57m,05:07,3.8,720,25,A/C Seater / Sleeper (2+1)
https://www.redbus.in/bus-tickets/hyderabad-to-vijayawada,Hyderabad to Vijayawada,BSR Tours And Travels,22:00,06h 10m,04:10,4.4,680,21,A/C Seater / Sleeper (2+1)
https://www.redbus.in/bus-tickets/hyderabad-to-vijayawada,Hyderabad to Vijayawada,IntrCity SmartBus,17:15,07h 05m,00:20,4.1,1209,8,AC Sleeper (2+1)
https://www.redbus.in/bus-tickets/hyderabad-to-vijayawada,Hyderabad to Vijayawada,Sai Srinivasa Travels,23:00,05h 50m,04:50,3.0,510,19,Non A/C Seater / Sleeper (2+1)
https://www.redbus.in/bus-tickets/hyderabad-to-vijayawada,Hyderabad to Vijayawada,Sri Ganga Travels,22:35,05h 55m,04:30,3.6,499,28,A/C Seater / Sleeper (2+1)
https://www.redbus.in/bus-tickets/hyderabad-to-vijayawada,Hyderabad to Vijayawada,KVR Tours and Travels,20:55,05h 10m,02:05,4.2,1044,31,A/C Sleeper (2+1)
https://www.redbus.in/bus-tickets/hyderabad-to-vijayawada,Hyderabad to Vijayawada,Orange Tours and Travels,13:45,08h 00m,21:45,2.9,1000,10,Volvo 9600 Multi-Axle A/C Sleeper (2+1)
https://www.redbus.in/bus-tickets/hyderabad-to-vijayawada,Hyderabad to Vijayawada,Morning Star Travels,23:05,06h 15m,05:20,2.6,790,13,A/C Sleeper (2+1)
https://www.redbus.in/bus-tickets/hyderabad-to-vijayawada,Hyderabad to Vijayawada,V Kaveri Travels,21:45,06h 45m,04:30,4.2,1000,21,A/C Sleeper (2+1)
https://www.redbus.in/bus-tickets/hyderabad-to-vijayawada,Hyderabad to Vijayawada,Orange Tours and Travels,22:15,06h 20m,04:35,3.2,1100,34,Volvo 9600 Multi-Axle A/C Sleeper (2+1)
https://www.redbus.in/bus-tickets/hyderabad-to-vijayawada,Hyderabad to Vijayawada,Mayuri Travels,22:10,05h 40m,03:50,3.6,500,34,Non A/C Seater / Sleeper (2+1)
https://www.redbus.in/bus-tickets/hyderabad-to-vijayawada,Hyderabad to Vijayawada,Sri Sai Anjana Tours and Travels,20:20,06h 40m,03:00,4.4,550,18,Non A/C Seater / Sleeper (2+1)
https://www.redbus.in/bus-tickets/hyderabad-to-vijayawada,Hyderabad to Vijayawada,SAMANVI CITICONNECT,22:12,05h 53m,04:05,4.3,1149,11,A/C Sleeper (2+1)
https://www.redbus.in/bus-tickets/hyderabad-to-vijayawada,Hyderabad to Vijayawada,Go Tour Travels and Holidays,21:25,06h 40m,04:05,4.5,927,10,A/C Sleeper (2+1)
https://www.redbus.in/bus-tickets/hyderabad-to-vijayawada,Hyderabad to Vijayawada,KVR Tours and Travels,22:15,06h 00m,04:15,3.9,531,32,A/C Seater / Sleeper (2+1)
https://www.redbus.in/bus-tickets/hyderabad-to-vijayawada,Hyderabad to Vijayawada,Royal Varma Travels,22:30,06h 20m,04:50,3.6,550,34,A/C Seater / Sleeper (2+1)
https://www.redbus.in/bus-tickets/hyderabad-to-vijayawada,Hyderabad to Vijayawada,Sri Siddi Ganapathi Travels,22:35,06h 25m,05:00,3.2,599,20,A/C Seater / Sleeper (2+1)
https://www.redbus.in/bus-tickets/hyderabad-to-vijayawada,Hyderabad to Vijayawada,KKaveri Travels,22:27,05h 33m,04:00,3.8,600,12,Non A/C Seater / Sleeper (2+1)
https://www.redbus.in/bus-tickets/hyderabad-to-vijayawada,Hyderabad to Vijayawada,Prasanna Travels,23:55,06h 20m,06:15,2.6,400,34,A/C Seater / Sleeper (2+1)
https://www.redbus.in/bus-tickets/hyderabad-to-vijayawada,Hyderabad to Vijayawada,LIMOLINER,18:30,07h 40m,02:10,4.4,1249,11,A/C Sleeper (2+1)
https://www.redbus.in/bus-tickets/hyderabad-to-vijayawada,Hyderabad to Vijayawada,CVR Express,22:20,06h 00m,04:20,3.0,2700,32,Non A/C Seater / Sleeper (2+1)
https://www.redbus.in/bus-tickets/hyderabad-to-vijayawada,Hyderabad to Vijayawada,Sri KVR Travels,20:22,07h 03m,03:25,3.4,560,17,Non A/C Seater / Sleeper (2+1)
https://www.redbus.in/bus-tickets/hyderabad-to-vijayawada,Hyderabad to Vijayawada,Sri KVR Travels,18:55,06h 38m,01:33,3.8,510,17,Non A/C Seater / Sleeper (2+1)
https://www.redbus.in/bus-tickets/hyderabad-to-vijayawada,Hyderabad to Vijayawada,SUNRISE TOUR AND TRAVELS,22:15,06h 25m,04:40,3.0,485,27,Non A/C Seater / Sleeper (2+1)
https://www.redbus.in/bus-tickets/hyderabad-to-vijayawada,Hyderabad to Vijayawada,LVP Travels,21:44,06h 36m,04:20,3.6,580,24,A/C Seater / Sleeper (2+1)
https://www.redbus.in/bus-tickets/hyderabad-to-vijayawada,Hyderabad to Vijayawada,Sai Dasari Travels,23:05,05h 22m,04:27,2.7,900,12,Volvo Multi-Axle A/C Sleeper (2+1)
https://www.redbus.in/bus-tickets/hyderabad-to-vijayawada,Hyderabad to Vijayawada,LVP Travels,21:50,06h 10m,04:00,3.6,680,25,A/C Seater / Sleeper (2+1)
https://www.redbus.in/bus-tickets/hyderabad-to-vijayawada,Hyderabad to Vijayawada,Anusha Travels,23:45,05h 55m,05:40,3.5,548,27,A/C Sleeper (2+1)
https://www.redbus.in/bus-tickets/hyderabad-to-vijayawada,Hyderabad to Vijayawada,Sai Dasari Travels,23:05,05h 22m,04:27,2.7,500,15,Non A/C Seater / Sleeper (2+1)
https://www.redbus.in/bus-tickets/hyderabad-to-vijayawada,Hyderabad to Vijayawada,Jagan Travels,14:50,07h 15m,22:05,2.9,1783,11,A/C Seater / Sleeper (2+1)
https://www.redbus.in/bus-tickets/hyderabad-to-vijayawada,Hyderabad to Vijayawada,Jayanthi Travels,20:15,07h 35m,03:50,3.5,670,27,Non A/C Seater / Sleeper (2+1)
https://www.redbus.in/bus-tickets/hyderabad-to-vijayawada,Hyderabad to Vijayawada,Morning Star Travels,22:20,05h 10m,03:30,3.7,990,27,A/C Sleeper (2+1)
https://www.redbus.in/bus-tickets/hyderabad-to-vijayawada,Hyderabad to Vijayawada,BSR Tours And Travels,22:00,06h 00m,04:00,3.6,980,13,A/C Sleeper (2+1)
https://www.redbus.in/bus-tickets/hyderabad-to-vijayawada,Hyderabad to Vijayawada,SREE VENKATESHWARA TRAVELS,22:25,05h 35m,04:00,3.6,584,27,A/C Seater / Sleeper (2+1)
https://www.redbus.in/bus-tickets/hyderabad-to-vijayawada,Hyderabad to Vijayawada,GO BUS,22:47,06h 03m,04:50,3.4,523,16,Non A/C Seater / Sleeper (2+1)
https://www.redbus.in/bus-tickets/hyderabad-to-vijayawada,Hyderabad to Vijayawada,Ramana Tours And Travels,22:15,06h 30m,04:45,3.1,620,32,Non A/C Seater / Sleeper (2+1)
https://www.redbus.in/bus-tickets/hyderabad-to-vijayawada,Hyderabad to Vijayawada,SREE KARA TRAVELS,21:50,06h 25m,04:15,3.2,450,28,Non A/C Seater / Sleeper (2+1)
https://www.redbus.in/bus-tickets/hyderabad-to-vijayawada,Hyderabad to Vijayawada,Orange Tours and Travels,23:00,06h 45m,05:45,2.5,500,28,NON A/C Seater/ Sleeper (2+1)
https://www.redbus.in/bus-tickets/hyderabad-to-vijayawada,Hyderabad to Vijayawada,Sudha Sri Tours and Travels,22:45,06h 05m,04:50,2.9,590,24,A/C Sleeper (2+1)
https://www.redbus.in/bus-tickets/hyderabad-to-vijayawada,Hyderabad to Vijayawada,Sai Srinivasa Travels,22:35,05h 40m,04:15,2.8,890,22,A/C Sleeper (2+1)
https://www.redbus.in/bus-tickets/hyderabad-to-vijayawada,Hyderabad to Vijayawada,Sai Srinivasa Travels,21:30,06h 35m,04:05,2.9,500,27,Non A/C Seater / Sleeper (2+1)
https://www.redbus.in/bus-tickets/hyderabad-to-vijayawada,Hyderabad to Vijayawada,Yolo Bus,22:55,06h 38m,05:33,2.8,449,25,A/C Seater / Sleeper (2+1)
https://www.redbus.in/bus-tickets/hyderabad-to-vijayawada,Hyderabad to Vijayawada,SVR Tours and Travels,17:15,06h 35m,23:50,2.5,880,2,A/C Seater / Sleeper (2+1)
https://www.redbus.in/bus-tickets/hyderabad-to-vijayawada,Hyderabad to Vijayawada,MAHA BUS,22:50,06h 40m,05:30,2.9,690,29,A/C Seater / Sleeper (2+1)
https://www.redbus.in/bus-tickets/hyderabad-to-vijayawada,Hyderabad to Vijayawada,Navayuga Travels,21:50,06h 20m,04:10,2.8,560,33,NON AC Seater / Sleeper 2+1
https://www.redbus.in/bus-tickets/hyderabad-to-vijayawada,Hyderabad to Vijayawada,BSR Tours And Travels,20:06,05h 44m,01:50,2.8,580,22,A/C Seater / Sleeper (2+1)
https://www.redbus.in/bus-tickets/hyderabad-to-vijayawada,Hyderabad to Vijayawada,KKaveri Travels,15:45,07h 45m,23:30,3.3,780,6,Non A/C Seater / Sleeper (2+1)
https://www.redbus.in/bus-tickets/hyderabad-to-vijayawada,Hyderabad to Vijayawada,Sri Venkata Padmavathi Travels,22:53,05h 52m,04:45,2.2,586,24,A/C Seater / Sleeper (2+1)
https://www.redbus.in/bus-tickets/hyderabad-to-vijayawada,Hyderabad to Vijayawada,Sai RK Travels,22:35,06h 00m,04:35,2.5,610,19,Non A/C Seater / Sleeper (2+1)
https://www.redbus.in/bus-tickets/hyderabad-to-vijayawada,Hyderabad to Vijayawada,Shyamoli Paribahan Pvt Ltd,16:20,07h 35m,23:55,3.3,600,7,Volvo 9600 A/C Seater/Sleeper (2+1)
https://www.redbus.in/bus-tickets/hyderabad-to-vijayawada,Hyderabad to Vijayawada,Morning Star Travels,23:05,05h 50m,04:55,2.3,890,12,A/C Sleeper (2+1)
https://www.redbus.in/bus-tickets/hyderabad-to-vijayawada,Hyderabad to Vijayawada,Mahi Trans Solutions,22:37,06h 03m,04:40,2.9,2192,30,A/C Sleeper (2+1)
https://www.redbus.in/bus-tickets/hyderabad-to-vijayawada,Hyderabad to Vijayawada,Orange Tours and Travels,22:20,06h 15m,04:35,1.8,700,16,A/C Sleeper (2+1)
https://www.redbus.in/bus-tickets/hyderabad-to-vijayawada,Hyderabad to Vijayawada,Sri KVR Travels,20:22,06h 38m,03:00,2.1,560,30,Non A/C Seater / Sleeper (2+1)
https://www.redbus.in/bus-tickets/hyderabad-to-vijayawada,Hyderabad to Vijayawada,Ramana Tours And Travels,21:30,07h 20m,04:50,2.7,609,39,A/C Seater / Sleeper (2+1)
https://www.redbus.in/bus-tickets/hyderabad-to-vijayawada,Hyderabad to Vijayawada,Sri KVR Travels,19:00,07h 05m,02:05,1.6,560,27,Non A/C Seater / Sleeper (2+1)
https://www.redbus.in/bus-tickets/hyderabad-to-vijayawada,Hyderabad to Vijayawada,Mozo travels,20:50,07h 20m,04:10,2.9,550,17,A/C Seater / Sleeper (2+1)
https://www.redbus.in/bus-tickets/hyderabad-to-vijayawada,Hyderabad to Vijayawada,DSM TRAVELS,23:12,04h 58m,04:10,2.2,499,35,A/C Seater / Sleeper (2+1)
https://www.redbus.in/bus-tickets/hyderabad-to-vijayawada,Hyderabad to Vijayawada,Mayuri Travels,21:00,05h 00m,02:00,2.2,500,30,Non A/C Seater / Sleeper (2+1)
https://www.redbus.in/bus-tickets/hyderabad-to-vijayawada,Hyderabad to Vijayawada,KKaveri Travels,18:15,07h 45m,02:00,2.2,590,16,Non A/C Seater / Sleeper (2+1)
https://www.redbus.in/bus-tickets/hyderabad-to-vijayawada,Hyderabad to Vijayawada,KRT Tours and Travels,22:55,06h 15m,05:10,2.3,500,16,A/C Seater / Sleeper (2+1)
https://www.redbus.in/bus-tickets/hyderabad-to-vijayawada,Hyderabad to Vijayawada,Sri Sai Anjana Tours and Travels,19:45,07h 07m,02:52,2.4,500,20,Non A/C Seater / Sleeper (2+1)
https://www.redbus.in/bus-tickets/hyderabad-to-vijayawada,Hyderabad to Vijayawada,Eswar Travels,22:55,05h 40m,04:35,2.0,500,27,Non A/C Seater / Sleeper (2+1)
https://www.redbus.in/bus-tickets/hyderabad-to-vijayawada,Hyderabad to Vijayawada,Sai Sri Krishna Travels,22:35,05h 55m,04:30,2.0,470,23,A/C Seater / Sleeper (2+1)
https://www.redbus.in/bus-tickets/hyderabad-to-vijayawada,Hyderabad to Vijayawada,Orange Tours and Travels,17:35,08h 40m,02:15,2.4,500,10,NON A/C Seater/ Sleeper (2+1)
https://www.redbus.in/bus-tickets/hyderabad-to-vijayawada,Hyderabad to Vijayawada,Surendra Buses,22:10,06h 20m,04:30,2.7,435,24,A/C Sleeper (2+1)
https://www.redbus.in/bus-tickets/hyderabad-to-vijayawada,Hyderabad to Vijayawada,Nani’s Sai Krishna Travels,22:17,05h 13m,03:30,2.6,500,32,Non A/C Seater / Sleeper (2+1)
https://www.redbus.in/bus-tickets/hyderabad-to-vijayawada,Hyderabad to Vijayawada,Kaveri Travels,22:00,06h 30m,04:30,2.6,650,32,Non A/C Seater / Sleeper (2+1)
https://www.redbus.in/bus-tickets/hyderabad-to-vijayawada,Hyderabad to Vijayawada,KVR Tours and Travels,22:45,06h 40m,05:25,2.6,684,26,A/C Sleeper (2+1)
https://www.redbus.in/bus-tickets/hyderabad-to-vijayawada,Hyderabad to Vijayawada,Yolo Bus,00:10,04h 50m,05:00,1.6,760,28,Bharat Benz A/C Sleeper (2+1)
https://www.redbus.in/bus-tickets/hyderabad-to-vijayawada,Hyderabad to Vijayawada,Siri Tours and Travels,18:50,07h 50m,02:40,2.6,780,27,A/C Seater / Sleeper (2+1)
https://www.redbus.in/bus-tickets/hyderabad-to-vijayawada,Hyderabad to Vijayawada,Ravindra Tours and Travels,22:15,05h 00m,03:15,4.0,888,26,Volvo Multi Axle B9R A/C Sleeper (2+1)
https://www.redbus.in/bus-tickets/hyderabad-to-vijayawada,Hyderabad to Vijayawada,Siri Tours and Travels,18:50,07h 20m,02:10,2.4,610,17,A/C Seater / Sleeper (2+1)
https://www.redbus.in/bus-tickets/hyderabad-to-vijayawada,Hyderabad to Vijayawada,SVR Tours and Travels,15:15,06h 45m,22:00,2.7,900,28,Volvo Multi Axle A/C Sleeper I-Shift B11R (2+1)
https://www.redbus.in/bus-tickets/hyderabad-to-vijayawada,Hyderabad to Vijayawada,VAHINI Travels,20:41,07h 49m,04:30,2.3,560,32,Non A/C Seater / Sleeper (2+1)
https://www.redbus.in/bus-tickets/hyderabad-to-vijayawada,Hyderabad to Vijayawada,Mayuri Travels,17:30,06h 25m,23:55,2.6,900,37,A/C Seater / Sleeper (2+1)
https://www.redbus.in/bus-tickets/hyderabad-to-vijayawada,Hyderabad to Vijayawada,V Kaveri Travels,16:17,06h 58m,23:15,2.0,1090,2,A/C Seater / Sleeper (2+1)
https://www.redbus.in/bus-tickets/hyderabad-to-vijayawada,Hyderabad to Vijayawada,Ajay Bus,21:45,06h 55m,04:40,2.2,440,25,Non A/C Seater / Sleeper (2+1)
https://www.redbus.in/bus-tickets/hyderabad-to-vijayawada,Hyderabad to Vijayawada,DMR Travels,22:35,05h 55m,04:30,1.7,670,34,Non A/C Seater / Sleeper (2+1)
https://www.redbus.in/bus-tickets/hyderabad-to-vijayawada,Hyderabad to Vijayawada,SAMANVI CITICONNECT,22:12,06h 18m,04:30,2.2,769,19,A/C Sleeper (2+1)
https://www.redbus.in/bus-tickets/hyderabad-to-vijayawada,Hyderabad to Vijayawada,Sri Rama Travels,22:20,05h 55m,04:15,1.8,610,33,Non A/C Seater / Sleeper (2+1)
https://www.redbus.in/bus-tickets/hyderabad-to-vijayawada,Hyderabad to Vijayawada,Sarayu Travels,15:55,07h 35m,23:30,2.2,1380,22,A/C Seater / Sleeper (2+1)
https://www.redbus.in/bus-tickets/hyderabad-to-vijayawada,Hyderabad to Vijayawada,Shree Manikanta Travels,13:42,06h 08m,19:50,1.9,1149,8,A/C Seater / Sleeper (2+1)
https://www.redbus.in/bus-tickets/hyderabad-to-vijayawada,Hyderabad to Vijayawada,KKaveri Travels,22:25,05h 15m,03:40,1.0,570,33,NON AC Seater / Sleeper 2+1
https://www.redbus.in/bus-tickets/hyderabad-to-vijayawada,Hyderabad to Vijayawada,Shyamoli Paribahan Pvt Ltd,14:20,07h 30m,21:50,4.5,1799,3,A/C Seater/Sleeper (2+1)
https://www.redbus.in/bus-tickets/hyderabad-to-vijayawada,Hyderabad to Vijayawada,Shyamoli Paribahan Pvt Ltd,15:20,09h 40m,01:00,4.5,800,13,Volvo 9600 A/C Seater/Sleeper (2+1)
https://www.redbus.in/bus-tickets/hyderabad-to-vijayawada,Hyderabad to Vijayawada,BSR Tours And Travels,22:00,04h 55m,02:55,4.4,1399,20,Volvo 9600 Multi-Axle A/C Sleeper (2+1)
https://www.redbus.in/bus-tickets/hyderabad-to-vijayawada,Hyderabad to Vijayawada,BSR Tours And Travels,17:07,07h 58m,01:05,4.4,2449,19,Volvo 9600 Multi-Axle A/C Sleeper (2+1)
https://www.redbus.in/bus-tickets/hyderabad-to-vijayawada,Hyderabad to Vijayawada,IntrCity SmartBus,16:30,07h 20m,23:50,4.4,1319,10,A/C Sleeper (2+1)
https://www.redbus.in/bus-tickets/hyderabad-to-vijayawada,Hyderabad to Vijayawada,IntrCity SmartBus,20:15,07h 05m,03:20,4.4,459,28,A/C Seater / Sleeper (2+1)
https://www.redbus.in/bus-tickets/hyderabad-to-vijayawada,Hyderabad to Vijayawada,IntrCity SmartBus,20:55,06h 40m,03:35,4.4,809,33,A/C Seater / Sleeper (2+1)
https://www.redbus.in/bus-tickets/hyderabad-to-vijayawada,Hyderabad to Vijayawada,LimoLiner,21:50,06h 10m,04:00,4.4,1129,12,A/C Sleeper (2+1)
https://www.redbus.in/bus-tickets/hyderabad-to-vijayawada,Hyderabad to Vijayawada,Express Line,15:25,07h 25m,22:50,4.3,1839,7,Volvo 9600 A/C Seater/Sleeper (2+1)
https://www.redbus.in/bus-tickets/hyderabad-to-vijayawada,Hyderabad to Vijayawada,Express Line,14:20,07h 25m,21:45,4.3,1989,6,VE A/C Seater / Sleeper (2+1)
https://www.redbus.in/bus-tickets/hyderabad-to-vijayawada,Hyderabad to Vijayawada,Neelachal Travels,15:00,07h 45m,22:45,4.3,1200,31,A/C Seater / Sleeper (2+1)
https://www.redbus.in/bus-tickets/hyderabad-to-vijayawada,Hyderabad to Vijayawada,KARTHIKEYA TOURS AND TRAVELS,20:25,07h 05m,03:30,4.2,500,16,Non A/C Seater / Sleeper (2+1)
https://www.redbus.in/bus-tickets/hyderabad-to-vijayawada,Hyderabad to Vijayawada,Ranadeep Travels,22:35,05h 50m,04:25,4.1,2200,27,A/C Sleeper (2+1)
https://www.redbus.in/bus-tickets/hyderabad-to-vijayawada,Hyderabad to Vijayawada,Sri KVR Travels,16:45,07h 35m,00:20,4.0,1499,14,A/C Seater / Sleeper (2+1)
https://www.redbus.in/bus-tickets/hyderabad-to-vijayawada,Hyderabad to Vijayawada,Svkdt travels,18:20,07h 45m,02:05,4.0,1389,8,A/C Sleeper (2+1)
https://www.redbus.in/bus-tickets/hyderabad-to-vijayawada,Hyderabad to Vijayawada,Vikram Travels,20:25,06h 20m,02:45,4.0,879,22,A/C Sleeper (2+1)
https://www.redbus.in/bus-tickets/hyderabad-to-vijayawada,Hyderabad to Vijayawada,Laharisa Tours and Travels,21:55,06h 10m,04:05,4.0,560,29,Non A/C Seater / Sleeper (2+1)
https://www.redbus.in/bus-tickets/hyderabad-to-vijayawada,Hyderabad to Vijayawada,GMC Travels,22:50,04h 40m,03:30,4.0,780,30,A/C Seater / Sleeper (2+1)
https://www.redbus.in/bus-tickets/hyderabad-to-vijayawada,Hyderabad to Vijayawada,GMC Travels,15:55,07h 50m,23:45,4.0,1090,18,A/C Seater / Sleeper (2+1)
https://www.redbus.in/bus-tickets/hyderabad-to-vijayawada,Hyderabad to Vijayawada,Vikram Travels,19:10,06h 45m,01:55,4.0,1699,19,Volvo 9600 Multi-Axle A/C Sleeper (2+1)
https://www.redbus.in/bus-tickets/hyderabad-to-vijayawada,Hyderabad to Vijayawada,Vikram Travels,21:30,05h 30m,03:00,4.0,1229,16,VE A/C Sleeper (2+1)
https://www.redbus.in/bus-tickets/hyderabad-to-vijayawada,Hyderabad to Vijayawada,SBS Tours and Travels,21:40,05h 51m,03:31,4.0,444,31,Non A/C Seater / Sleeper (2+1)
https://www.redbus.in/bus-tickets/hyderabad-to-vijayawada,Hyderabad to Vijayawada,Sree Gowtham Travels,22:40,06h 30m,05:10,3.9,900,23,A/C Sleeper (2+1)
https://www.redbus.in/bus-tickets/hyderabad-to-vijayawada,Hyderabad to Vijayawada,Puri Jagannadh Tours And Travels,22:17,06h 38m,04:55,3.9,660,24,A/C Seater / Sleeper (2+1)
https://www.redbus.in/bus-tickets/hyderabad-to-vijayawada,Hyderabad to Vijayawada,Kalyani Transport,21:55,05h 25m,03:20,3.9,449,18,Non A/C Seater / Sleeper (2+1)
https://www.redbus.in/bus-tickets/hyderabad-to-vijayawada,Hyderabad to Vijayawada,Puri Jagannadh Tours And Travels,22:17,05h 38m,03:55,3.9,660,27,A/C Seater / Sleeper (2+1)
https://www.redbus.in/bus-tickets/hyderabad-to-vijayawada,Hyderabad to Vijayawada,Puri Jagannadh Tours And Travels,20:30,07h 15m,03:45,3.9,499,33,Non A/C Seater / Sleeper (2+1)
https://www.redbus.in/bus-tickets/hyderabad-to-vijayawada,Hyderabad to Vijayawada,Puri Jagannadh Tours And Travels,19:18,07h 27m,02:45,3.9,555,26,Non A/C Seater / Sleeper (2+1)
https://www.redbus.in/bus-tickets/hyderabad-to-vijayawada,Hyderabad to Vijayawada,Prathap Travels,14:25,13h 50m,04:15,3.9,1099,5,Non A/C Seater / Sleeper (2+1)
https://www.redbus.in/bus-tickets/hyderabad-to-vijayawada,Hyderabad to Vijayawada,V Kaveri Travels,21:23,07h 22m,04:45,3.8,1000,20,A/C Sleeper (2+1)
https://www.redbus.in/bus-tickets/hyderabad-to-vijayawada,Hyderabad to Vijayawada,Sri Keerthana Sai Travels,13:42,05h 58m,19:40,3.8,1690,3,Non A/C Seater / Sleeper (2+1)
https://www.redbus.in/bus-tickets/hyderabad-to-vijayawada,Hyderabad to Vijayawada,Chandu Travels,23:22,06h 23m,05:45,3.8,580,26,A/C Seater/Sleeper (2+1)
https://www.redbus.in/bus-tickets/hyderabad-to-vijayawada,Hyderabad to Vijayawada,V Kaveri Travels,14:50,06h 10m,21:00,3.8,2090,9,A/C Sleeper (2+1)
https://www.redbus.in/bus-tickets/hyderabad-to-vijayawada,Hyderabad to Vijayawada,Sri Keerthana Sai Travels,15:45,08h 05m,23:50,3.8,680,20,Non A/C Seater / Sleeper (2+1)
https://www.redbus.in/bus-tickets/hyderabad-to-vijayawada,Hyderabad to Vijayawada,SVM Tours And Travels,22:35,05h 45m,04:20,3.8,444,29,Non A/C Seater / Sleeper (2+1)
https://www.redbus.in/bus-tickets/hyderabad-to-vijayawada,Hyderabad to Vijayawada,SAMANVI CITICONNECT,19:53,06h 52m,02:45,3.7,499,17,Non A/C Seater / Sleeper (2+1)
https://www.redbus.in/bus-tickets/hyderabad-to-vijayawada,Hyderabad to Vijayawada,Mayuri Travels,19:45,07h 00m,02:45,3.7,1450,26,A/C Sleeper (2+1)
https://www.redbus.in/bus-tickets/hyderabad-to-vijayawada,Hyderabad to Vijayawada,SREE CHAKRA TRAVELS,22:05,06h 25m,04:30,3.7,5000,31,Non A/C Seater / Sleeper (2+1)
https://www.redbus.in/bus-tickets/hyderabad-to-vijayawada,Hyderabad to Vijayawada,SAMANVI CITICONNECT,22:10,05h 35m,03:45,3.7,449,20,Non A/C Seater / Sleeper (2+1)
https://www.redbus.in/bus-tickets/hyderabad-to-vijayawada,Hyderabad to Vijayawada,Mayuri Travels,19:45,06h 15m,02:00,3.7,500,31,Non A/C Seater / Sleeper (2+1)
https://www.redbus.in/bus-tickets/hyderabad-to-vijayawada,Hyderabad to Vijayawada,Yolo Bus,15:20,05h 49m,21:09,2.8,400,34,Bharat Benz A/C Seater /Sleeper (2+1)
https://www.redbus.in/bus-tickets/hyderabad-to-vijayawada,Hyderabad to Vijayawada,Sri VInayaka Travels(Siva's),18:20,06h 55m,01:15,3.6,1199,8,A/C Seater / Sleeper (2+1)
https://www.redbus.in/bus-tickets/hyderabad-to-vijayawada,Hyderabad to Vijayawada,LVR Travels,22:30,06h 35m,05:05,3.6,489,21,Non A/C Seater / Sleeper (2+1)
https://www.redbus.in/bus-tickets/hyderabad-to-vijayawada,Hyderabad to Vijayawada,Krk Travels,14:35,08h 25m,23:00,3.6,1099,12,Non A/C Seater / Sleeper (2+1)
https://www.redbus.in/bus-tickets/hyderabad-to-vijayawada,Hyderabad to Vijayawada,Sri Sai Anjana Tours and Travels,20:20,06h 32m,02:52,3.6,666,16,A/C Sleeper (2+1)
https://www.redbus.in/bus-tickets/hyderabad-to-vijayawada,Hyderabad to Vijayawada,Prasanna Travels,23:40,05h 55m,05:35,3.1,400,29,A/C Seater / Sleeper (2+1)
https://www.redbus.in/bus-tickets/hyderabad-to-vijayawada,Hyderabad to Vijayawada,Sri Tulasi Tours and Travels,11:50,07h 15m,19:05,3.5,1799,4,A/C Seater / Sleeper (2+1)
https://www.redbus.in/bus-tickets/hyderabad-to-vijayawada,Hyderabad to Vijayawada,Sri Tulasi Tours and Travels,14:20,07h 40m,22:00,3.5,1599,24,A/C Seater / Sleeper (2+1)
https://www.redbus.in/bus-tickets/hyderabad-to-vijayawada,Hyderabad to Vijayawada,Mahadevv travels,22:20,06h 15m,04:35,3.5,741,26,NON A/C Sleeper (2+1)
https://www.redbus.in/bus-tickets/hyderabad-to-vijayawada,Hyderabad to Vijayawada,Jayanthi Travels,21:25,06h 05m,03:30,3.5,1550,31,A/C Sleeper (2+1)
https://www.redbus.in/bus-tickets/hyderabad-to-vijayawada,Hyderabad to Vijayawada,Jayanthi Travels,21:25,05h 35m,03:00,3.5,670,20,Non A/C Seater / Sleeper (2+1)
https://www.redbus.in/bus-tickets/hyderabad-to-vijayawada,Hyderabad to Vijayawada,Jayanthi Travels,19:45,07h 15m,03:00,3.5,890,11,Non A/C Seater / Sleeper (2+1)
https://www.redbus.in/bus-tickets/hyderabad-to-vijayawada,Hyderabad to Vijayawada,Sri Tulasi Tours and Travels,14:50,08h 10m,23:00,3.5,1299,10,A/C Seater / Sleeper (2+1)
https://www.redbus.in/bus-tickets/hyderabad-to-vijayawada,Hyderabad to Vijayawada,Jayanthi Travels,20:15,08h 25m,04:40,3.5,670,30,Non A/C Seater / Sleeper (2+1)
https://www.redbus.in/bus-tickets/hyderabad-to-vijayawada,Hyderabad to Vijayawada,Chandu Travels,22:18,06h 12m,04:30,3.8,684,24,A/C Sleeper (2+1)
https://www.redbus.in/bus-tickets/hyderabad-to-vijayawada,Hyderabad to Vijayawada,Kakathiya Travels,22:20,05h 40m,04:00,4.5,647,22,NON A/C Sleeper (2+1)
https://www.redbus.in/bus-tickets/hyderabad-to-vijayawada,Hyderabad to Vijayawada,KVR Tours and Travels,22:15,05h 00m,03:15,3.4,531,24,Non A/C Seater / Sleeper (2+1)
https://www.redbus.in/bus-tickets/hyderabad-to-vijayawada,Hyderabad to Vijayawada,Sri Krishna Travels,18:31,07h 29m,02:00,3.4,680,26,A/C Seater / Sleeper (2+1)
https://www.redbus.in/bus-tickets/hyderabad-to-vijayawada,Hyderabad to Vijayawada,FlixBus,00:25,06h 50m,07:15,3.6,374.11,18,Electric A/C Semi Sleeper (2+2)
https://www.redbus.in/bus-tickets/hyderabad-to-vijayawada,Hyderabad to Vijayawada,Sri Krishna Travels,18:31,07h 29m,02:00,3.4,5000,32,A/C Sleeper (2+1)
https://www.redbus.in/bus-tickets/hyderabad-to-vijayawada,Hyderabad to Vijayawada,Sri Krishna Travels,21:30,06h 30m,04:00,3.4,680,27,A/C Seater / Sleeper (2+1)
https://www.redbus.in/bus-tickets/hyderabad-to-vijayawada,Hyderabad to Vijayawada,VARAHI TRAVELS,18:20,07h 50m,02:10,3.3,729,32,A/C Semi Sleeper / Sleeper (2+1)
https://www.redbus.in/bus-tickets/hyderabad-to-vijayawada,Hyderabad to Vijayawada,Sai Godavari Travels,22:18,05h 52m,04:10,3.3,580,32,Non A/C Seater / Sleeper (2+1)
https://www.redbus.in/bus-tickets/hyderabad-to-vijayawada,Hyderabad to Vijayawada,MSM Tours & Travels,21:04,05h 56m,03:00,3.3,1033,21,Volvo Multi Axle A/C Sleeper I-Shift B11R (2+1)
https://www.redbus.in/bus-tickets/hyderabad-to-vijayawada,Hyderabad to Vijayawada,VARAHI TRAVELS,18:20,07h 50m,02:10,3.3,640,23,Non A/C Seater / Sleeper (2+1)
https://www.redbus.in/bus-tickets/hyderabad-to-vijayawada,Hyderabad to Vijayawada,Orange Tours and Travels,22:55,06h 50m,05:45,3.2,700,36,NON A/C Sleeper (2+1)
https://www.redbus.in/bus-tickets/hyderabad-to-vijayawada,Hyderabad to Vijayawada,Sri Krishna Travels,23:45,05h 25m,05:10,3.3,800,28,Volvo Multi-Axle A/C Sleeper (2+1)
https://www.redbus.in/bus-tickets/hyderabad-to-vijayawada,Hyderabad to Vijayawada,Sri Karan Sai Tours and Travels,22:53,05h 27m,04:20,3.6,780,36,Non A/C Seater / Sleeper (2+1)
https://www.redbus.in/bus-tickets/hyderabad-to-vijayawada,Hyderabad to Vijayawada,Sai Sri Durga Travels,23:15,06h 05m,05:20,2.7,2100,40,Non A/C Seater / Sleeper (2+1)
https://www.redbus.in/bus-tickets/hyderabad-to-vijayawada,Hyderabad to Vijayawada,Sri Atluri Travels,22:05,06h 15m,04:20,3.2,610,15,NON AC Seater / Sleeper 2+1
https://www.redbus.in/bus-tickets/hyderabad-to-vijayawada,Hyderabad to Vijayawada,Sri Atluri Travels,22:18,05h 32m,03:50,3.2,560,23,Non A/C Seater / Sleeper (2+1)
https://www.redbus.in/bus-tickets/hyderabad-to-vijayawada,Hyderabad to Vijayawada,Orange Tours and Travels,16:05,08h 25m,00:30,3.2,1050,7,A/C Seater / Sleeper (2+1)
https://www.redbus.in/bus-tickets/hyderabad-to-vijayawada,Hyderabad to Vijayawada,Orange Tours and Travels,14:50,08h 30m,23:20,3.2,900,6,NON A/C Seater/ Sleeper (2+1)
https://www.redbus.in/bus-tickets/hyderabad-to-vijayawada,Hyderabad to Vijayawada,Sri Atluri Travels,20:30,07h 50m,04:20,3.2,560,12,Non A/C Seater / Sleeper (2+1)
https://www.redbus.in/bus-tickets/hyderabad-to-vijayawada,Hyderabad to Vijayawada,Apple Travels,22:20,05h 10m,03:30,3.1,444,30,Non A/C Seater / Sleeper (2+1)
https://www.redbus.in/bus-tickets/hyderabad-to-vijayawada,Hyderabad to Vijayawada,Vinay's Tours and Travels,23:50,06h 05m,05:55,3.2,500,19,A/C Sleeper (2+1)
https://www.redbus.in/bus-tickets/hyderabad-to-vijayawada,Hyderabad to Vijayawada,Vinay's Tours and Travels,23:45,05h 45m,05:30,2.7,500,16,A/C Sleeper (2+1)
https://www.redbus.in/bus-tickets/hyderabad-to-vijayawada,Hyderabad to Vijayawada,Sri KVR Travels,22:44,04h 51m,03:35,3.5,470,31,Non A/C Seater / Sleeper (2+1)
https://www.redbus.in/bus-tickets/hyderabad-to-vijayawada,Hyderabad to Vijayawada,Morning Star Travels,23:00,05h 30m,04:30,3.4,790,27,A/C Sleeper (2+1)
https://www.redbus.in/bus-tickets/hyderabad-to-vijayawada,Hyderabad to Vijayawada,FlixBus,13:25,07h 00m,20:25,3.5,551.79,17,Electric A/C Semi Sleeper (2+2)
https://www.redbus.in/bus-tickets/hyderabad-to-vijayawada,Hyderabad to Vijayawada,SAI SIMHAPURI TRAVELS,23:30,05h 50m,05:20,3.2,1800,9,NON A/C Seater (2+2)
https://www.redbus.in/bus-tickets/hyderabad-to-vijayawada,Hyderabad to Vijayawada,Ramana Tours And Travels,18:00,07h 05m,01:05,3.0,1249,25,A/C Sleeper (2+1)
https://www.redbus.in/bus-tickets/hyderabad-to-vijayawada,Hyderabad to Vijayawada,Srivastav Travels,21:00,07h 00m,04:00,3.0,729,20,A/C Sleeper (2+1)
https://www.redbus.in/bus-tickets/hyderabad-to-vijayawada,Hyderabad to Vijayawada,Morning Star Travels,23:05,05h 55m,05:00,2.6,500,28,NON A/C Sleeper (2+1)
https://www.redbus.in/bus-tickets/hyderabad-to-vijayawada,Hyderabad to Vijayawada,Srivastav Travels,20:45,07h 20m,04:05,3.0,439,15,A/C Seater/Sleeper (2+1)
https://www.redbus.in/bus-tickets/hyderabad-to-vijayawada,Hyderabad to Vijayawada,Srivastav Travels,22:40,06h 50m,05:30,3.0,647,27,Bharat Benz A/C Sleeper (2+1)
https://www.redbus.in/bus-tickets/hyderabad-to-vijayawada,Hyderabad to Vijayawada,Ramana Tours And Travels,22:00,06h 40m,04:40,3.0,750,24,Non A/C Seater / Sleeper (2+1)
https://www.redbus.in/bus-tickets/hyderabad-to-vijayawada,Hyderabad to Vijayawada,Sri Srinivasa Tours and Travels,22:15,05h 25m,03:40,3.0,751,34,A/C Sleeper (2+1)
https://www.redbus.in/bus-tickets/hyderabad-to-vijayawada,Hyderabad to Vijayawada,Ramana Tours And Travels,21:30,07h 30m,05:00,3.0,550,19,Non A/C Seater / Sleeper (2+1)
https://www.redbus.in/bus-tickets/hyderabad-to-vijayawada,Hyderabad to Vijayawada,SUNRISE TOUR AND TRAVELS,22:25,06h 25m,04:50,3.0,2850,45,Non A/C Seater / Sleeper (2+1)
https://www.redbus.in/bus-tickets/hyderabad-to-vijayawada,Hyderabad to Vijayawada,Ramana Tours And Travels,22:12,05h 48m,04:00,3.0,620,29,Non A/C Seater / Sleeper (2+1)
https://www.redbus.in/bus-tickets/hyderabad-to-vijayawada,Hyderabad to Vijayawada,Komali Travels,22:10,05h 50m,04:00,2.7,627,21,A/C Seater / Sleeper (2+1)
https://www.redbus.in/bus-tickets/hyderabad-to-vijayawada,Hyderabad to Vijayawada,V Kaveri Travels,22:20,06h 45m,05:05,2.2,600,28,Non A/C Seater / Sleeper (2+1)
https://www.redbus.in/bus-tickets/hyderabad-to-vijayawada,Hyderabad to Vijayawada,Prasanna Travels,23:55,06h 20m,06:15,2.6,400,35,A/C Seater / Sleeper (2+1)
https://www.redbus.in/bus-tickets/hyderabad-to-vijayawada,Hyderabad to Vijayawada,Prasanna Travels,23:35,06h 00m,05:35,1.9,400,33,A/C Seater / Sleeper (2+1)
https://www.redbus.in/bus-tickets/hyderabad-to-vijayawada,Hyderabad to Vijayawada,Anusha Travels,23:45,05h 55m,05:40,2.4,548,26,A/C Sleeper (2+1)
https://www.redbus.in/bus-tickets/hyderabad-to-vijayawada,Hyderabad to Vijayawada,Rainbow Tours And Travels,18:55,07h 35m,02:30,2.5,390,26,Non A/C Seater / Sleeper (2+1)
https://www.redbus.in/bus-tickets/hyderabad-to-vijayawada,Hyderabad to Vijayawada,Mahi Trans Solutions,21:35,06h 40m,04:15,2.9,603,34,Non A/C Seater / Sleeper (2+1)
https://www.redbus.in/bus-tickets/hyderabad-to-vijayawada,Hyderabad to Vijayawada,J GAGANA TRAVELS,22:15,05h 30m,03:45,2.9,560,27,Non A/C Seater / Sleeper (2+1)
https://www.redbus.in/bus-tickets/hyderabad-to-vijayawada,Hyderabad to Vijayawada,Mahi Trans Solutions,21:30,07h 00m,04:30,2.9,504,33,Non A/C Seater / Sleeper (2+1)
https://www.redbus.in/bus-tickets/hyderabad-to-vijayawada,Hyderabad to Vijayawada,7Hills roadways,20:20,07h 40m,04:00,4.5,1099,31,Scania AC Multi Axle Sleeper (2+1)
https://www.redbus.in/bus-tickets/hyderabad-to-vijayawada,Hyderabad to Vijayawada,Shyamoli Paribahan Pvt Ltd,19:50,07h 40m,03:30,4.5,810,12,A/C Seater/Sleeper (2+1)
https://www.redbus.in/bus-tickets/hyderabad-to-vijayawada,Hyderabad to Vijayawada,KPM BUS,21:46,06h 29m,04:15,2.8,333,25,A/C Sleeper (2+1)
https://www.redbus.in/bus-tickets/hyderabad-to-vijayawada,Hyderabad to Vijayawada,Navayuga Travels,19:56,08h 34m,04:30,2.8,555,33,NON AC Seater / Sleeper 2+1
https://www.redbus.in/bus-tickets/hyderabad-to-vijayawada,Hyderabad to Vijayawada,Navayuga Travels,13:25,07h 45m,21:10,2.8,1390,23,Non A/C Seater / Sleeper (2+1)
https://www.redbus.in/bus-tickets/hyderabad-to-vijayawada,Hyderabad to Vijayawada,Prasanna Travels,23:40,05h 55m,05:35,2.7,600,24,A/C Sleeper (2+1)
https://www.redbus.in/bus-tickets/hyderabad-to-vijayawada,Hyderabad to Vijayawada,Siva Sankar Travels,22:05,05h 55m,04:00,2.7,664,30,A/C Seater / Sleeper (2+1)
https://www.redbus.in/bus-tickets/hyderabad-to-vijayawada,Hyderabad to Vijayawada,Morning Star Travels,22:20,05h 35m,03:55,2.7,990,20,A/C Sleeper (2+1)
https://www.redbus.in/bus-tickets/hyderabad-to-vijayawada,Hyderabad to Vijayawada,Prasanna Travels,00:35,06h 00m,06:35,2.7,600,24,A/C Sleeper (2+1)
https://www.redbus.in/bus-tickets/hyderabad-to-vijayawada,Hyderabad to Vijayawada,KKaveri Travels,18:30,07h 30m,02:00,2.6,670,15,Non A/C Seater / Sleeper (2+1)
https://www.redbus.in/bus-tickets/hyderabad-to-vijayawada,Hyderabad to Vijayawada,KKaveri Travels,18:55,07h 35m,02:30,2.6,690,32,Non A/C Seater / Sleeper (2+1)
https://www.redbus.in/bus-tickets/hyderabad-to-vijayawada,Hyderabad to Vijayawada,KKaveri Travels,18:55,07h 35m,02:30,2.6,590,22,Non A/C Seater / Sleeper (2+1)
https://www.redbus.in/bus-tickets/hyderabad-to-vijayawada,Hyderabad to Vijayawada,Siri Tours and Travels,21:58,06h 17m,04:15,2.5,459,27,Non A/C Seater / Sleeper (2+1)
https://www.redbus.in/bus-tickets/hyderabad-to-vijayawada,Hyderabad to Vijayawada,Siri Tours and Travels,22:13,05h 47m,04:00,2.5,560,25,Non A/C Seater / Sleeper (2+1)
https://www.redbus.in/bus-tickets/hyderabad-to-vijayawada,Hyderabad to Vijayawada,Ranadeep Travels,19:35,05h 25m,01:00,4.1,1554,23,A/C Sleeper (2+1)
https://www.redbus.in/bus-tickets/hyderabad-to-vijayawada,Hyderabad to Vijayawada,Siri Tours and Travels,22:50,05h 25m,04:15,2.5,999,2,A/C Sleeper (2+1)
https://www.redbus.in/bus-tickets/hyderabad-to-vijayawada,Hyderabad to Vijayawada,Ranadeep Travels,19:35,05h 25m,01:00,4.1,1665,19,A/C Sleeper (2+1)
https://www.redbus.in/bus-tickets/hyderabad-to-vijayawada,Hyderabad to Vijayawada,Siri Tours and Travels,22:01,06h 14m,04:15,2.5,560,26,Non A/C Seater / Sleeper (2+1)
https://www.redbus.in/bus-tickets/hyderabad-to-vijayawada,Hyderabad to Vijayawada,Siri Tours and Travels,22:25,05h 55m,04:20,2.5,999,19,A/C Sleeper (2+1)
https://www.redbus.in/bus-tickets/hyderabad-to-vijayawada,Hyderabad to Vijayawada,Rainbow Tours And Travels,22:14,06h 21m,04:35,2.5,490,19,Non A/C Seater / Sleeper (2+1)
https://www.redbus.in/bus-tickets/hyderabad-to-vijayawada,Hyderabad to Vijayawada,KRT Tours and Travels,22:55,06h 25m,05:20,2.3,700,30,Scania AC Multi Axle Sleeper (2+1)
https://www.redbus.in/bus-tickets/hyderabad-to-vijayawada,Hyderabad to Vijayawada,VAHINI Travels,22:37,06h 08m,04:45,2.3,560,30,Non A/C Seater / Sleeper (2+1)
https://www.redbus.in/bus-tickets/hyderabad-to-vijayawada,Hyderabad to Vijayawada,Sri KVR Travels,14:59,07h 51m,22:50,4.0,5550,1,Non A/C Seater / Sleeper (2+1)
https://www.redbus.in/bus-tickets/hyderabad-to-vijayawada,Hyderabad to Vijayawada,REDLINES TOURS AND TRAVELS,22:05,06h 25m,04:30,2.1,3000,35,A/C Seater / Sleeper (2+1)
https://www.redbus.in/bus-tickets/hyderabad-to-vijayawada,Hyderabad to Vijayawada,REDLINES TOURS AND TRAVELS,22:05,06h 25m,04:30,2.1,500,32,A/C Seater / Sleeper (2+1)
https://www.redbus.in/bus-tickets/hyderabad-to-vijayawada,Hyderabad to Vijayawada,Ajay Bus,21:50,07h 05m,04:55,2.2,499,29,A/C Seater / Sleeper (2+1)
https://www.redbus.in/bus-tickets/hyderabad-to-vijayawada,Hyderabad to Vijayawada,Devi Travels,22:25,07h 25m,05:50,1.9,1350,24,A/C Sleeper (2+1)
https://www.redbus.in/bus-tickets/hyderabad-to-vijayawada,Hyderabad to Vijayawada,Shree Manikanta Travels,15:00,07h 50m,22:50,1.9,1399,31,A/C Sleeper (2+1)
https://www.redbus.in/bus-tickets/hyderabad-to-vijayawada,Hyderabad to Vijayawada,Sri Rama Travels,22:25,05h 50m,04:15,1.8,777,32,A/C Seater / Sleeper (2+1)
https://www.redbus.in/bus-tickets/hyderabad-to-vijayawada,Hyderabad to Vijayawada,Tranzindia Travels,21:40,05h 30m,03:10,1.8,1149,22,Scania AC Multi Axle Sleeper (2+1)
https://www.redbus.in/bus-tickets/hyderabad-to-vijayawada,Hyderabad to Vijayawada,DMR Travels,21:40,06h 50m,04:30,1.7,670,31,Non A/C Seater / Sleeper (2+1)
https://www.redbus.in/bus-tickets/hyderabad-to-vijayawada,Hyderabad to Vijayawada,DMR Travels,21:16,06h 14m,03:30,1.7,900,22,A/C Sleeper (2+1)
https://www.redbus.in/bus-tickets/hyderabad-to-vijayawada,Hyderabad to Vijayawada,DMR Travels,22:00,06h 30m,04:30,1.7,670,29,Non A/C Seater / Sleeper (2+1)
https://www.redbus.in/bus-tickets/hyderabad-to-vijayawada,Hyderabad to Vijayawada,DMR Travels,22:35,05h 55m,04:30,1.7,670,37,Non A/C Seater / Sleeper (2+1)
https://www.redbus.in/bus-tickets/hyderabad-to-vijayawada,Hyderabad to Vijayawada,DMR Travels,22:00,06h 20m,04:20,1.7,900,29,A/C Sleeper (2+1)
https://www.redbus.in/bus-tickets/hyderabad-to-vijayawada,Hyderabad to Vijayawada,Padma Travels,21:30,06h 30m,04:00,3.9,499,25,Non A/C Seater / Sleeper (2+1)
https://www.redbus.in/bus-tickets/hyderabad-to-vijayawada,Hyderabad to Vijayawada,Meghana Travels,22:45,05h 40m,04:25,3.9,3000,36,Non A/C Seater / Sleeper (2+1)
https://www.redbus.in/bus-tickets/hyderabad-to-vijayawada,Hyderabad to Vijayawada,Sai Virat Travels,22:10,04h 55m,03:05,3.9,1000,32,VE A/C Sleeper (2+1)
https://www.redbus.in/bus-tickets/hyderabad-to-vijayawada,Hyderabad to Vijayawada,Meghana Travels,22:20,05h 35m,03:55,3.9,990,6,A/C Sleeper (2+1)
https://www.redbus.in/bus-tickets/hyderabad-to-vijayawada,Hyderabad to Vijayawada,SVR Tours and Travels,17:15,06h 30m,23:45,2.9,1100,28,Volvo Multi Axle B9R A/C Sleeper (2+1)
https://www.redbus.in/bus-tickets/hyderabad-to-vijayawada,Hyderabad to Vijayawada,Chandu Travels,22:18,06h 12m,04:30,3.8,1226,26,A/C Seater / Sleeper (2+1)
https://www.redbus.in/bus-tickets/hyderabad-to-vijayawada,Hyderabad to Vijayawada,V Kaveri Travels,22:55,07h 35m,06:30,3.8,600,32,NON A/C Hi-Tech Push Back (2+2)
https://www.redbus.in/bus-tickets/hyderabad-to-vijayawada,Hyderabad to Vijayawada,Mayuri Travels,14:38,06h 32m,21:10,3.7,1560,4,Non A/C Seater / Sleeper (2+1)
https://www.redbus.in/bus-tickets/hyderabad-to-vijayawada,Hyderabad to Vijayawada,Mozo travels,22:25,06h 05m,04:30,3.7,549,41,A/C Seater / Sleeper (2+1)
https://www.redbus.in/bus-tickets/hyderabad-to-vijayawada,Hyderabad to Vijayawada,Mayuri Travels,16:45,07h 14m,23:59,3.7,1110,33,Non A/C Seater / Sleeper (2+1)
https://www.redbus.in/bus-tickets/hyderabad-to-vijayawada,Hyderabad to Vijayawada,Sri Hari Tours & Travels,21:12,05h 53m,03:05,3.6,2374,25,Volvo Multi Axle B9R A/C Sleeper (2+1)
https://www.redbus.in/bus-tickets/hyderabad-to-vijayawada,Hyderabad to Vijayawada,Sri Karan Sai Tours and Travels,22:15,06h 15m,04:30,3.6,777,23,Non A/C Seater / Sleeper (2+1)
https://www.redbus.in/bus-tickets/hyderabad-to-vijayawada,Hyderabad to Vijayawada,Sri Karan Sai Tours and Travels,22:10,06h 20m,04:30,3.6,444,34,Non A/C Seater / Sleeper (2+1)
https://www.redbus.in/bus-tickets/hyderabad-to-vijayawada,Hyderabad to Vijayawada,Sri Hari Tours & Travels,23:35,05h 35m,05:10,3.6,1424,38,Volvo Multi Axle B9R A/C Sleeper (2+1)
https://www.redbus.in/bus-tickets/hyderabad-to-vijayawada,Hyderabad to Vijayawada,CVR Travels,21:50,05h 40m,03:30,3.5,610,36,A/C Seater / Sleeper (2+1)
https://www.redbus.in/bus-tickets/hyderabad-to-vijayawada,Hyderabad to Vijayawada,CVR Travels,22:15,06h 02m,04:17,3.5,890,1,Non A/C Seater / Sleeper (2+1)
https://www.redbus.in/bus-tickets/hyderabad-to-vijayawada,Hyderabad to Vijayawada,KVR Tours and Travels,20:55,05h 10m,02:05,3.4,1129,31,NON A/C Sleeper (2+1)
https://www.redbus.in/bus-tickets/hyderabad-to-vijayawada,Hyderabad to Vijayawada,MSM Tours & Travels,21:04,05h 56m,03:00,3.3,1038,29,A/C Sleeper (2+1)
https://www.redbus.in/bus-tickets/hyderabad-to-vijayawada,Hyderabad to Vijayawada,VNR Tours And Travels,15:10,07h 15m,22:25,3.3,3799,32,A/C Seater / Sleeper (2+1)
https://www.redbus.in/bus-tickets/hyderabad-to-vijayawada,Hyderabad to Vijayawada,Sai Sri Krishna Travels,22:40,05h 50m,04:30,3.3,1899,31,A/C Seater / Sleeper (2+1)
https://www.redbus.in/bus-tickets/hyderabad-to-vijayawada,Hyderabad to Vijayawada,SBT,20:40,08h 20m,05:00,3.1,3000,45,Volvo AC Seater (2+2)
https://www.redbus.in/bus-tickets/hyderabad-to-vijayawada,Hyderabad to Vijayawada,SUNRISE TOUR AND TRAVELS,22:25,06h 25m,04:50,3.0,2850,36,Non A/C Seater / Sleeper (2+1)
https://www.redbus.in/bus-tickets/hyderabad-to-vijayawada,Hyderabad to Vijayawada,J GAGANA TRAVELS,22:15,05h 30m,03:45,2.9,555,28,Non A/C Seater / Sleeper (2+1)
https://www.redbus.in/bus-tickets/hyderabad-to-vijayawada,Hyderabad to Vijayawada,Sai Srinivasa Travels,22:40,06h 10m,04:50,2.9,2999,40,A/C Seater / Sleeper (2+1)
https://www.redbus.in/bus-tickets/hyderabad-to-vijayawada,Hyderabad to Vijayawada,Mahi Trans Solutions,22:35,06h 40m,05:15,2.9,1529,36,Non A/C Seater / Sleeper (2+1)
https://www.redbus.in/bus-tickets/hyderabad-to-vijayawada,Hyderabad to Vijayawada,SSV Travels,23:12,05h 20m,04:32,2.9,2521,40,Non A/C Seater / Sleeper (2+1)
https://www.redbus.in/bus-tickets/hyderabad-to-vijayawada,Hyderabad to Vijayawada,KPM BUS,21:46,06h 29m,04:15,2.8,799,22,NON A/C Sleeper (2+1)
https://www.redbus.in/bus-tickets/hyderabad-to-vijayawada,Hyderabad to Vijayawada,AVR Travels,00:25,05h 15m,05:40,2.6,2500,41,A/C Seater / Sleeper (2+1)
https://www.redbus.in/bus-tickets/hyderabad-to-vijayawada,Hyderabad to Vijayawada,AVR Travels,00:10,05h 15m,05:25,2.6,2500,41,A/C Seater (2+2)
https://www.redbus.in/bus-tickets/hyderabad-to-vijayawada,Hyderabad to Vijayawada,Ajay Bus,21:50,06h 30m,04:20,2.2,499,30,A/C Seater / Sleeper (2+1)
https://www.redbus.in/bus-tickets/hyderabad-to-vijayawada,Hyderabad to Vijayawada,Elegance Tours And Travels Pvt Ltd,18:25,07h 05m,01:30,2.1,1124,13,Bharat Benz A/C Sleeper (2+1)
https://www.redbus.in/bus-tickets/hyderabad-to-vijayawada,Hyderabad to Vijayawada,Elegance Tours And Travels Pvt Ltd,20:25,06h 40m,03:05,2.1,1161,28,Bharat Benz A/C Sleeper (2+1)
https://www.redbus.in/bus-tickets/hyderabad-to-vijayawada,Hyderabad to Vijayawada,SRI VEERANJANEYA TOURS AND TRAVELS,21:30,05h 10m,02:40,1.9,3000,30,NON A/C Sleeper (2+1)
https://www.redbus.in/bus-tickets/hyderabad-to-vijayawada,Hyderabad to Vijayawada,SRI VEERANJANEYA TOURS AND TRAVELS,21:30,05h 10m,02:40,1.9,3000,30,A/C Sleeper (2+1)
https://www.redbus.in/bus-tickets/hyderabad-to-vijayawada,Hyderabad to Vijayawada,Tranzindia Travels,21:45,06h 20m,04:05,1.8,1150,22,VE A/C Sleeper (2+1)
https://www.redbus.in/bus-tickets/hyderabad-to-vijayawada,Hyderabad to Vijayawada,Tranzindia Travels,21:45,05h 30m,03:15,1.8,1111,26,Volvo Multi-Axle A/C Sleeper (2+1)
https://www.redbus.in/bus-tickets/hyderabad-to-vijayawada,Hyderabad to Vijayawada,Sri Rama Travels,22:15,06h 00m,04:15,1.8,610,20,Non A/C Seater / Sleeper (2+1)
https://www.redbus.in/bus-tickets/hyderabad-to-vijayawada,Hyderabad to Vijayawada,Naveen Tours and Travels,19:40,07h 05m,02:45,1.5,1100,34,VE A/C Seater / Sleeper (2+1)
https://www.redbus.in/bus-tickets/hyderabad-to-vijayawada,Hyderabad to Vijayawada,Sai Durga Travels,22:35,06h 25m,05:00,1.6,4750,1,A/C Seater / Sleeper (2+1)
https://www.redbus.in/bus-tickets/hyderabad-to-vijayawada,Hyderabad to Vijayawada,Naveen Tours and Travels,21:20,06h 30m,03:50,1.5,1086,48,A/C Seater / Sleeper (2+1)
https://www.redbus.in/bus-tickets/hyderabad-to-vijayawada,Hyderabad to Vijayawada,Naveen Tours and Travels,21:25,07h 06m,04:31,1.5,1199,44,VE A/C Seater / Sleeper (2+1)
https://www.redbus.in/bus-tickets/vijayawada-to-hyderabad,Vijayawada to Hyderabad,FRESHBUS,22:50,06h 05m,04:55,4.7,485,29,Electric A/C Seater (2+2)
https://www.redbus.in/bus-tickets/vijayawada-to-hyderabad,Vijayawada to Hyderabad,FRESHBUS,17:30,06h 40m,00:10,4.7,431,43,Electric A/C Seater (2+2)
https://www.redbus.in/bus-tickets/vijayawada-to-hyderabad,Vijayawada to Hyderabad,IntrCity SmartBus,23:45,06h 45m,06:30,4.7,809,22,AC Sleeper (2+1)
https://www.redbus.in/bus-tickets/vijayawada-to-hyderabad,Vijayawada to Hyderabad,AdYolo Bus,23:24,06h 19m,05:43,3.9,450,35,A/C Seater/Sleeper (2+1)
https://www.redbus.in/bus-tickets/vijayawada-to-hyderabad,Vijayawada to Hyderabad,FRESHBUS,21:50,06h 00m,03:50,4.6,476,32,Electric A/C Seater (2+2)
https://www.redbus.in/bus-tickets/vijayawada-to-hyderabad,Vijayawada to Hyderabad,FRESHBUS,23:25,06h 05m,05:30,4.6,485,34,Electric A/C Seater (2+2)
https://www.redbus.in/bus-tickets/vijayawada-to-hyderabad,Vijayawada to Hyderabad,FRESHBUS,16:30,06h 40m,23:10,4.6,431,41,Electric A/C Seater (2+2)
https://www.redbus.in/bus-tickets/vijayawada-to-hyderabad,Vijayawada to Hyderabad,AdSai RK Travels,22:10,07h 20m,05:30,3.5,660,31,Non A/C Seater / Sleeper (2+1)
https://www.redbus.in/bus-tickets/vijayawada-to-hyderabad,Vijayawada to Hyderabad,FRESHBUS,12:30,06h 15m,18:45,4.6,333,26,Electric A/C Seater (2+2)
https://www.redbus.in/bus-tickets/vijayawada-to-hyderabad,Vijayawada to Hyderabad,FRESHBUS,10:15,06h 35m,16:50,4.6,333,16,Electric A/C Seater (2+2)
https://www.redbus.in/bus-tickets/vijayawada-to-hyderabad,Vijayawada to Hyderabad,FRESHBUS,11:10,07h 05m,18:15,4.6,333,29,Electric A/C Seater (2+2)
https://www.redbus.in/bus-tickets/vijayawada-to-hyderabad,Vijayawada to Hyderabad,Zingbus Plus,23:40,06h 30m,06:10,4.4,478,30,A/C Seater / Sleeper (2+1)
https://www.redbus.in/bus-tickets/vijayawada-to-hyderabad,Vijayawada to Hyderabad,Sri Durga Malleswari Travels,22:30,07h 15m,05:45,4.4,720,9,A/C Sleeper (2+1)
https://www.redbus.in/bus-tickets/vijayawada-to-hyderabad,Vijayawada to Hyderabad,Sri Durga Malleswari Travels,22:30,07h 00m,05:30,4.1,450,7,A/C Seater / Sleeper (2+1)
https://www.redbus.in/bus-tickets/vijayawada-to-hyderabad,Vijayawada to Hyderabad,FRESHBUS,23:55,06h 10m,06:05,4.6,485,36,Electric A/C Seater (2+2)
https://www.redbus.in/bus-tickets/vijayawada-to-hyderabad,Vijayawada to Hyderabad,IntrCity SmartBus,23:40,06h 30m,06:10,4.6,509,23,A/C Seater / Sleeper (2+1)
https://www.redbus.in/bus-tickets/vijayawada-to-hyderabad,Vijayawada to Hyderabad,Sri Durga Malleswari Travels,22:30,07h 25m,05:55,4.3,675,5,A/C Sleeper (2+1)
https://www.redbus.in/bus-tickets/vijayawada-to-hyderabad,Vijayawada to Hyderabad,IntrCity SmartBus,23:25,06h 50m,06:15,4.5,589,27,A/C Seater / Sleeper (2+1)
https://www.redbus.in/bus-tickets/vijayawada-to-hyderabad,Vijayawada to Hyderabad,Sri Sanvi Tours and Travels,23:25,05h 52m,05:17,4.6,1079,21,A/C Sleeper (2+1)
https://www.redbus.in/bus-tickets/vijayawada-to-hyderabad,Vijayawada to Hyderabad,IntrCity SmartBus,22:45,06h 55m,05:40,4.4,559,25,A/C Seater / Sleeper (2+1)
https://www.redbus.in/bus-tickets/vijayawada-to-hyderabad,Vijayawada to Hyderabad,IntrCity SmartBus,23:45,06h 15m,06:00,4.5,839,18,AC Sleeper (2+1)
https://www.redbus.in/bus-tickets/vijayawada-to-hyderabad,Vijayawada to Hyderabad,NueGo,21:35,07h 45m,05:20,4.4,472,15,Electric A/C Seater/Sleeper (2+1)
https://www.redbus.in/bus-tickets/vijayawada-to-hyderabad,Vijayawada to Hyderabad,IntrCity SmartBus,23:00,06h 35m,05:35,4.4,769,20,AC Sleeper (2+1)
https://www.redbus.in/bus-tickets/vijayawada-to-hyderabad,Vijayawada to Hyderabad,IntrCity SmartBus,23:50,07h 05m,06:55,4.3,759,26,AC Sleeper (2+1)
https://www.redbus.in/bus-tickets/vijayawada-to-hyderabad,Vijayawada to Hyderabad,Yolo Bus,22:40,06h 19m,04:59,4.3,830,22,A/C Sleeper (2+1)
https://www.redbus.in/bus-tickets/vijayawada-to-hyderabad,Vijayawada to Hyderabad,NueGo,10:15,06h 45m,17:00,4.3,332,10,Electric A/C Seater (2+2)
https://www.redbus.in/bus-tickets/vijayawada-to-hyderabad,Vijayawada to Hyderabad,NueGo,14:35,07h 25m,22:00,4.2,427,8,Electric A/C Seater (2+2)
https://www.redbus.in/bus-tickets/vijayawada-to-hyderabad,Vijayawada to Hyderabad,NueGo,10:05,07h 45m,17:50,4.2,332,18,Electric A/C Seater/Sleeper (2+1)
https://www.redbus.in/bus-tickets/vijayawada-to-hyderabad,Vijayawada to Hyderabad,Holidays Tours and Travels,23:45,06h 04m,05:49,4.3,599,14,A/C Seater / Sleeper (2+1)
https://www.redbus.in/bus-tickets/vijayawada-to-hyderabad,Vijayawada to Hyderabad,NueGo,21:50,06h 15m,04:05,4.1,332,19,Electric A/C Seater (2+2)
https://www.redbus.in/bus-tickets/vijayawada-to-hyderabad,Vijayawada to Hyderabad,NueGo,23:00,07h 30m,06:30,4.1,332,18,Electric A/C Seater/Sleeper (2+1)
https://www.redbus.in/bus-tickets/vijayawada-to-hyderabad,Vijayawada to Hyderabad,NueGo,22:30,07h 30m,06:00,4.1,452,18,Electric A/C Seater (2+2)
https://www.redbus.in/bus-tickets/vijayawada-to-hyderabad,Vijayawada to Hyderabad,Sri KVR Travels,23:45,06h 00m,05:45,4.2,1143,25,A/C Sleeper (2+1)
https://www.redbus.in/bus-tickets/vijayawada-to-hyderabad,Vijayawada to Hyderabad,NueGo,22:35,06h 35m,05:10,4.0,411,22,Electric A/C Seater (2+2)
https://www.redbus.in/bus-tickets/vijayawada-to-hyderabad,Vijayawada to Hyderabad,IntrCity SmartBus,23:30,06h 30m,06:00,4.1,809,22,Scania AC Multi Axle Sleeper (2+1)
https://www.redbus.in/bus-tickets/vijayawada-to-hyderabad,Vijayawada to Hyderabad,IntrCity SmartBus,23:25,06h 45m,06:10,4.3,499,17,A/C Seater / Sleeper (2+1)
https://www.redbus.in/bus-tickets/vijayawada-to-hyderabad,Vijayawada to Hyderabad,Sri KVR Travels,22:25,07h 20m,05:45,4.4,610,19,Non A/C Seater / Sleeper (2+1)
https://www.redbus.in/bus-tickets/vijayawada-to-hyderabad,Vijayawada to Hyderabad,Svkdt travels,22:50,07h 15m,06:05,4.1,905,19,A/C Sleeper (2+1)
https://www.redbus.in/bus-tickets/vijayawada-to-hyderabad,Vijayawada to Hyderabad,NueGo,11:35,07h 25m,19:00,4.0,332,14,Electric A/C Seater (2+2)
https://www.redbus.in/bus-tickets/vijayawada-to-hyderabad,Vijayawada to Hyderabad,IntrCity SmartBus,23:15,06h 45m,06:00,3.9,689,23,Scania AC Multi Axle Sleeper (2+1)
https://www.redbus.in/bus-tickets/vijayawada-to-hyderabad,Vijayawada to Hyderabad,NueGo,23:15,06h 32m,05:47,3.9,522,22,Electric A/C Semi Sleeper (2+2)
https://www.redbus.in/bus-tickets/vijayawada-to-hyderabad,Vijayawada to Hyderabad,V Kaveri Travels,23:05,06h 45m,05:50,4.0,650,16,A/C Seater / Sleeper (2+1)
https://www.redbus.in/bus-tickets/vijayawada-to-hyderabad,Vijayawada to Hyderabad,BSR Tours And Travels,23:50,06h 25m,06:15,4.8,1180,10,A/C Sleeper (2+1)
https://www.redbus.in/bus-tickets/vijayawada-to-hyderabad,Vijayawada to Hyderabad,Svkdt travels,22:30,07h 10m,05:40,4.0,714,9,A/C Seater / Sleeper (2+1)
https://www.redbus.in/bus-tickets/vijayawada-to-hyderabad,Vijayawada to Hyderabad,Svkdt travels,23:15,06h 54m,06:09,3.9,890,24,A/C Sleeper (2+1)
https://www.redbus.in/bus-tickets/vijayawada-to-hyderabad,Vijayawada to Hyderabad,NueGo,17:35,06h 42m,00:17,4.4,410,27,Electric A/C Semi Sleeper (2+2)
https://www.redbus.in/bus-tickets/vijayawada-to-hyderabad,Vijayawada to Hyderabad,Tirumala Xpress,23:20,06h 54m,06:14,3.7,629,14,A/C Sleeper (2+1)
https://www.redbus.in/bus-tickets/vijayawada-to-hyderabad,Vijayawada to Hyderabad,Anjani Bus,23:15,06h 02m,05:17,3.9,549,31,A/C Seater / Sleeper (2+1)
https://www.redbus.in/bus-tickets/vijayawada-to-hyderabad,Vijayawada to Hyderabad,Vikram Travels,23:45,06h 25m,06:10,5.0,715,14,VE A/C Sleeper (2+1)
https://www.redbus.in/bus-tickets/vijayawada-to-hyderabad,Vijayawada to Hyderabad,NueGo,23:25,07h 50m,07:15,4.0,569,7,Electric A/C Sleeper (2+1)
https://www.redbus.in/bus-tickets/vijayawada-to-hyderabad,Vijayawada to Hyderabad,LVP Travels,22:57,06h 33m,05:30,4.4,610,21,A/C Seater / Sleeper (2+1)
https://www.redbus.in/bus-tickets/vijayawada-to-hyderabad,Vijayawada to Hyderabad,Kaveri Travels,23:57,06h 03m,06:00,3.8,1080,24,Volvo Multi Axle A/C Sleeper I-Shift B11R (2+1)
https://www.redbus.in/bus-tickets/vijayawada-to-hyderabad,Vijayawada to Hyderabad,NueGo,23:50,07h 22m,07:12,3.9,588,14,Electric A/C Semi Sleeper (2+2)
https://www.redbus.in/bus-tickets/vijayawada-to-hyderabad,Vijayawada to Hyderabad,Sri Sanvi Tours and Travels,23:35,05h 42m,05:17,4.3,1079,24,A/C Sleeper (2+1)
https://www.redbus.in/bus-tickets/vijayawada-to-hyderabad,Vijayawada to Hyderabad,NueGo,23:35,06h 52m,06:27,4.2,404,15,Electric A/C Semi Sleeper (2+2)
https://www.redbus.in/bus-tickets/vijayawada-to-hyderabad,Vijayawada to Hyderabad,V Kaveri Travels,22:55,07h 00m,05:55,4.0,650,20,A/C Seater / Sleeper (2+1)
https://www.redbus.in/bus-tickets/vijayawada-to-hyderabad,Vijayawada to Hyderabad,V Kaveri Travels,22:45,06h 15m,05:00,4.0,700,25,Non A/C Seater / Sleeper (2+1)
https://www.redbus.in/bus-tickets/vijayawada-to-hyderabad,Vijayawada to Hyderabad,Sri Venkata Padmavathi Travels,22:20,07h 42m,06:02,3.8,598,34,Non A/C Seater / Sleeper (2+1)
https://www.redbus.in/bus-tickets/vijayawada-to-hyderabad,Vijayawada to Hyderabad,NueGo,11:20,06h 42m,18:02,4.8,379,13,Electric A/C Semi Sleeper (2+2)
https://www.redbus.in/bus-tickets/vijayawada-to-hyderabad,Vijayawada to Hyderabad,Anusha Travels,23:20,06h 12m,05:32,3.5,699,26,A/C Sleeper (2+1)
https://www.redbus.in/bus-tickets/vijayawada-to-hyderabad,Vijayawada to Hyderabad,Taruni Trans & Logistics,22:30,08h 50m,07:20,3.5,3000,30,A/C Sleeper (2+1)
https://www.redbus.in/bus-tickets/vijayawada-to-hyderabad,Vijayawada to Hyderabad,Garuda Travels,22:30,06h 25m,04:55,3.5,1620,2,NON A/C Sleeper (2+1)
https://www.redbus.in/bus-tickets/vijayawada-to-hyderabad,Vijayawada to Hyderabad,Go Tour Travels and Holidays,23:55,06h 10m,06:05,3.9,757,21,A/C Seater / Sleeper (2+1)
https://www.redbus.in/bus-tickets/vijayawada-to-hyderabad,Vijayawada to Hyderabad,Yolo Bus,14:30,06h 10m,20:40,3.1,400,32,Bharat Benz A/C Seater /Sleeper (2+1)
https://www.redbus.in/bus-tickets/vijayawada-to-hyderabad,Vijayawada to Hyderabad,Zingbus Plus,23:55,07h 00m,06:55,3.6,1264,24,A/C Sleeper (2+1)
https://www.redbus.in/bus-tickets/vijayawada-to-hyderabad,Vijayawada to Hyderabad,Sri KVR Travels,23:20,06h 05m,05:25,3.4,628,37,Non A/C Seater / Sleeper (2+1)
https://www.redbus.in/bus-tickets/vijayawada-to-hyderabad,Vijayawada to Hyderabad,Royal Varma Travels,22:28,06h 49m,05:17,3.7,1080,20,A/C Sleeper (2+1)
https://www.redbus.in/bus-tickets/vijayawada-to-hyderabad,Vijayawada to Hyderabad,IntrCity SmartBus,22:25,07h 40m,06:05,4.6,879,21,AC Sleeper (2+1)
https://www.redbus.in/bus-tickets/vijayawada-to-hyderabad,Vijayawada to Hyderabad,Sri Sai Srinivasa Travels,22:00,06h 57m,04:57,3.9,550,28,Non A/C Seater / Sleeper (2+1)
https://www.redbus.in/bus-tickets/vijayawada-to-hyderabad,Vijayawada to Hyderabad,NueGo,23:50,06h 08m,05:58,4.2,1088,7,Electric A/C Sleeper (2+1)
https://www.redbus.in/bus-tickets/vijayawada-to-hyderabad,Vijayawada to Hyderabad,IntrCity SmartBus,22:00,07h 40m,05:40,3.9,599,24,VE A/C Seater / Sleeper (2+1)
https://www.redbus.in/bus-tickets/vijayawada-to-hyderabad,Vijayawada to Hyderabad,Sai Srinivasa Travels,22:05,06h 55m,05:00,4.1,570,25,Non A/C Seater / Sleeper (2+1)
https://www.redbus.in/bus-tickets/vijayawada-to-hyderabad,Vijayawada to Hyderabad,NueGo,11:30,06h 52m,18:22,3.2,406,13,Electric A/C Semi Sleeper (2+2)
https://www.redbus.in/bus-tickets/vijayawada-to-hyderabad,Vijayawada to Hyderabad,Sri Atluri Travels,22:15,06h 30m,04:45,3.9,610,21,A/C Seater / Sleeper (2+1)
https://www.redbus.in/bus-tickets/vijayawada-to-hyderabad,Vijayawada to Hyderabad,LG BUS,23:45,06h 18m,06:03,4.5,1280,20,Bharat Benz A/C Sleeper (2+1)
https://www.redbus.in/bus-tickets/vijayawada-to-hyderabad,Vijayawada to Hyderabad,Eswar Travels,22:35,07h 15m,05:50,3.9,650,29,A/C Seater / Sleeper (2+1)
https://www.redbus.in/bus-tickets/vijayawada-to-hyderabad,Vijayawada to Hyderabad,Vikram Travels,15:15,04h 45m,20:00,4.4,3059,2,VE A/C Sleeper (2+1)
https://www.redbus.in/bus-tickets/vijayawada-to-hyderabad,Vijayawada to Hyderabad,Morning Star Travels,23:30,06h 10m,05:40,3.4,750,21,NON A/C Sleeper (2+1)
https://www.redbus.in/bus-tickets/vijayawada-to-hyderabad,Vijayawada to Hyderabad,Yolo Bus,23:05,07h 54m,06:59,3.5,860,23,Bharat Benz A/C Sleeper (2+1)
https://www.redbus.in/bus-tickets/vijayawada-to-hyderabad,Vijayawada to Hyderabad,V Kaveri Travels,23:51,06h 39m,06:30,4.1,1000,24,A/C Sleeper (2+1)
https://www.redbus.in/bus-tickets/vijayawada-to-hyderabad,Vijayawada to Hyderabad,IntrCity SmartBus,23:50,07h 05m,06:55,4.1,679,26,Bharat Benz A/C Seater /Sleeper (2+1)
https://www.redbus.in/bus-tickets/vijayawada-to-hyderabad,Vijayawada to Hyderabad,Sri KVR Travels,01:15,05h 50m,07:05,4.6,1090,35,A/C Seater / Sleeper (2+1)
https://www.redbus.in/bus-tickets/vijayawada-to-hyderabad,Vijayawada to Hyderabad,Yolo Bus,22:39,06h 10m,04:49,3.4,450,30,Bharat Benz A/C Seater /Sleeper (2+1)
https://www.redbus.in/bus-tickets/vijayawada-to-hyderabad,Vijayawada to Hyderabad,Yolo Bus,23:49,06h 11m,06:00,4.6,780,20,Bharat Benz A/C Sleeper (2+1)
https://www.redbus.in/bus-tickets/vijayawada-to-hyderabad,Vijayawada to Hyderabad,Morning Star Travels,22:15,07h 00m,05:15,3.2,990,23,A/C Sleeper (2+1)
https://www.redbus.in/bus-tickets/vijayawada-to-hyderabad,Vijayawada to Hyderabad,Sudha Sri Tours and Travels,22:55,06h 25m,05:20,3.3,650,22,A/C Sleeper (2+1)
https://www.redbus.in/bus-tickets/vijayawada-to-hyderabad,Vijayawada to Hyderabad,Prasanna Travels,22:50,06h 10m,05:00,3.3,600,29,A/C Seater / Sleeper (2+1)
https://www.redbus.in/bus-tickets/vijayawada-to-hyderabad,Vijayawada to Hyderabad,Yolo Bus,23:21,07h 12m,06:33,3.6,450,19,Bharat Benz A/C Seater /Sleeper (2+1)
https://www.redbus.in/bus-tickets/vijayawada-to-hyderabad,Vijayawada to Hyderabad,LG BUS,23:55,06h 13m,06:08,4.6,980,22,Bharat Benz A/C Seater /Sleeper (2+1)
https://www.redbus.in/bus-tickets/vijayawada-to-hyderabad,Vijayawada to Hyderabad,Tirumala Travels,23:00,06h 00m,05:00,4.9,949,11,A/C Sleeper (2+1)
https://www.redbus.in/bus-tickets/vijayawada-to-hyderabad,Vijayawada to Hyderabad,Sai Srinivasa Travels,22:15,07h 30m,05:45,3.4,570,23,Non A/C Seater / Sleeper (2+1)
https://www.redbus.in/bus-tickets/vijayawada-to-hyderabad,Vijayawada to Hyderabad,AVR Travels,23:00,06h 45m,05:45,2.8,1049,26,A/C Seater / Sleeper (2+1)
https://www.redbus.in/bus-tickets/vijayawada-to-hyderabad,Vijayawada to Hyderabad,GO BUS,23:15,06h 40m,05:55,3.8,570,23,Non A/C Seater / Sleeper (2+1)
https://www.redbus.in/bus-tickets/vijayawada-to-hyderabad,Vijayawada to Hyderabad,DMR Travels,23:50,06h 35m,06:25,4.5,560,25,Non A/C Seater / Sleeper (2+1)
https://www.redbus.in/bus-tickets/vijayawada-to-hyderabad,Vijayawada to Hyderabad,KKaveri Travels,23:00,06h 50m,05:50,3.6,780,17,Non A/C Seater / Sleeper (2+1)
https://www.redbus.in/bus-tickets/vijayawada-to-hyderabad,Vijayawada to Hyderabad,SVM Tours And Travels,23:59,06h 41m,06:40,4.8,555,23,Non A/C Seater / Sleeper (2+1)
https://www.redbus.in/bus-tickets/vijayawada-to-hyderabad,Vijayawada to Hyderabad,Morning Star Travels,22:40,07h 10m,05:50,2.5,990,13,A/C Sleeper (2+1)
https://www.redbus.in/bus-tickets/vijayawada-to-hyderabad,Vijayawada to Hyderabad,Siri Tours and Travels,00:02,06h 11m,06:13,4.8,560,32,Non A/C Seater / Sleeper (2+1)
https://www.redbus.in/bus-tickets/vijayawada-to-hyderabad,Vijayawada to Hyderabad,SAI VAISHNAVI TRAVELS,23:59,06h 03m,06:02,4.4,599,31,Non A/C Seater / Sleeper (2+1)
https://www.redbus.in/bus-tickets/vijayawada-to-hyderabad,Vijayawada to Hyderabad,Sri Ganga Travels,23:00,05h 50m,04:50,3.3,599,27,A/C Seater / Sleeper (2+1)
https://www.redbus.in/bus-tickets/vijayawada-to-hyderabad,Vijayawada to Hyderabad,Royal Varma Travels,22:00,07h 15m,05:15,3.2,650,23,A/C Seater / Sleeper (2+1)
https://www.redbus.in/bus-tickets/vijayawada-to-hyderabad,Vijayawada to Hyderabad,Laharisa Tours and Travels,23:05,06h 05m,05:10,3.2,600,28,Non A/C Seater / Sleeper (2+1)
https://www.redbus.in/bus-tickets/vijayawada-to-hyderabad,Vijayawada to Hyderabad,Orange Tours and Travels,23:45,06h 15m,06:00,2.7,800,19,Bharat Benz A/C Sleeper (2+1)
https://www.redbus.in/bus-tickets/vijayawada-to-hyderabad,Vijayawada to Hyderabad,Nani’s Sai Krishna Travels,22:40,06h 55m,05:35,3.1,700,27,Non A/C Seater / Sleeper (2+1)
https://www.redbus.in/bus-tickets/vijayawada-to-hyderabad,Vijayawada to Hyderabad,Sai Sri Krishna Travels,00:25,06h 27m,06:52,3.2,600,29,A/C Seater / Sleeper (2+1)
https://www.redbus.in/bus-tickets/vijayawada-to-hyderabad,Vijayawada to Hyderabad,KKaveri Travels,23:25,06h 25m,05:50,4.2,700,24,Non A/C Seater / Sleeper (2+1)
https://www.redbus.in/bus-tickets/vijayawada-to-hyderabad,Vijayawada to Hyderabad,Sri Atluri Travels,23:30,06h 20m,05:50,3.8,610,24,Non A/C Seater / Sleeper (2+1)
https://www.redbus.in/bus-tickets/vijayawada-to-hyderabad,Vijayawada to Hyderabad,Sai Sri Durga Travels,23:05,07h 32m,06:37,2.6,799,34,Non A/C Seater / Sleeper (2+1)
https://www.redbus.in/bus-tickets/vijayawada-to-hyderabad,Vijayawada to Hyderabad,Orange Tours and Travels,23:55,06h 15m,06:10,2.6,1000,10,Bharat Benz A/C Sleeper (2+1)
https://www.redbus.in/bus-tickets/vijayawada-to-hyderabad,Vijayawada to Hyderabad,Sri KVR Travels,23:10,07h 15m,06:25,3.0,560,15,Non A/C Seater / Sleeper (2+1)
https://www.redbus.in/bus-tickets/vijayawada-to-hyderabad,Vijayawada to Hyderabad,Sai Srinivasa Travels,22:35,07h 10m,05:45,3.2,800,19,A/C Sleeper (2+1)
https://www.redbus.in/bus-tickets/vijayawada-to-hyderabad,Vijayawada to Hyderabad,Sri Sai Anjana Tours and Travels,23:59,06h 41m,06:40,4.2,499,26,Non A/C Seater / Sleeper (2+1)
https://www.redbus.in/bus-tickets/vijayawada-to-hyderabad,Vijayawada to Hyderabad,LVP Travels,23:53,07h 22m,07:15,3.5,780,29,A/C Seater / Sleeper (2+1)
https://www.redbus.in/bus-tickets/vijayawada-to-hyderabad,Vijayawada to Hyderabad,SAMANVI CITICONNECT,00:10,06h 10m,06:20,3.9,489,22,Non A/C Seater / Sleeper (2+1)
https://www.redbus.in/bus-tickets/vijayawada-to-hyderabad,Vijayawada to Hyderabad,AVR Travels,23:00,06h 40m,05:40,3.6,444,18,A/C Seater / Sleeper (2+1)
https://www.redbus.in/bus-tickets/vijayawada-to-hyderabad,Vijayawada to Hyderabad,LVP Travels,23:45,06h 15m,06:00,3.9,780,32,A/C Seater / Sleeper (2+1)
https://www.redbus.in/bus-tickets/vijayawada-to-hyderabad,Vijayawada to Hyderabad,SUNRISE TOUR AND TRAVELS,23:59,05h 41m,05:40,3.5,560,30,Non A/C Seater / Sleeper (2+1)
https://www.redbus.in/bus-tickets/vijayawada-to-hyderabad,Vijayawada to Hyderabad,Morning Star Travels,15:30,07h 35m,23:05,2.5,990,11,A/C Sleeper (2+1)
https://www.redbus.in/bus-tickets/vijayawada-to-hyderabad,Vijayawada to Hyderabad,Mayuri Travels,23:55,06h 55m,06:50,2.9,1220,30,A/C Sleeper (2+1)
https://www.redbus.in/bus-tickets/vijayawada-to-hyderabad,Vijayawada to Hyderabad,Mahi Trans Solutions,23:53,06h 12m,06:05,3.1,504,31,Non A/C Seater / Sleeper (2+1)
https://www.redbus.in/bus-tickets/vijayawada-to-hyderabad,Vijayawada to Hyderabad,Sai Dasari Travels,22:29,07h 01m,05:30,2.6,500,21,Non A/C Seater / Sleeper (2+1)
https://www.redbus.in/bus-tickets/vijayawada-to-hyderabad,Vijayawada to Hyderabad,Sai Dasari Travels,22:37,06h 42m,05:19,2.1,850,22,Volvo Multi-Axle A/C Sleeper (2+1)
https://www.redbus.in/bus-tickets/vijayawada-to-hyderabad,Vijayawada to Hyderabad,Siri Tours and Travels,23:25,06h 15m,05:40,3.1,1190,7,A/C Sleeper (2+1)
https://www.redbus.in/bus-tickets/vijayawada-to-hyderabad,Vijayawada to Hyderabad,Sri KVR Travels,00:30,06h 25m,06:55,2.9,890,26,NON A/C Sleeper (2+1)
https://www.redbus.in/bus-tickets/vijayawada-to-hyderabad,Vijayawada to Hyderabad,Sitara Travels,23:00,06h 20m,05:20,3.4,499,28,NON A/C Push Back (2+2)
https://www.redbus.in/bus-tickets/vijayawada-to-hyderabad,Vijayawada to Hyderabad,Sri KVR Travels,00:40,05h 20m,06:00,3.6,560,19,Non A/C Seater / Sleeper (2+1)
https://www.redbus.in/bus-tickets/vijayawada-to-hyderabad,Vijayawada to Hyderabad,Surya Travels,23:25,05h 15m,04:40,2.8,599,35,Volvo Multi Axle A/C Sleeper I-Shift B11R (2+1)
https://www.redbus.in/bus-tickets/vijayawada-to-hyderabad,Vijayawada to Hyderabad,Morning Star Travels,01:30,05h 20m,06:50,3.0,1090,24,A/C Sleeper (2+1)
https://www.redbus.in/bus-tickets/vijayawada-to-hyderabad,Vijayawada to Hyderabad,Sai RK Travels,22:55,07h 05m,06:00,3.0,1949,33,Non A/C Seater / Sleeper (2+1)
https://www.redbus.in/bus-tickets/vijayawada-to-hyderabad,Vijayawada to Hyderabad,Komali Travels,23:59,07h 11m,07:10,2.9,670,31,A/C Seater / Sleeper (2+1)
https://www.redbus.in/bus-tickets/vijayawada-to-hyderabad,Vijayawada to Hyderabad,Padma Travels,23:30,07h 05m,06:35,3.2,499,25,Non A/C Seater / Sleeper (2+1)
https://www.redbus.in/bus-tickets/vijayawada-to-hyderabad,Vijayawada to Hyderabad,Sri KVR Travels,23:59,06h 28m,06:27,3.5,499,18,Non A/C Seater / Sleeper (2+1)
https://www.redbus.in/bus-tickets/vijayawada-to-hyderabad,Vijayawada to Hyderabad,Prasanna Travels,23:05,06h 40m,05:45,2.8,602,34,A/C Seater / Sleeper (2+1)
https://www.redbus.in/bus-tickets/vijayawada-to-hyderabad,Vijayawada to Hyderabad,Eswar Travels,23:00,07h 15m,06:15,2.5,599,36,Non A/C Seater / Sleeper (2+1)
https://www.redbus.in/bus-tickets/vijayawada-to-hyderabad,Vijayawada to Hyderabad,Orange Tours and Travels,00:15,05h 45m,06:00,2.7,500,17,NON A/C Seater/ Sleeper (2+1)
https://www.redbus.in/bus-tickets/vijayawada-to-hyderabad,Vijayawada to Hyderabad,Yolo Bus,22:43,06h 19m,05:02,2.5,560,28,A/C Seater / Sleeper (2+1)
https://www.redbus.in/bus-tickets/vijayawada-to-hyderabad,Vijayawada to Hyderabad,Sai RK Travels,23:30,06h 22m,05:52,3.1,499,23,Non A/C Seater / Sleeper (2+1)
https://www.redbus.in/bus-tickets/vijayawada-to-hyderabad,Vijayawada to Hyderabad,Sri Sai Anjana Tours and Travels,23:45,05h 24m,05:09,2.7,399,19,Non A/C Seater / Sleeper (2+1)
https://www.redbus.in/bus-tickets/vijayawada-to-hyderabad,Vijayawada to Hyderabad,Morning Star Travels,23:35,06h 05m,05:40,2.3,990,21,A/C Sleeper (2+1)
https://www.redbus.in/bus-tickets/vijayawada-to-hyderabad,Vijayawada to Hyderabad,Mayuri Travels,23:55,05h 05m,05:00,3.1,500,29,Non A/C Seater / Sleeper (2+1)
https://www.redbus.in/bus-tickets/vijayawada-to-hyderabad,Vijayawada to Hyderabad,Sri Venkata Padmavathi Travels,23:20,07h 00m,06:20,2.6,657,16,A/C Seater / Sleeper (2+1)
https://www.redbus.in/bus-tickets/vijayawada-to-hyderabad,Vijayawada to Hyderabad,BSR Tours And Travels,23:59,07h 11m,07:10,2.9,780,19,A/C Seater / Sleeper (2+1)
https://www.redbus.in/bus-tickets/vijayawada-to-hyderabad,Vijayawada to Hyderabad,Mahi Trans Solutions,23:59,06h 07m,06:06,2.7,603,26,Non A/C Seater / Sleeper (2+1)
https://www.redbus.in/bus-tickets/vijayawada-to-hyderabad,Vijayawada to Hyderabad,Sri Siddi Ganapathi Travels,00:20,06h 30m,06:50,2.4,609,21,A/C Seater / Sleeper (2+1)
https://www.redbus.in/bus-tickets/vijayawada-to-hyderabad,Vijayawada to Hyderabad,Orange Tours and Travels,15:20,06h 10m,21:30,1.9,800,7,A/C Sleeper (2+1)
https://www.redbus.in/bus-tickets/vijayawada-to-hyderabad,Vijayawada to Hyderabad,SRI INDRAKEELADRI TRAVELS,23:55,06h 40m,06:35,2.7,899,8,Non A/C Seater / Sleeper (2+1)
https://www.redbus.in/bus-tickets/vijayawada-to-hyderabad,Vijayawada to Hyderabad,VAHINI Travels,23:50,06h 37m,06:27,2.7,560,32,Non A/C Seater / Sleeper (2+1)
https://www.redbus.in/bus-tickets/vijayawada-to-hyderabad,Vijayawada to Hyderabad,Navayuga Travels,00:25,06h 16m,06:41,2.4,560,35,NON AC Seater / Sleeper 2+1
https://www.redbus.in/bus-tickets/vijayawada-to-hyderabad,Vijayawada to Hyderabad,Sri Srinivasa Tours and Travels,23:40,06h 02m,05:42,2.3,846,22,A/C Sleeper (2+1)
https://www.redbus.in/bus-tickets/vijayawada-to-hyderabad,Vijayawada to Hyderabad,Ramana Tours And Travels,01:00,05h 10m,06:10,2.6,610,18,Non A/C Seater / Sleeper (2+1)
https://www.redbus.in/bus-tickets/vijayawada-to-hyderabad,Vijayawada to Hyderabad,Nani Svkdt Travels,23:20,06h 06m,05:26,2.3,899,18,A/C Sleeper (2+1)
https://www.redbus.in/bus-tickets/vijayawada-to-hyderabad,Vijayawada to Hyderabad,Apple Travels,23:30,07h 05m,06:35,2.5,555,37,Non A/C Seater / Sleeper (2+1)
https://www.redbus.in/bus-tickets/vijayawada-to-hyderabad,Vijayawada to Hyderabad,Sri Atluri Travels,22:45,06h 05m,04:50,2.3,560,22,Non A/C Seater / Sleeper (2+1)
https://www.redbus.in/bus-tickets/vijayawada-to-hyderabad,Vijayawada to Hyderabad,LVR Travels,23:30,06h 55m,06:25,2.6,449,31,Non A/C Seater / Sleeper (2+1)
https://www.redbus.in/bus-tickets/vijayawada-to-hyderabad,Vijayawada to Hyderabad,Siri Tours and Travels,23:35,06h 05m,05:40,1.5,990,20,A/C Sleeper (2+1)
https://www.redbus.in/bus-tickets/vijayawada-to-hyderabad,Vijayawada to Hyderabad,Venkteshwara Travels,15:30,06h 00m,21:30,3.2,499,10,Bharat Benz A/C Sleeper (2+1)
https://www.redbus.in/bus-tickets/vijayawada-to-hyderabad,Vijayawada to Hyderabad,DSM TRAVELS,23:59,06h 41m,06:40,4.1,599,16,A/C Seater / Sleeper (2+1)
https://www.redbus.in/bus-tickets/vijayawada-to-hyderabad,Vijayawada to Hyderabad,SBS Tours and Travels,23:59,06h 16m,06:15,4.0,499,27,Non A/C Seater / Sleeper (2+1)
https://www.redbus.in/bus-tickets/vijayawada-to-hyderabad,Vijayawada to Hyderabad,S S N L Travels,22:45,06h 07m,04:52,3.5,580,25,A/C Seater / Sleeper (2+1)
https://www.redbus.in/bus-tickets/vijayawada-to-hyderabad,Vijayawada to Hyderabad,DMR Travels,23:29,06h 51m,06:20,3.9,999,28,A/C Sleeper (2+1)
https://www.redbus.in/bus-tickets/vijayawada-to-hyderabad,Vijayawada to Hyderabad,DMR Travels,23:29,06h 06m,05:35,3.9,500,24,Non A/C Seater / Sleeper (2+1)
https://www.redbus.in/bus-tickets/vijayawada-to-hyderabad,Vijayawada to Hyderabad,Sree Gowtham Travels,22:45,06h 31m,05:16,3.9,900,18,A/C Sleeper (2+1)
https://www.redbus.in/bus-tickets/vijayawada-to-hyderabad,Vijayawada to Hyderabad,KTR TRAVELS,22:30,08h 00m,06:30,3.9,1099,3,Non A/C Seater / Sleeper (2+1)
https://www.redbus.in/bus-tickets/vijayawada-to-hyderabad,Vijayawada to Hyderabad,SAMANVI CITICONNECT,23:55,07h 20m,07:15,3.9,560,35,Non A/C Seater / Sleeper (2+1)
https://www.redbus.in/bus-tickets/vijayawada-to-hyderabad,Vijayawada to Hyderabad,DMR Travels,23:59,06h 26m,06:25,3.9,670,23,Non A/C Seater / Sleeper (2+1)
https://www.redbus.in/bus-tickets/vijayawada-to-hyderabad,Vijayawada to Hyderabad,DMR Travels,23:59,06h 23m,06:22,3.9,999,29,A/C Sleeper (2+1)
https://www.redbus.in/bus-tickets/vijayawada-to-hyderabad,Vijayawada to Hyderabad,SREE KARA TRAVELS,23:59,06h 21m,06:20,3.9,610,33,Non A/C Seater / Sleeper (2+1)
https://www.redbus.in/bus-tickets/vijayawada-to-hyderabad,Vijayawada to Hyderabad,KTR TRAVELS,23:45,06h 25m,06:10,3.9,1099,8,Non A/C Seater / Sleeper (2+1)
https://www.redbus.in/bus-tickets/vijayawada-to-hyderabad,Vijayawada to Hyderabad,Sri KVR Travels,23:55,06h 30m,06:25,3.8,610,22,Non A/C Seater / Sleeper (2+1)
https://www.redbus.in/bus-tickets/vijayawada-to-hyderabad,Vijayawada to Hyderabad,Sri KVR Travels,00:12,06h 38m,06:50,3.8,1050,8,Non A/C Seater / Sleeper (2+1)
https://www.redbus.in/bus-tickets/vijayawada-to-hyderabad,Vijayawada to Hyderabad,SREE CHAKRA TRAVELS,23:55,07h 00m,06:55,3.7,3000,40,Non A/C Seater / Sleeper (2+1)
https://www.redbus.in/bus-tickets/vijayawada-to-hyderabad,Vijayawada to Hyderabad,Sri Atluri Travels,23:25,06h 23m,05:48,3.6,610,27,NON AC Seater / Sleeper 2+1
https://www.redbus.in/bus-tickets/vijayawada-to-hyderabad,Vijayawada to Hyderabad,Ravindra Tours and Travels,23:59,05h 49m,05:48,3.5,888,23,Volvo Multi Axle B9R A/C Sleeper (2+1)
https://www.redbus.in/bus-tickets/vijayawada-to-hyderabad,Vijayawada to Hyderabad,KRT Tours and Travels,23:20,06h 20m,05:40,3.5,750,23,A/C Seater / Sleeper (2+1)
https://www.redbus.in/bus-tickets/vijayawada-to-hyderabad,Vijayawada to Hyderabad,Ajay Bus,23:59,08h 34m,08:33,3.5,4000,1,Non A/C Seater / Sleeper (2+1)
https://www.redbus.in/bus-tickets/vijayawada-to-hyderabad,Vijayawada to Hyderabad,PCR Travels,23:40,07h 32m,07:12,3.4,899,30,Non A/C Seater / Sleeper (2+1)
https://www.redbus.in/bus-tickets/vijayawada-to-hyderabad,Vijayawada to Hyderabad,FlixBus,10:30,07h 35m,18:05,4.5,551.79,19,Electric A/C Semi Sleeper (2+2)
https://www.redbus.in/bus-tickets/vijayawada-to-hyderabad,Vijayawada to Hyderabad,FlixBus,23:45,07h 10m,06:55,3.6,551.79,19,Electric A/C Semi Sleeper (2+2)
https://www.redbus.in/bus-tickets/vijayawada-to-hyderabad,Vijayawada to Hyderabad,MSM Tours & Travels,23:45,05h 20m,05:05,3.3,2666,21,Volvo Multi Axle A/C Sleeper I-Shift B11R (2+1)
https://www.redbus.in/bus-tickets/vijayawada-to-hyderabad,Vijayawada to Hyderabad,Sai Godavari Travels,01:15,05h 00m,06:15,3.3,580,31,Non A/C Seater / Sleeper (2+1)
https://www.redbus.in/bus-tickets/vijayawada-to-hyderabad,Vijayawada to Hyderabad,Vinay's Tours and Travels,23:10,06h 55m,06:05,3.7,800,24,A/C Sleeper (2+1)
https://www.redbus.in/bus-tickets/vijayawada-to-hyderabad,Vijayawada to Hyderabad,Sri Krishna Travels,23:35,07h 12m,06:47,3.8,999,31,Volvo Multi-Axle A/C Sleeper (2+1)
https://www.redbus.in/bus-tickets/vijayawada-to-hyderabad,Vijayawada to Hyderabad,Rainbow Tours And Travels,23:58,06h 34m,06:32,3.2,670,26,A/C Seater/Sleeper (2+1)
https://www.redbus.in/bus-tickets/vijayawada-to-hyderabad,Vijayawada to Hyderabad,Prasanna Travels,22:40,06h 50m,05:30,3.1,4000,24,A/C Sleeper (2+1)
https://www.redbus.in/bus-tickets/vijayawada-to-hyderabad,Vijayawada to Hyderabad,Mayuri Travels,23:59,06h 51m,06:50,3.1,500,30,Non A/C Seater / Sleeper (2+1)
https://www.redbus.in/bus-tickets/vijayawada-to-hyderabad,Vijayawada to Hyderabad,J GAGANA TRAVELS,00:15,05h 05m,05:20,3.0,599,28,Non A/C Seater / Sleeper (2+1)
https://www.redbus.in/bus-tickets/vijayawada-to-hyderabad,Vijayawada to Hyderabad,Kakathiya Travels,23:59,07h 17m,07:16,3.1,647,24,NON A/C Sleeper (2+1)
https://www.redbus.in/bus-tickets/vijayawada-to-hyderabad,Vijayawada to Hyderabad,KVR Tours and Travels,23:30,06h 05m,05:35,3.0,2850,34,A/C Sleeper (2+1)
https://www.redbus.in/bus-tickets/vijayawada-to-hyderabad,Vijayawada to Hyderabad,Chandu Travels,23:45,06h 10m,05:55,2.7,779,19,A/C Sleeper (2+1)
https://www.redbus.in/bus-tickets/vijayawada-to-hyderabad,Vijayawada to Hyderabad,Komali Travels,00:29,06h 31m,07:00,2.7,610,30,Non A/C Seater / Sleeper (2+1)
https://www.redbus.in/bus-tickets/vijayawada-to-hyderabad,Vijayawada to Hyderabad,Vinay's Tours and Travels,22:30,07h 30m,06:00,2.1,800,24,A/C Sleeper (2+1)
https://www.redbus.in/bus-tickets/vijayawada-to-hyderabad,Vijayawada to Hyderabad,Prasanna Travels,23:05,06h 40m,05:45,1.8,650,31,A/C Seater / Sleeper (2+1)
https://www.redbus.in/bus-tickets/vijayawada-to-hyderabad,Vijayawada to Hyderabad,CVR Express,22:45,07h 35m,06:20,1.5,3600,31,Non A/C Seater / Sleeper (2+1)
https://www.redbus.in/bus-tickets/vijayawada-to-hyderabad,Vijayawada to Hyderabad,REDLINES TOURS AND TRAVELS,23:30,06h 25m,05:55,1.2,3000,34,A/C Seater / Sleeper (2+1)
https://www.redbus.in/bus-tickets/vijayawada-to-hyderabad,Vijayawada to Hyderabad,Siri Tours and Travels,00:02,06h 15m,06:17,2.9,670,15,A/C Seater / Sleeper (2+1)
https://www.redbus.in/bus-tickets/vijayawada-to-hyderabad,Vijayawada to Hyderabad,Siri Tours and Travels,23:40,06h 49m,06:29,2.9,610,27,Non A/C Seater / Sleeper (2+1)
https://www.redbus.in/bus-tickets/vijayawada-to-hyderabad,Vijayawada to Hyderabad,SREE VENKATESHWARA TRAVELS,23:59,06h 59m,06:58,2.9,890,22,A/C Seater / Sleeper (2+1)
https://www.redbus.in/bus-tickets/vijayawada-to-hyderabad,Vijayawada to Hyderabad,Vinay's Tours and Travels,22:45,07h 10m,05:55,2.8,990,23,A/C Sleeper (2+1)
https://www.redbus.in/bus-tickets/vijayawada-to-hyderabad,Vijayawada to Hyderabad,KPM BUS,23:25,06h 15m,05:40,2.8,299,24,A/C Sleeper (2+1)
https://www.redbus.in/bus-tickets/vijayawada-to-hyderabad,Vijayawada to Hyderabad,Chandu Travels,23:59,05h 56m,05:55,2.7,637,26,A/C Seater/Sleeper (2+1)
https://www.redbus.in/bus-tickets/vijayawada-to-hyderabad,Vijayawada to Hyderabad,LVR Travels,23:59,05h 48m,05:47,2.6,486,23,Non A/C Seater / Sleeper (2+1)
https://www.redbus.in/bus-tickets/vijayawada-to-hyderabad,Vijayawada to Hyderabad,LVR Travels,23:45,05h 40m,05:25,2.6,499,26,Non A/C Seater / Sleeper (2+1)
https://www.redbus.in/bus-tickets/vijayawada-to-hyderabad,Vijayawada to Hyderabad,Navayuga Travels,23:35,07h 05m,06:40,2.4,560,33,NON AC Seater / Sleeper 2+1
https://www.redbus.in/bus-tickets/vijayawada-to-hyderabad,Vijayawada to Hyderabad,Mahadevv travels,23:50,06h 50m,06:40,2.2,664,27,NON A/C Sleeper (2+1)
https://www.redbus.in/bus-tickets/vijayawada-to-hyderabad,Vijayawada to Hyderabad,DMR Travels,23:30,07h 20m,06:50,3.9,500,20,Non A/C Seater / Sleeper (2+1)
https://www.redbus.in/bus-tickets/vijayawada-to-hyderabad,Vijayawada to Hyderabad,Puri Jagannadh Tours And Travels,23:05,07h 25m,06:30,3.9,3000,46,Non A/C Seater / Sleeper (2+1)
https://www.redbus.in/bus-tickets/vijayawada-to-hyderabad,Vijayawada to Hyderabad,Sai Srinivasa Travels,22:15,07h 30m,05:45,3.7,2999,40,A/C Seater / Sleeper (2+1)
https://www.redbus.in/bus-tickets/vijayawada-to-hyderabad,Vijayawada to Hyderabad,MAHA BUS,23:55,06h 33m,06:28,3.7,590,26,Non A/C Seater / Sleeper (2+1)
https://www.redbus.in/bus-tickets/vijayawada-to-hyderabad,Vijayawada to Hyderabad,KRT Tours and Travels,23:42,05h 28m,05:10,3.5,1000,24,Scania AC Multi Axle Sleeper (2+1)
https://www.redbus.in/bus-tickets/vijayawada-to-hyderabad,Vijayawada to Hyderabad,Mayuri Travels,23:35,06h 29m,06:04,3.1,1890,40,NON A/C Hi-Tech (2+2)
https://www.redbus.in/bus-tickets/vijayawada-to-hyderabad,Vijayawada to Hyderabad,Meghana Travels,23:59,06h 43m,06:42,3.0,1059,32,A/C Sleeper (2+1)
https://www.redbus.in/bus-tickets/vijayawada-to-hyderabad,Vijayawada to Hyderabad,Meghana Travels,00:15,05h 25m,05:40,3.0,3000,29,Non A/C Seater / Sleeper (2+1)
https://www.redbus.in/bus-tickets/vijayawada-to-hyderabad,Vijayawada to Hyderabad,Komali Travels,23:59,07h 11m,07:10,2.9,670,34,Non A/C Seater / Sleeper (2+1)
https://www.redbus.in/bus-tickets/vijayawada-to-hyderabad,Vijayawada to Hyderabad,SSV Travels,23:55,06h 50m,06:45,2.9,2521,32,Non A/C Seater / Sleeper (2+1)
https://www.redbus.in/bus-tickets/vijayawada-to-hyderabad,Vijayawada to Hyderabad,KPM BUS,23:25,06h 15m,05:40,2.8,999,29,A/C Sleeper (2+1)
https://www.redbus.in/bus-tickets/vijayawada-to-hyderabad,Vijayawada to Hyderabad,Vinay's Tours and Travels,22:25,07h 25m,05:50,2.8,799,24,A/C Sleeper (2+1)
https://www.redbus.in/bus-tickets/vijayawada-to-hyderabad,Vijayawada to Hyderabad,Mahi Trans Solutions,00:00,05h 37m,05:37,2.8,1529,32,Non A/C Seater / Sleeper (2+1)
https://www.redbus.in/bus-tickets/vijayawada-to-hyderabad,Vijayawada to Hyderabad,Dharani Tours and Travels,23:59,06h 46m,06:45,2.7,1529,44,Non A/C Seater / Sleeper (2+1)
https://www.redbus.in/bus-tickets/vijayawada-to-hyderabad,Vijayawada to Hyderabad,Chandu Travels,23:45,06h 10m,05:55,2.7,1416,36,A/C Sleeper (2+1)
https://www.redbus.in/bus-tickets/vijayawada-to-hyderabad,Vijayawada to Hyderabad,VAHINI Travels,23:55,06h 32m,06:27,2.7,560,25,Non A/C Seater / Sleeper (2+1)
https://www.redbus.in/bus-tickets/vijayawada-to-hyderabad,Vijayawada to Hyderabad,Sri Karan Sai Tours and Travels,23:50,06h 25m,06:15,2.5,777,31,Non A/C Seater / Sleeper (2+1)
https://www.redbus.in/bus-tickets/vijayawada-to-hyderabad,Vijayawada to Hyderabad,Devi Travels,23:25,06h 26m,05:51,1.9,2700,32,A/C Sleeper (2+1)
https://www.redbus.in/bus-tickets/vijayawada-to-hyderabad,Vijayawada to Hyderabad,Devi Travels,23:15,05h 53m,05:08,1.9,2700,32,A/C Sleeper (2+1)
https://www.redbus.in/bus-tickets/vijayawada-to-hyderabad,Vijayawada to Hyderabad,Naveen Tours and Travels,23:05,08h 40m,07:45,1.0,3899,48,A/C Seater / Sleeper (2+1)
https://www.redbus.in/bus-tickets/kakinada-to-visakhapatnam,Kakinada to Visakhapatnam,SRI VIJAYA KRISHNA TOURS and TRAVELS,23:59,04h 31m,04:30,3.4,499,32,Non A/C Seater / Sleeper (2+1)
https://www.redbus.in/bus-tickets/kakinada-to-visakhapatnam,Kakinada to Visakhapatnam,SRI VIJAYA KRISHNA TOURS and TRAVELS,23:59,03h 31m,03:30,3.4,699,37,Non A/C Seater / Sleeper (2+1)
https://www.redbus.in/bus-tickets/hyderabad-to-ongole,Hyderabad to Ongole,Vikram Travels,21:55,07h 35m,05:30,4.6,589,28,A/C Seater / Sleeper (2+1)
https://www.redbus.in/bus-tickets/hyderabad-to-ongole,Hyderabad to Ongole,IntrCity SmartBus,23:50,06h 35m,06:25,4.7,699,33,A/C Seater / Sleeper (2+1)
https://www.redbus.in/bus-tickets/hyderabad-to-ongole,Hyderabad to Ongole,Sri Vengamamba Bus Transport (SVBT),21:45,08h 30m,06:15,4.5,707,22,A/C Seater / Sleeper (2+1)
https://www.redbus.in/bus-tickets/hyderabad-to-ongole,Hyderabad to Ongole,Kaveri Travels,22:30,08h 00m,06:30,4.3,980,17,A/C Sleeper (2+1)
https://www.redbus.in/bus-tickets/hyderabad-to-ongole,Hyderabad to Ongole,IntrCity SmartBus,23:55,05h 55m,05:50,4.8,1169,19,A/C Sleeper (2+1)
https://www.redbus.in/bus-tickets/hyderabad-to-ongole,Hyderabad to Ongole,Kamakshi Tours And Travels,21:30,08h 30m,06:00,4.1,500,21,Non A/C Seater / Sleeper (2+1)
https://www.redbus.in/bus-tickets/hyderabad-to-ongole,Hyderabad to Ongole,Pspk Bus,21:30,09h 00m,06:30,4.1,450,22,Non A/C Seater / Sleeper (2+1)
https://www.redbus.in/bus-tickets/hyderabad-to-ongole,Hyderabad to Ongole,Kaveri Travels,21:30,08h 15m,05:45,4.1,1080,20,Volvo Multi Axle A/C Sleeper I-Shift B11R (2+1)
https://www.redbus.in/bus-tickets/hyderabad-to-ongole,Hyderabad to Ongole,FlixBus,22:30,07h 45m,06:15,4.3,695.54,8,VE A/C Sleeper (2+1)
https://www.redbus.in/bus-tickets/hyderabad-to-ongole,Hyderabad to Ongole,Sri Vengamamba Bus Transport (SVBT),21:40,08h 35m,06:15,4.1,900,18,A/C Sleeper (2+1)
https://www.redbus.in/bus-tickets/hyderabad-to-ongole,Hyderabad to Ongole,Kaveri Travels,22:00,07h 30m,05:30,4.0,550,27,NON AC Seater / Sleeper 2+1
https://www.redbus.in/bus-tickets/hyderabad-to-ongole,Hyderabad to Ongole,V Kaveri Travels,21:30,08h 15m,05:45,4.1,971,15,Scania AC Multi Axle Sleeper (2+1)
https://www.redbus.in/bus-tickets/hyderabad-to-ongole,Hyderabad to Ongole,New Slnst Travels,22:00,07h 45m,05:45,4.3,807,23,A/C Sleeper (2+1)
https://www.redbus.in/bus-tickets/hyderabad-to-ongole,Hyderabad to Ongole,Sri Lakshmi Narasimha Travels (SLNT),22:00,07h 15m,05:15,3.9,630,15,Non A/C Seater / Sleeper (2+1)
https://www.redbus.in/bus-tickets/hyderabad-to-ongole,Hyderabad to Ongole,Kaveri Travels,21:30,09h 00m,06:30,3.6,500,30,Non A/C Seater / Sleeper (2+1)
https://www.redbus.in/bus-tickets/hyderabad-to-ongole,Hyderabad to Ongole,KKaveri Travels,21:00,07h 30m,04:30,3.3,1000,20,Volvo Multi-Axle A/C Sleeper (2+1)
https://www.redbus.in/bus-tickets/hyderabad-to-ongole,Hyderabad to Ongole,KKaveri Travels,21:00,08h 40m,05:40,3.2,500,17,Non A/C Seater / Sleeper (2+1)
https://www.redbus.in/bus-tickets/hyderabad-to-ongole,Hyderabad to Ongole,V Kaveri Travels,21:30,08h 00m,05:30,3.8,800,25,NON A/C Sleeper (2+1)
https://www.redbus.in/bus-tickets/hyderabad-to-ongole,Hyderabad to Ongole,V Kaveri Travels,21:30,08h 00m,05:30,3.7,1000,21,Volvo Multi-Axle A/C Sleeper (2+1)
https://www.redbus.in/bus-tickets/hyderabad-to-ongole,Hyderabad to Ongole,Chandu Travels,22:00,07h 45m,05:45,3.6,741,23,A/C Sleeper (2+1)
https://www.redbus.in/bus-tickets/hyderabad-to-ongole,Hyderabad to Ongole,FlixBus,22:00,07h 55m,05:55,4.2,695.54,6,A/C Sleeper (2+1)
https://www.redbus.in/bus-tickets/hyderabad-to-ongole,Hyderabad to Ongole,Yolo Bus,21:45,08h 33m,06:18,3.5,540,34,Bharat Benz A/C Seater /Sleeper (2+1)
https://www.redbus.in/bus-tickets/hyderabad-to-ongole,Hyderabad to Ongole,V Kaveri Travels,22:00,08h 15m,06:15,3.6,1000,20,A/C Sleeper (2+1)
https://www.redbus.in/bus-tickets/hyderabad-to-ongole,Hyderabad to Ongole,Yolo Bus,23:45,05h 28m,05:13,3.5,1030,22,A/C Sleeper (2+1)
https://www.redbus.in/bus-tickets/hyderabad-to-ongole,Hyderabad to Ongole,Sri Krishna Travels,22:00,07h 30m,05:30,3.4,550,20,Non A/C Seater / Sleeper (2+1)
https://www.redbus.in/bus-tickets/hyderabad-to-ongole,Hyderabad to Ongole,Sri Krishna Travels,21:45,07h 55m,05:40,3.3,600,25,A/C Semi Sleeper / Sleeper (2+1)
https://www.redbus.in/bus-tickets/hyderabad-to-ongole,Hyderabad to Ongole,Orange Tours and Travels,22:30,08h 25m,06:55,3.3,450,27,NON A/C Seater/ Sleeper (2+1)
https://www.redbus.in/bus-tickets/hyderabad-to-ongole,Hyderabad to Ongole,Kaveri Travels,19:40,09h 20m,05:00,4.1,680,27,Non A/C Seater / Sleeper (2+1)
https://www.redbus.in/bus-tickets/hyderabad-to-ongole,Hyderabad to Ongole,KMBT Travels,21:10,08h 20m,05:30,3.7,463,32,NON A/C Hi-Tech Push Back (2+2)
https://www.redbus.in/bus-tickets/hyderabad-to-ongole,Hyderabad to Ongole,Cherry tours&travels,21:50,08h 10m,06:00,3.9,570,25,Non A/C Seater / Sleeper (2+1)
https://www.redbus.in/bus-tickets/hyderabad-to-ongole,Hyderabad to Ongole,Sri Lakshmi Narasimha Travels (SLNT),20:00,08h 30m,04:30,4.1,339,24,Non A/C Seater / Sleeper (2+1)
https://www.redbus.in/bus-tickets/hyderabad-to-ongole,Hyderabad to Ongole,VV Vinayak Travels,22:15,07h 45m,06:00,3.1,766,21,A/C Sleeper (2+1)
https://www.redbus.in/bus-tickets/hyderabad-to-ongole,Hyderabad to Ongole,Sri Lakshmi Narasimha Travels (SLNT),21:40,07h 50m,05:30,3.6,700,22,A/C Sleeper (2+1)
https://www.redbus.in/bus-tickets/hyderabad-to-ongole,Hyderabad to Ongole,Sri Krishna Travels,21:30,07h 50m,05:20,3.8,1100,22,Volvo Multi-Axle A/C Sleeper (2+1)
https://www.redbus.in/bus-tickets/hyderabad-to-ongole,Hyderabad to Ongole,Vihari Travels,22:00,07h 30m,05:30,4.2,770,16,NON A/C Sleeper (2+1)
https://www.redbus.in/bus-tickets/hyderabad-to-ongole,Hyderabad to Ongole,Mozo travels,22:00,07h 15m,05:15,4.1,899,18,A/C Sleeper (2+1)
https://www.redbus.in/bus-tickets/hyderabad-to-ongole,Hyderabad to Ongole,SVT Travels,22:00,08h 05m,06:05,3.5,4000,45,Non A/C Seater / Sleeper (2+1)
https://www.redbus.in/bus-tickets/hyderabad-to-ongole,Hyderabad to Ongole,SVT Travels,22:00,08h 05m,06:05,3.5,650,45,A/C Seater / Sleeper (2+1)
https://www.redbus.in/bus-tickets/hyderabad-to-ongole,Hyderabad to Ongole,Poojitha Travels,22:30,08h 30m,07:00,3.5,4000,45,A/C Seater / Sleeper (2+1)
https://www.redbus.in/bus-tickets/hyderabad-to-ongole,Hyderabad to Ongole,Poojitha Travels,22:00,08h 05m,06:05,3.5,3000,45,A/C Seater / Sleeper (2+1)
https://www.redbus.in/bus-tickets/hyderabad-to-ongole,Hyderabad to Ongole,Padmavathi Travels,21:45,07h 45m,05:30,3.5,900,21,A/C Sleeper (2+1)
https://www.redbus.in/bus-tickets/hyderabad-to-ongole,Hyderabad to Ongole,Sri Krishna Travels,22:30,07h 00m,05:30,3.3,1000,21,A/C Sleeper (2+1)
https://www.redbus.in/bus-tickets/hyderabad-to-ongole,Hyderabad to Ongole,V Kaveri Travels,21:00,08h 15m,05:15,3.8,600,27,Non A/C Seater / Sleeper (2+1)
https://www.redbus.in/bus-tickets/hyderabad-to-ongole,Hyderabad to Ongole,FlixBus,22:00,08h 30m,06:30,4.3,722.32,10,VE A/C Sleeper (2+1)
https://www.redbus.in/bus-tickets/hyderabad-to-ongole,Hyderabad to Ongole,VV Vinayak Travels,22:35,07h 40m,06:15,3.8,461,23,Non A/C Seater / Sleeper (2+1)
https://www.redbus.in/bus-tickets/hyderabad-to-ongole,Hyderabad to Ongole,Sri Krishna Travels,20:00,09h 00m,05:00,3.3,550,14,Non A/C Seater / Sleeper (2+1)
https://www.redbus.in/bus-tickets/hyderabad-to-ongole,Hyderabad to Ongole,Sri Lakshmi Narasimha Travels (SLNT),22:00,07h 00m,05:00,3.8,339,25,Non A/C Seater / Sleeper (2+1)
https://www.redbus.in/bus-tickets/hyderabad-to-ongole,Hyderabad to Ongole,Vihari Travels,20:00,08h 15m,04:15,3.8,474,15,NON AC Seater / Sleeper 2+1
https://www.redbus.in/bus-tickets/hyderabad-to-ongole,Hyderabad to Ongole,SAI PRASANNA TRAVELS,21:40,07h 50m,05:30,3.0,475,30,Non A/C Seater / Sleeper (2+1)
https://www.redbus.in/bus-tickets/hyderabad-to-ongole,Hyderabad to Ongole,V Kaveri Travels,21:30,08h 35m,06:05,3.7,600,29,Non A/C Seater / Sleeper (2+1)
https://www.redbus.in/bus-tickets/hyderabad-to-ongole,Hyderabad to Ongole,VV Vinayak Travels,22:15,07h 45m,06:00,3.1,457,30,Non A/C Seater / Sleeper (2+1)
https://www.redbus.in/bus-tickets/hyderabad-to-ongole,Hyderabad to Ongole,Sri Laxmi Sravanthi Siva Tours And Travels,21:40,07h 35m,05:15,3.3,499,38,Non A/C Seater / Sleeper (2+1)
https://www.redbus.in/bus-tickets/hyderabad-to-ongole,Hyderabad to Ongole,Jagan Travels,19:10,09h 20m,04:30,4.1,540,19,Non A/C Seater / Sleeper (2+1)
https://www.redbus.in/bus-tickets/hyderabad-to-ongole,Hyderabad to Ongole,Sri Laxmi Sravanthi Siva Tours And Travels,21:40,08h 20m,06:00,3.3,555,27,Non A/C Seater / Sleeper (2+1)
https://www.redbus.in/bus-tickets/hyderabad-to-ongole,Hyderabad to Ongole,Chandu Travels,21:30,07h 45m,05:15,3.7,561,8,Non A/C Seater / Sleeper (2+1)
https://www.redbus.in/bus-tickets/hyderabad-to-ongole,Hyderabad to Ongole,V Kaveri Travels,21:30,08h 15m,05:45,3.8,629,25,NON A/C Sleeper (2+1)
https://www.redbus.in/bus-tickets/hyderabad-to-ongole,Hyderabad to Ongole,Kaveri Travels,21:00,07h 15m,04:15,3.7,1080,19,Volvo Multi Axle B9R A/C Sleeper (2+1)
https://www.redbus.in/bus-tickets/hyderabad-to-ongole,Hyderabad to Ongole,Lakshmi Travels,19:30,09h 00m,04:30,3.8,369,26,Non A/C Seater / Sleeper (2+1)
https://www.redbus.in/bus-tickets/hyderabad-to-ongole,Hyderabad to Ongole,Mozo travels,20:10,07h 45m,03:55,3.5,649,22,A/C Seater / Sleeper (2+1)
https://www.redbus.in/bus-tickets/hyderabad-to-ongole,Hyderabad to Ongole,VV Vinayak Travels,21:10,08h 50m,06:00,3.5,435,31,Non A/C Seater / Sleeper (2+1)
https://www.redbus.in/bus-tickets/hyderabad-to-ongole,Hyderabad to Ongole,V Kaveri Travels,17:00,06h 59m,23:59,3.9,1070,19,A/C Sleeper (2+1)
https://www.redbus.in/bus-tickets/hyderabad-to-ongole,Hyderabad to Ongole,Sri Sahasra Tours and Travels,21:00,08h 35m,05:35,4.1,449,22,A/C Seater / Sleeper (2+1)
https://www.redbus.in/bus-tickets/hyderabad-to-ongole,Hyderabad to Ongole,KTC Travels,20:50,07h 25m,04:15,3.6,665,18,A/C Sleeper (2+1)
https://www.redbus.in/bus-tickets/hyderabad-to-ongole,Hyderabad to Ongole,V Kaveri Travels,21:30,08h 30m,06:00,3.6,560,33,Non A/C Seater / Sleeper (2+1)
https://www.redbus.in/bus-tickets/hyderabad-to-ongole,Hyderabad to Ongole,Orange Tours and Travels,23:45,06h 45m,06:30,2.9,800,21,Volvo Multi-Axle Sleeper A/C (2+1)
https://www.redbus.in/bus-tickets/hyderabad-to-ongole,Hyderabad to Ongole,Sri Krishna Travels,21:45,08h 30m,06:15,2.6,1000,22,Volvo Multi-Axle A/C Sleeper (2+1)
https://www.redbus.in/bus-tickets/hyderabad-to-ongole,Hyderabad to Ongole,KKaveri Travels,18:40,09h 20m,04:00,3.4,590,28,Non A/C Seater / Sleeper (2+1)
https://www.redbus.in/bus-tickets/hyderabad-to-ongole,Hyderabad to Ongole,V Kaveri Travels,21:30,08h 20m,05:50,3.5,1101,21,A/C Sleeper (2+1)
https://www.redbus.in/bus-tickets/hyderabad-to-ongole,Hyderabad to Ongole,Zingbus Plus,23:40,05h 55m,05:35,3.6,870,25,A/C Sleeper (2+1)
https://www.redbus.in/bus-tickets/hyderabad-to-ongole,Hyderabad to Ongole,V Kaveri Travels,19:00,08h 30m,03:30,3.4,899,14,VE A/C Sleeper (2+1)
https://www.redbus.in/bus-tickets/hyderabad-to-ongole,Hyderabad to Ongole,Cherry tours&travels,22:00,07h 00m,05:00,2.5,650,20,A/C Seater / Sleeper (2+1)
https://www.redbus.in/bus-tickets/hyderabad-to-ongole,Hyderabad to Ongole,Vihari Travels,22:00,07h 30m,05:30,3.8,665,22,NON A/C Sleeper (2+1)
https://www.redbus.in/bus-tickets/hyderabad-to-ongole,Hyderabad to Ongole,IntrCity SmartBus,23:35,07h 15m,06:50,4.7,639,29,A/C Seater / Sleeper (2+1)
https://www.redbus.in/bus-tickets/hyderabad-to-ongole,Hyderabad to Ongole,Zingbus Plus,18:20,06h 00m,00:20,3.9,1160,18,A/C Sleeper (2+1)
https://www.redbus.in/bus-tickets/hyderabad-to-ongole,Hyderabad to Ongole,Morning Star Travels,23:30,05h 45m,05:15,2.4,790,29,A/C Sleeper (2+1)
https://www.redbus.in/bus-tickets/hyderabad-to-ongole,Hyderabad to Ongole,Sri Krishna Travels,20:00,07h 20m,03:20,3.9,1400,26,Volvo Multi Axle A/C Sleeper I-Shift B11R (2+1)
https://www.redbus.in/bus-tickets/hyderabad-to-ongole,Hyderabad to Ongole,Sri Tulasi Tours and Travels,22:00,06h 30m,04:30,3.6,999,22,A/C Sleeper (2+1)
https://www.redbus.in/bus-tickets/hyderabad-to-ongole,Hyderabad to Ongole,Vikram Travels,20:45,06h 15m,03:00,3.2,817,22,VE A/C Sleeper (2+1)
https://www.redbus.in/bus-tickets/hyderabad-to-ongole,Hyderabad to Ongole,Kaveri Travels,21:00,07h 00m,04:00,3.0,908,14,A/C Sleeper (2+1)
https://www.redbus.in/bus-tickets/hyderabad-to-ongole,Hyderabad to Ongole,Rajeswari Travels,21:00,07h 30m,04:30,2.6,449,29,Non A/C Seater / Sleeper (2+1)
https://www.redbus.in/bus-tickets/hyderabad-to-ongole,Hyderabad to Ongole,KKaveri Travels,22:00,07h 00m,05:00,3.0,1100,20,A/C Sleeper (2+1)
https://www.redbus.in/bus-tickets/hyderabad-to-ongole,Hyderabad to Ongole,SVT Travels,22:00,08h 05m,06:05,3.0,506,35,A/C Seater / Sleeper (2+1)
https://www.redbus.in/bus-tickets/hyderabad-to-ongole,Hyderabad to Ongole,V Kaveri Travels,19:00,08h 00m,03:00,2.5,1190,16,Volvo 9600 Multi-Axle A/C Sleeper (2+1)
https://www.redbus.in/bus-tickets/hyderabad-to-ongole,Hyderabad to Ongole,Sri Laxmi Sravanthi Siva Tours And Travels,21:50,07h 30m,05:20,2.5,599,23,A/C Seater / Sleeper (2+1)
https://www.redbus.in/bus-tickets/hyderabad-to-ongole,Hyderabad to Ongole,KKaveri Travels,22:00,07h 00m,05:00,2.1,670,29,Non A/C Seater / Sleeper (2+1)
https://www.redbus.in/bus-tickets/hyderabad-to-ongole,Hyderabad to Ongole,Vikram Travels,20:40,05h 20m,02:00,2.3,1449,27,Volvo 9600 Multi-Axle A/C Sleeper (2+1)
https://www.redbus.in/bus-tickets/hyderabad-to-ongole,Hyderabad to Ongole,KKaveri Travels,18:40,09h 20m,04:00,2.1,1000,21,Volvo Multi-Axle A/C Sleeper (2+1)
https://www.redbus.in/bus-tickets/hyderabad-to-ongole,Hyderabad to Ongole,LUCKY TRAVELS,22:35,07h 15m,05:50,1.5,790,21,Volvo Multi-Axle A/C Sleeper (2+1)
https://www.redbus.in/bus-tickets/hyderabad-to-ongole,Hyderabad to Ongole,VKV Travels,21:30,08h 00m,05:30,4.6,941,28,A/C Sleeper (2+1)
https://www.redbus.in/bus-tickets/hyderabad-to-ongole,Hyderabad to Ongole,Keerthi Travels,16:45,08h 45m,01:30,4.5,1099,20,Bharat Benz A/C Sleeper (2+1)
https://www.redbus.in/bus-tickets/hyderabad-to-ongole,Hyderabad to Ongole,BSR Tours And Travels,19:30,07h 15m,02:45,4.4,1169,21,A/C Sleeper (2+1)
https://www.redbus.in/bus-tickets/hyderabad-to-ongole,Hyderabad to Ongole,Ramana Tours And Travels,20:00,06h 35m,02:35,4.1,1159,24,A/C Sleeper (2+1)
https://www.redbus.in/bus-tickets/hyderabad-to-ongole,Hyderabad to Ongole,Vihari Travels,21:45,07h 45m,05:30,3.6,846,17,NON A/C Sleeper (2+1)
https://www.redbus.in/bus-tickets/hyderabad-to-ongole,Hyderabad to Ongole,KMBT Travels,22:00,07h 00m,05:00,3.6,416,22,Non A/C Seater / Sleeper (2+1)
https://www.redbus.in/bus-tickets/hyderabad-to-ongole,Hyderabad to Ongole,Mozo travels,18:20,08h 10m,02:30,3.8,899,18,A/C Sleeper (2+1)
https://www.redbus.in/bus-tickets/hyderabad-to-ongole,Hyderabad to Ongole,Zingbus Plus,20:05,06h 30m,02:35,3.7,1376,26,A/C Sleeper (2+1)
https://www.redbus.in/bus-tickets/hyderabad-to-ongole,Hyderabad to Ongole,Sri Sahasra Tours and Travels,17:00,07h 30m,00:30,3.7,888,24,A/C Sleeper (2+1)
https://www.redbus.in/bus-tickets/hyderabad-to-ongole,Hyderabad to Ongole,Zingbus Plus,23:50,05h 30m,05:20,3.7,870,25,VE A/C Sleeper (2+1)
https://www.redbus.in/bus-tickets/hyderabad-to-ongole,Hyderabad to Ongole,Chandu Travels,21:30,07h 45m,05:15,3.6,902,20,A/C Sleeper (2+1)
https://www.redbus.in/bus-tickets/hyderabad-to-ongole,Hyderabad to Ongole,Sri Laxmi Sravanthi Siva Tours And Travels,21:50,07h 30m,05:20,3.6,599,29,Non A/C Seater / Sleeper (2+1)
https://www.redbus.in/bus-tickets/hyderabad-to-ongole,Hyderabad to Ongole,Yolo Bus,19:33,05h 41m,01:14,3.5,1180,20,Bharat Benz A/C Sleeper (2+1)
https://www.redbus.in/bus-tickets/hyderabad-to-ongole,Hyderabad to Ongole,Sai Vijetha Travels,22:55,07h 30m,06:25,3.1,380,37,Non A/C Seater / Sleeper (2+1)
https://www.redbus.in/bus-tickets/hyderabad-to-ongole,Hyderabad to Ongole,Vihari Travels,21:40,08h 30m,06:10,3.0,389,24,NON AC Seater / Sleeper 2+1
https://www.redbus.in/bus-tickets/hyderabad-to-ongole,Hyderabad to Ongole,Padmavathi Travels,21:45,06h 20m,04:05,3.5,800,19,A/C Sleeper (2+1)
https://www.redbus.in/bus-tickets/hyderabad-to-ongole,Hyderabad to Ongole,LIMOLINER,20:20,06h 25m,02:45,4.0,899,12,A/C Sleeper (2+1)
https://www.redbus.in/bus-tickets/hyderabad-to-ongole,Hyderabad to Ongole,Jagan Travels,20:40,06h 05m,02:45,3.4,1499,21,Volvo 9600 Multi-Axle A/C Sleeper (2+1)
https://www.redbus.in/bus-tickets/hyderabad-to-ongole,Hyderabad to Ongole,Sai Vijetha Travels,22:25,07h 30m,05:55,4.0,3800,39,Non A/C Seater / Sleeper (2+1)
https://www.redbus.in/bus-tickets/hyderabad-to-ongole,Hyderabad to Ongole,Padmavathi Travels,21:45,06h 20m,04:05,4.3,700,12,NON A/C Sleeper (2+1)
https://www.redbus.in/bus-tickets/hyderabad-to-ongole,Hyderabad to Ongole,Vihari Travels,20:00,08h 30m,04:30,3.3,618,25,NON AC Seater / Sleeper 2+1
https://www.redbus.in/bus-tickets/hyderabad-to-ongole,Hyderabad to Ongole,V Kaveri Travels,21:30,08h 15m,05:45,3.3,600,33,Non A/C Seater / Sleeper (2+1)
https://www.redbus.in/bus-tickets/hyderabad-to-ongole,Hyderabad to Ongole,Vihari Travels,21:45,07h 45m,05:30,2.6,523,30,Non A/C Seater / Sleeper (2+1)
https://www.redbus.in/bus-tickets/hyderabad-to-ongole,Hyderabad to Ongole,Cherry tours&travels,19:45,08h 45m,04:30,3.1,532,16,Non A/C Seater / Sleeper (2+1)
https://www.redbus.in/bus-tickets/hyderabad-to-ongole,Hyderabad to Ongole,Ramu Tours & Travels,22:30,07h 15m,05:45,3.9,700,16,A/C Sleeper (2+1)
https://www.redbus.in/bus-tickets/hyderabad-to-ongole,Hyderabad to Ongole,Meghana Travels,21:50,06h 50m,04:40,3.5,600,38,A/C Seater / Sleeper (2+1)
https://www.redbus.in/bus-tickets/hyderabad-to-ongole,Hyderabad to Ongole,Sri Krishna Travels,19:30,05h 45m,01:15,3.2,1570,16,Volvo 9600 Multi-Axle A/C Sleeper (2+1)
https://www.redbus.in/bus-tickets/hyderabad-to-ongole,Hyderabad to Ongole,Sri Tulasi Tours and Travels,19:44,08h 36m,04:20,3.1,529,13,Non A/C Seater / Sleeper (2+1)
https://www.redbus.in/bus-tickets/hyderabad-to-ongole,Hyderabad to Ongole,KKaveri Travels,21:00,08h 40m,05:40,3.1,800,21,Bharat Benz A/C Sleeper (2+1)
https://www.redbus.in/bus-tickets/hyderabad-to-ongole,Hyderabad to Ongole,Ramu Tours & Travels,21:20,08h 00m,05:20,3.0,440,28,A/C Seater / Sleeper (2+1)
https://www.redbus.in/bus-tickets/hyderabad-to-ongole,Hyderabad to Ongole,Go Tour Travels and Holidays,22:45,06h 00m,04:45,3.6,927,16,A/C Sleeper (2+1)
https://www.redbus.in/bus-tickets/hyderabad-to-ongole,Hyderabad to Ongole,SAI PRASANNA TRAVELS,20:00,08h 00m,04:00,3.0,475,33,Non A/C Seater / Sleeper (2+1)
https://www.redbus.in/bus-tickets/hyderabad-to-ongole,Hyderabad to Ongole,VV Vinayak Travels,22:10,07h 50m,06:00,2.4,490,19,Non A/C Seater / Sleeper (2+1)
https://www.redbus.in/bus-tickets/hyderabad-to-ongole,Hyderabad to Ongole,Jagan Travels,21:15,08h 15m,05:30,2.5,595,35,A/C Seater / Sleeper (2+1)
https://www.redbus.in/bus-tickets/hyderabad-to-ongole,Hyderabad to Ongole,Lakshmi Travels,22:00,07h 10m,05:10,3.0,2775,32,Non A/C Seater / Sleeper (2+1)
https://www.redbus.in/bus-tickets/hyderabad-to-ongole,Hyderabad to Ongole,KKaveri Travels,21:00,08h 40m,05:40,1.8,1220,23,Bharat Benz A/C Sleeper (2+1)
https://www.redbus.in/bus-tickets/hyderabad-to-ongole,Hyderabad to Ongole,Sri Laxmi Sravanthi Siva Tours And Travels,21:40,07h 35m,05:15,2.5,499,30,Non A/C Seater / Sleeper (2+1)
https://www.redbus.in/bus-tickets/hyderabad-to-ongole,Hyderabad to Ongole,IntrCity SmartBus,23:40,07h 15m,06:55,4.7,599,29,A/C Seater / Sleeper (2+1)
https://www.redbus.in/bus-tickets/hyderabad-to-ongole,Hyderabad to Ongole,KKaveri Travels,19:00,08h 30m,03:30,2.5,550,32,Non A/C Seater / Sleeper (2+1)
https://www.redbus.in/bus-tickets/hyderabad-to-ongole,Hyderabad to Ongole,Harikrishna Travels,23:00,07h 00m,06:00,2.5,1140,23,Non A/C Seater / Sleeper (2+1)
https://www.redbus.in/bus-tickets/hyderabad-to-ongole,Hyderabad to Ongole,KMBT Travels,22:00,07h 00m,05:00,3.6,666,21,NON A/C Sleeper (2+1)
https://www.redbus.in/bus-tickets/hyderabad-to-ongole,Hyderabad to Ongole,KTC Travels,21:20,07h 00m,04:20,3.6,508,19,A/C Seater / Sleeper (2+1)
https://www.redbus.in/bus-tickets/hyderabad-to-ongole,Hyderabad to Ongole,KTC Travels,22:00,06h 15m,04:15,3.6,665,19,A/C Sleeper (2+1)
https://www.redbus.in/bus-tickets/hyderabad-to-ongole,Hyderabad to Ongole,Cherry tours&travels,21:50,08h 10m,06:00,3.4,475,5,Non A/C Seater / Sleeper (2+1)
https://www.redbus.in/bus-tickets/hyderabad-to-ongole,Hyderabad to Ongole,Cherry tours&travels,22:00,07h 00m,05:00,3.4,560,21,Non A/C Seater / Sleeper (2+1)
https://www.redbus.in/bus-tickets/hyderabad-to-ongole,Hyderabad to Ongole,Sai Vijetha Travels,22:55,07h 30m,06:25,3.4,3800,52,Non A/C Seater / Sleeper (2+1)
https://www.redbus.in/bus-tickets/hyderabad-to-ongole,Hyderabad to Ongole,Cherry tours&travels,19:45,08h 45m,04:30,3.4,610,19,Non A/C Seater / Sleeper (2+1)
https://www.redbus.in/bus-tickets/hyderabad-to-ongole,Hyderabad to Ongole,Vihari Travels,21:10,07h 35m,04:45,3.3,2850,1,NON A/C Sleeper (2+1)
https://www.redbus.in/bus-tickets/hyderabad-to-ongole,Hyderabad to Ongole,VV Vinayak Travels,23:21,06h 39m,06:00,3.3,510,19,Non A/C Seater / Sleeper (2+1)
https://www.redbus.in/bus-tickets/hyderabad-to-ongole,Hyderabad to Ongole,Sri Krishna Travels,17:45,09h 45m,03:30,3.2,700,29,A/C Seater / Sleeper (2+1)
https://www.redbus.in/bus-tickets/hyderabad-to-ongole,Hyderabad to Ongole,Sri Sivanjali Bus,21:20,08h 40m,06:00,2.6,2850,37,Non A/C Seater / Sleeper (2+1)
https://www.redbus.in/bus-tickets/hyderabad-to-ongole,Hyderabad to Ongole,Shree Saipooja Travels,22:50,06h 25m,05:15,2.6,3000,42,A/C Seater/Sleeper (2+1)
https://www.redbus.in/bus-tickets/hyderabad-to-ongole,Hyderabad to Ongole,KKaveri Travels,21:20,08h 25m,05:45,2.5,500,30,Non A/C Seater / Sleeper (2+1)
https://www.redbus.in/bus-tickets/hyderabad-to-ongole,Hyderabad to Ongole,Hriday Tours & Travels,22:00,06h 00m,04:00,2.3,2400,24,Volvo Multi-Axle A/C Sleeper (2+1)
https://www.redbus.in/bus-tickets/bangalore-to-tirupathi,Bangalore to Tirupati,NueGo,10:20,04h 10m,14:30,4.3,332,13,Electric A/C Seater (2+2)
https://www.redbus.in/bus-tickets/bangalore-to-tirupathi,Bangalore to Tirupati,Yolo Bus,10:24,04h 59m,15:23,4.3,280,20,Bharat Benz A/C Seater /Sleeper (2+1)
https://www.redbus.in/bus-tickets/bangalore-to-tirupathi,Bangalore to Tirupati,NueGo,11:00,06h 15m,17:15,4.3,332,20,Electric A/C Seater (2+2)
https://www.redbus.in/bus-tickets/bangalore-to-tirupathi,Bangalore to Tirupati,AdHYBUS,22:30,05h 50m,04:20,4.6,558,28,Bharat Benz A/C Sleeper (2+1)
https://www.redbus.in/bus-tickets/bangalore-to-tirupathi,Bangalore to Tirupati,Yolo Bus,11:55,06h 23m,18:18,4.0,350,30,Bharat Benz A/C Seater /Sleeper (2+1)
https://www.redbus.in/bus-tickets/bangalore-to-tirupathi,Bangalore to Tirupati,Yolo Bus,12:25,06h 23m,18:48,4.0,350,36,Bharat Benz A/C Seater /Sleeper (2+1)
https://www.redbus.in/bus-tickets/bangalore-to-tirupathi,Bangalore to Tirupati,FRESHBUS,12:35,05h 40m,18:15,4.7,314,36,Electric A/C Seater (2+2)
https://www.redbus.in/bus-tickets/bangalore-to-tirupathi,Bangalore to Tirupati,AdGKT TRAVELS,21:00,07h 30m,04:30,3.6,427,24,A/C Seater/Sleeper (2+1)
https://www.redbus.in/bus-tickets/bangalore-to-tirupathi,Bangalore to Tirupati,FRESHBUS,14:30,06h 00m,20:30,4.7,323,26,Electric A/C Seater (2+2)
https://www.redbus.in/bus-tickets/bangalore-to-tirupathi,Bangalore to Tirupati,Kaveri Travels,19:30,04h 00m,23:30,3.8,459,30,A/C Seater / Sleeper (2+1)
https://www.redbus.in/bus-tickets/bangalore-to-tirupathi,Bangalore to Tirupati,NueGo,13:00,05h 30m,18:30,4.4,332,23,Electric A/C Seater (2+2)
https://www.redbus.in/bus-tickets/bangalore-to-tirupathi,Bangalore to Tirupati,Yolo Bus,13:45,06h 23m,20:08,3.8,350,33,Bharat Benz A/C Seater /Sleeper (2+1)
https://www.redbus.in/bus-tickets/bangalore-to-tirupathi,Bangalore to Tirupati,FRESHBUS,19:20,05h 25m,00:45,4.6,404,40,Electric A/C Seater (2+2)
https://www.redbus.in/bus-tickets/bangalore-to-tirupathi,Bangalore to Tirupati,NueGo,14:00,05h 30m,19:30,4.5,332,22,Electric A/C Seater (2+2)
https://www.redbus.in/bus-tickets/bangalore-to-tirupathi,Bangalore to Tirupati,Yolo Bus,14:55,06h 44m,21:39,3.5,350,29,Bharat Benz A/C Seater /Sleeper (2+1)
https://www.redbus.in/bus-tickets/bangalore-to-tirupathi,Bangalore to Tirupati,SVD Vedansh Travels,16:00,06h 15m,22:15,3.1,499,29,A/C Sleeper (2+1)
https://www.redbus.in/bus-tickets/bangalore-to-tirupathi,Bangalore to Tirupati,NueGo,18:00,06h 55m,00:55,4.2,332,22,Electric A/C Seater (2+2)
https://www.redbus.in/bus-tickets/bangalore-to-tirupathi,Bangalore to Tirupati,Sri Vengamamba Bus Transport (SVBT),18:00,05h 15m,23:15,5.0,600,18,A/C Sleeper (2+1)
https://www.redbus.in/bus-tickets/bangalore-to-tirupathi,Bangalore to Tirupati,Sai Balaji Travels,18:50,05h 09m,23:59,4.6,599,25,A/C Seater / Sleeper (2+1)
https://www.redbus.in/bus-tickets/bangalore-to-tirupathi,Bangalore to Tirupati,Kaveri Travels,19:00,04h 30m,23:30,4.8,600,29,A/C Sleeper (2+1)
https://www.redbus.in/bus-tickets/bangalore-to-tirupathi,Bangalore to Tirupati,Balaji Tourist,19:00,08h 00m,03:00,3.0,1500,1,Volvo Multi-Axle A/C Semisleeper (2+2)
https://www.redbus.in/bus-tickets/bangalore-to-tirupathi,Bangalore to Tirupati,VV Vinayak Travels,19:10,06h 20m,01:30,3.3,474,30,Non A/C Seater / Sleeper (2+1)
https://www.redbus.in/bus-tickets/bangalore-to-tirupathi,Bangalore to Tirupati,VV Vinayak Travels,19:10,06h 20m,01:30,3.3,405,26,Non A/C Seater / Sleeper (2+1)
https://www.redbus.in/bus-tickets/bangalore-to-tirupathi,Bangalore to Tirupati,VV Vinayak Travels,19:20,05h 15m,00:35,3.3,480,20,Non A/C Seater / Sleeper (2+1)
https://www.redbus.in/bus-tickets/bangalore-to-tirupathi,Bangalore to Tirupati,Sea Bird Tourist,19:30,06h 45m,02:15,3.8,1551,4,A/C Sleeper (2+1)
https://www.redbus.in/bus-tickets/bangalore-to-tirupathi,Bangalore to Tirupati,Yolo Bus,19:50,06h 23m,02:13,3.7,470,33,Bharat Benz A/C Seater /Sleeper (2+1)
https://www.redbus.in/bus-tickets/bangalore-to-tirupathi,Bangalore to Tirupati,IntrCity SmartBus,19:55,04h 35m,00:30,4.0,519,30,A/C Seater / Sleeper (2+1)
https://www.redbus.in/bus-tickets/bangalore-to-tirupathi,Bangalore to Tirupati,Sri KVR Travels,20:00,04h 30m,00:30,4.4,550,26,Non A/C Seater / Sleeper (2+1)
https://www.redbus.in/bus-tickets/bangalore-to-tirupathi,Bangalore to Tirupati,V Kaveri Travels,20:00,03h 59m,23:59,3.2,600,25,Non A/C Seater / Sleeper (2+1)
https://www.redbus.in/bus-tickets/bangalore-to-tirupathi,Bangalore to Tirupati,SRKT Travels,20:00,04h 40m,00:40,3.1,600,32,A/C Seater / Sleeper (2+1)
https://www.redbus.in/bus-tickets/bangalore-to-tirupathi,Bangalore to Tirupati,IntrCity SmartBus,20:25,04h 25m,00:50,4.4,519,31,A/C Seater / Sleeper (2+1)
https://www.redbus.in/bus-tickets/bangalore-to-tirupathi,Bangalore to Tirupati,IntrCity SmartBus,20:25,04h 15m,00:40,3.8,519,36,A/C Seater / Sleeper (2+1)
https://www.redbus.in/bus-tickets/bangalore-to-tirupathi,Bangalore to Tirupati,RK Travels,20:30,07h 00m,03:30,3.2,350,28,Non A/C Seater / Sleeper (2+1)
https://www.redbus.in/bus-tickets/bangalore-to-tirupathi,Bangalore to Tirupati,RK Travels,20:30,06h 31m,03:01,3.7,399,12,Non A/C Seater / Sleeper (2+1)
https://www.redbus.in/bus-tickets/bangalore-to-tirupathi,Bangalore to Tirupati,Sea Bird Tourist,20:30,06h 45m,03:15,4.6,1551,4,A/C Sleeper (2+1)
https://www.redbus.in/bus-tickets/bangalore-to-tirupathi,Bangalore to Tirupati,Sea Bird Tourist,20:30,06h 45m,03:15,3.4,1000,7,Volvo Multi-Axle A/C Semi Sleeper (2+2)
https://www.redbus.in/bus-tickets/bangalore-to-tirupathi,Bangalore to Tirupati,BSRM Travels,20:45,07h 05m,03:50,4.5,499,15,Non A/C Seater / Sleeper (2+1)
https://www.redbus.in/bus-tickets/bangalore-to-tirupathi,Bangalore to Tirupati,CHOPPA TRAVELS,20:50,07h 05m,03:55,3.8,399,20,Non A/C Seater / Sleeper (2+1)
https://www.redbus.in/bus-tickets/bangalore-to-tirupathi,Bangalore to Tirupati,RK Travels,20:50,07h 00m,03:50,3.7,399,25,Non A/C Seater / Sleeper (2+1)
https://www.redbus.in/bus-tickets/bangalore-to-tirupathi,Bangalore to Tirupati,Dhriti Travels,20:55,06h 05m,03:00,3.1,500,10,NON A/C Seater / Sleeper (2+2)
https://www.redbus.in/bus-tickets/bangalore-to-tirupathi,Bangalore to Tirupati,CHOPPA TRAVELS,21:00,06h 30m,03:30,3.9,499,5,NON A/C Sleeper (2+1)
https://www.redbus.in/bus-tickets/bangalore-to-tirupathi,Bangalore to Tirupati,Yolo Bus,21:00,05h 48m,02:48,4.1,380,21,Bharat Benz A/C Seater /Sleeper (2+1)
https://www.redbus.in/bus-tickets/bangalore-to-tirupathi,Bangalore to Tirupati,Rajeswari Travels,21:00,07h 05m,04:05,3.4,599,9,A/C Sleeper (2+1)
https://www.redbus.in/bus-tickets/bangalore-to-tirupathi,Bangalore to Tirupati,Sri Vengamamba Bus Transport (SVBT),21:00,05h 00m,02:00,3.6,474,23,Non A/C Seater / Sleeper (2+1)
https://www.redbus.in/bus-tickets/bangalore-to-tirupathi,Bangalore to Tirupati,RK Travels,21:00,06h 50m,03:50,4.0,499,27,A/C Seater / Sleeper (2+1)
https://www.redbus.in/bus-tickets/bangalore-to-tirupathi,Bangalore to Tirupati,BSRM Travels,21:00,07h 00m,04:00,4.5,499,14,A/C Seater / Sleeper (2+1)
https://www.redbus.in/bus-tickets/bangalore-to-tirupathi,Bangalore to Tirupati,Sri Krishna Travels,21:00,05h 00m,02:00,3.0,500,21,Non A/C Seater / Sleeper (2+1)
https://www.redbus.in/bus-tickets/bangalore-to-tirupathi,Bangalore to Tirupati,RCV Travels,21:00,07h 40m,04:40,4.3,499,26,A/C Seater / Sleeper (2+1)
https://www.redbus.in/bus-tickets/bangalore-to-tirupathi,Bangalore to Tirupati,Metro Lines Travels,21:00,06h 00m,03:00,3.9,398,34,NON A/C Seater/ Sleeper (2+1)
https://www.redbus.in/bus-tickets/bangalore-to-tirupathi,Bangalore to Tirupati,Go Tour Travels and Holidays,22:00,05h 00m,03:00,4.1,561,20,A/C Sleeper (2+1)
https://www.redbus.in/bus-tickets/bangalore-to-tirupathi,Bangalore to Tirupati,GKT TRAVELS,21:05,06h 55m,04:00,3.6,645,23,A/C Sleeper (2+1)
https://www.redbus.in/bus-tickets/bangalore-to-tirupathi,Bangalore to Tirupati,FRESHBUS,23:10,05h 40m,04:50,4.6,431,36,Electric A/C Seater (2+2)
https://www.redbus.in/bus-tickets/bangalore-to-tirupathi,Bangalore to Tirupati,IntrCity SmartBus,21:10,04h 25m,01:35,4.4,519,31,A/C Seater / Sleeper (2+1)
https://www.redbus.in/bus-tickets/bangalore-to-tirupathi,Bangalore to Tirupati,Zingbus Plus,21:20,04h 30m,01:50,4.4,398,37,A/C Seater / Sleeper (2+1)
https://www.redbus.in/bus-tickets/bangalore-to-tirupathi,Bangalore to Tirupati,GKT TRAVELS,21:20,06h 55m,04:15,3.5,645,19,A/C Sleeper (2+1)
https://www.redbus.in/bus-tickets/bangalore-to-tirupathi,Bangalore to Tirupati,VTA Travels,21:30,06h 45m,04:15,3.9,3000,46,Mercedes Multi-Axle Semi Sleeper (2+2)
https://www.redbus.in/bus-tickets/bangalore-to-tirupathi,Bangalore to Tirupati,Navayuga Travels,21:35,06h 25m,04:00,4.2,349,25,A/C Seater / Sleeper (2+1)
https://www.redbus.in/bus-tickets/bangalore-to-tirupathi,Bangalore to Tirupati,Sri Vengamamba Bus Transport (SVBT),21:40,05h 20m,03:00,4.4,565,18,A/C Seater/Sleeper (2+1)
https://www.redbus.in/bus-tickets/bangalore-to-tirupathi,Bangalore to Tirupati,Yolo Bus,21:45,05h 48m,03:33,4.1,360,29,Bharat Benz A/C Seater /Sleeper (2+1)
https://www.redbus.in/bus-tickets/bangalore-to-tirupathi,Bangalore to Tirupati,FRESHBUS,22:30,05h 15m,03:45,4.6,431,35,Electric A/C Seater (2+2)
https://www.redbus.in/bus-tickets/bangalore-to-tirupathi,Bangalore to Tirupati,Siri SmartBus,21:50,06h 00m,03:50,3.4,671,13,VE A/C Sleeper (2+1)
https://www.redbus.in/bus-tickets/bangalore-to-tirupathi,Bangalore to Tirupati,IntrCity SmartBus,21:55,04h 10m,02:05,4.0,479,22,Bharat Benz A/C Seater /Sleeper (2+1)
https://www.redbus.in/bus-tickets/bangalore-to-tirupathi,Bangalore to Tirupati,NueGo,22:00,05h 30m,03:30,4.4,332,21,Electric A/C Seater (2+2)
https://www.redbus.in/bus-tickets/bangalore-to-tirupathi,Bangalore to Tirupati,IntrCity SmartBus,22:00,06h 45m,04:45,4.8,539,28,A/C Seater / Sleeper (2+1)
https://www.redbus.in/bus-tickets/bangalore-to-tirupathi,Bangalore to Tirupati,GreenLine Travels And Holidays,22:00,06h 00m,04:00,3.5,530,35,Non A/C Seater / Sleeper (2+1)
https://www.redbus.in/bus-tickets/bangalore-to-tirupathi,Bangalore to Tirupati,HYBUS,22:00,06h 15m,04:15,4.4,558,26,Bharat Benz A/C Sleeper (2+1)
https://www.redbus.in/bus-tickets/bangalore-to-tirupathi,Bangalore to Tirupati,Rajeswari Travels,22:15,05h 10m,03:25,3.4,399,23,Non A/C Seater / Sleeper (2+1)
https://www.redbus.in/bus-tickets/bangalore-to-tirupathi,Bangalore to Tirupati,Sri Vengamamba Bus Transport (SVBT),22:15,05h 00m,03:15,3.1,530,17,Non A/C Seater / Sleeper (2+1)
https://www.redbus.in/bus-tickets/bangalore-to-tirupathi,Bangalore to Tirupati,Rajeswari Travels,22:20,05h 30m,03:50,3.3,449,24,A/C Seater / Sleeper (2+1)
https://www.redbus.in/bus-tickets/bangalore-to-tirupathi,Bangalore to Tirupati,Vega Bus,22:30,06h 00m,04:30,3.6,569,22,A/C Seater / Sleeper (2+1)
https://www.redbus.in/bus-tickets/bangalore-to-tirupathi,Bangalore to Tirupati,Dream Line Travels Pvt Ltd,22:30,04h 00m,02:30,3.1,591,13,A/C Sleeper (2+1)
https://www.redbus.in/bus-tickets/bangalore-to-tirupathi,Bangalore to Tirupati,IntrCity SmartBus,22:30,04h 20m,02:50,4.1,519,37,A/C Seater / Sleeper (2+1)
https://www.redbus.in/bus-tickets/bangalore-to-tirupathi,Bangalore to Tirupati,National travels,22:30,05h 30m,04:00,4.4,600,20,Bharat Benz A/C Sleeper (2+1)
https://www.redbus.in/bus-tickets/bangalore-to-tirupathi,Bangalore to Tirupati,Varsha Tours And Travels,22:30,05h 45m,04:15,3.1,1999,36,A/C Sleeper (2+1)
https://www.redbus.in/bus-tickets/bangalore-to-tirupathi,Bangalore to Tirupati,IntrCity SmartBus,22:40,04h 10m,02:50,4.9,479,31,A/C Seater / Sleeper (2+1)
https://www.redbus.in/bus-tickets/bangalore-to-tirupathi,Bangalore to Tirupati,LUCKY TRAVELS,22:40,05h 20m,04:00,4.1,599,14,A/C Sleeper (2+1)
https://www.redbus.in/bus-tickets/bangalore-to-tirupathi,Bangalore to Tirupati,Yolo Bus,22:45,05h 48m,04:33,3.7,360,35,Bharat Benz A/C Seater /Sleeper (2+1)
https://www.redbus.in/bus-tickets/bangalore-to-tirupathi,Bangalore to Tirupati,Jabbar Travels,22:45,04h 45m,03:30,3.7,538,11,Bharat Benz A/C Sleeper (2+1)
https://www.redbus.in/bus-tickets/bangalore-to-tirupathi,Bangalore to Tirupati,LUCKY TRAVELS,22:50,05h 30m,04:20,3.2,449,22,NON A/C Sleeper (2+1)
https://www.redbus.in/bus-tickets/bangalore-to-tirupathi,Bangalore to Tirupati,Simhapuri Travels,23:00,04h 00m,03:00,3.5,399,14,NON A/C Sleeper (2+1)
https://www.redbus.in/bus-tickets/bangalore-to-tirupathi,Bangalore to Tirupati,IntrCity SmartBus,23:00,05h 20m,04:20,4.8,479,31,A/C Seater / Sleeper (2+1)
https://www.redbus.in/bus-tickets/bangalore-to-tirupathi,Bangalore to Tirupati,Sri Vinayaka Travels,23:00,04h 30m,03:30,3.8,399,17,A/C Seater / Sleeper (2+1)
https://www.redbus.in/bus-tickets/bangalore-to-tirupathi,Bangalore to Tirupati,NueGo,23:00,06h 15m,05:15,4.1,394,18,Electric A/C Seater (2+2)
https://www.redbus.in/bus-tickets/bangalore-to-tirupathi,Bangalore to Tirupati,FRESHBUS,23:40,05h 50m,05:30,4.6,431,38,Electric A/C Seater (2+2)
https://www.redbus.in/bus-tickets/bangalore-to-tirupathi,Bangalore to Tirupati,NueGo,23:50,05h 30m,05:20,4.1,332,19,Electric A/C Seater (2+2)
https://www.redbus.in/bus-tickets/bangalore-to-tirupathi,Bangalore to Tirupati,Aditya Logistics,23:50,04h 40m,04:30,4.2,599,19,A/C Sleeper (2+1)
https://www.redbus.in/bus-tickets/bangalore-to-tirupathi,Bangalore to Tirupati,SRKT Travels,19:15,04h 40m,23:55,1.9,650,29,A/C Seater / Sleeper (2+1)
https://www.redbus.in/bus-tickets/bangalore-to-tirupathi,Bangalore to Tirupati,Sri Krishna Travels,19:30,06h 00m,01:30,2.5,600,12,Non A/C Seater / Sleeper (2+1)
https://www.redbus.in/bus-tickets/bangalore-to-tirupathi,Bangalore to Tirupati,Vibhav Holidays,20:00,06h 30m,02:30,2.5,649,21,Volvo Multi-Axle B9R A/c Semi Sleeper (2+2)
https://www.redbus.in/bus-tickets/bangalore-to-tirupathi,Bangalore to Tirupati,RK Travels,20:15,07h 45m,04:00,2.7,499,10,Non A/C Seater / Sleeper (2+1)
https://www.redbus.in/bus-tickets/bangalore-to-tirupathi,Bangalore to Tirupati,Sri Shanmukh Travels,20:40,05h 50m,02:30,2.3,600,3,A/C Sleeper (2+1)
https://www.redbus.in/bus-tickets/bangalore-to-tirupathi,Bangalore to Tirupati,Sri Shanmukh Travels,20:40,06h 20m,03:00,2.3,500,6,A/C Sleeper (2+1)
https://www.redbus.in/bus-tickets/bangalore-to-tirupathi,Bangalore to Tirupati,RK Travels,21:00,07h 00m,04:00,1.8,399,29,Non A/C Seater / Sleeper (2+1)
https://www.redbus.in/bus-tickets/bangalore-to-tirupathi,Bangalore to Tirupati,Sai Sri Balaji Travels,21:30,07h 30m,05:00,2.4,550,6,Bharat Benz NON A/C sleeper (2+1)
https://www.redbus.in/bus-tickets/bangalore-to-tirupathi,Bangalore to Tirupati,RDS Travels,22:30,05h 45m,04:15,2.9,3599,36,NON A/C Sleeper (2+1)
https://www.redbus.in/bus-tickets/bangalore-to-tirupathi,Bangalore to Tirupati,Bharathi Travels,23:00,04h 30m,03:30,2.0,404,32,Non A/C Seater / Sleeper (2+1)
https://www.redbus.in/bus-tickets/bangalore-to-tirupathi,Bangalore to Tirupati,Bharathi Travels,23:55,05h 05m,05:00,2.4,600,34,A/C Sleeper (2+1)
https://www.redbus.in/bus-tickets/bangalore-to-tirupathi,Bangalore to Tirupati,Shyamoli Paribahan Pvt Ltd,14:10,04h 20m,18:30,4.2,3295,5,Bharat Benz A/C Seater /Sleeper (2+1)
https://www.redbus.in/bus-tickets/bangalore-to-tirupathi,Bangalore to Tirupati,SVD Vedansh Travels,14:30,06h 30m,21:00,3.0,1209,22,A/C Sleeper (2+1)
https://www.redbus.in/bus-tickets/bangalore-to-tirupathi,Bangalore to Tirupati,Sri Tulasi Tours and Travels,15:00,05h 30m,20:30,3.4,1999,22,A/C Sleeper (2+1)
https://www.redbus.in/bus-tickets/bangalore-to-tirupathi,Bangalore to Tirupati,FlixBus,15:30,06h 50m,22:20,4.1,1159.82,11,A/C Sleeper (2+1)
https://www.redbus.in/bus-tickets/bangalore-to-tirupathi,Bangalore to Tirupati,VKV Travels,16:00,04h 30m,20:30,4.5,979,25,A/C Sleeper (2+1)
https://www.redbus.in/bus-tickets/bangalore-to-tirupathi,Bangalore to Tirupati,Shyamoli Paribahan Pvt Ltd,16:15,05h 00m,21:15,4.5,930,14,Volvo 9600 Multi-Axle A/C Sleeper (2+1)
https://www.redbus.in/bus-tickets/bangalore-to-tirupathi,Bangalore to Tirupati,Sai Balaji Travels,16:15,04h 35m,20:50,4.6,3999,2,A/C Seater / Sleeper (2+1)
https://www.redbus.in/bus-tickets/bangalore-to-tirupathi,Bangalore to Tirupati,Navayuga Travels,16:20,04h 55m,21:15,4.1,842,15,A/C Sleeper (2+1)
https://www.redbus.in/bus-tickets/bangalore-to-tirupathi,Bangalore to Tirupati,Sri Keerthana Sai Travels,16:30,04h 15m,20:45,4.2,6666,24,A/C Sleeper (2+1)
https://www.redbus.in/bus-tickets/bangalore-to-tirupathi,Bangalore to Tirupati,Shree Manikanta Travels,16:30,04h 50m,21:20,3.3,699,20,Volvo 9600 Multi-Axle A/C Sleeper (2+1)
https://www.redbus.in/bus-tickets/bangalore-to-tirupathi,Bangalore to Tirupati,Shyamoli Paribahan Pvt Ltd,17:00,05h 00m,22:00,4.1,1247,10,Volvo 9600 Multi-Axle A/C Sleeper (2+1)
https://www.redbus.in/bus-tickets/bangalore-to-tirupathi,Bangalore to Tirupati,Svkdt travels,17:00,05h 30m,22:30,3.7,941,22,A/C Sleeper (2+1)
https://www.redbus.in/bus-tickets/bangalore-to-tirupathi,Bangalore to Tirupati,Rajesh Transports,17:00,04h 40m,21:40,4.6,1063,17,Volvo 9600 Multi-Axle A/C Sleeper (2+1)
https://www.redbus.in/bus-tickets/bangalore-to-tirupathi,Bangalore to Tirupati,Shyamoli Paribahan Pvt Ltd,17:10,05h 10m,22:20,3.4,936,10,A/C Sleeper (2+1)
https://www.redbus.in/bus-tickets/bangalore-to-tirupathi,Bangalore to Tirupati,Sri Krishna Travels,17:30,05h 15m,22:45,3.0,899,16,A/C Sleeper (2+1)
https://www.redbus.in/bus-tickets/bangalore-to-tirupathi,Bangalore to Tirupati,Sri Durga Malleswari Travels,18:00,05h 55m,23:55,4.1,810,21,A/C Sleeper (2+1)
https://www.redbus.in/bus-tickets/bangalore-to-tirupathi,Bangalore to Tirupati,Yaswanth Travels,18:00,05h 30m,23:30,3.7,2850,31,A/C Sleeper (2+1)
https://www.redbus.in/bus-tickets/bangalore-to-tirupathi,Bangalore to Tirupati,Mayuri Travels,18:00,04h 40m,22:40,3.3,1110,26,A/C Sleeper (2+1)
https://www.redbus.in/bus-tickets/bangalore-to-tirupathi,Bangalore to Tirupati,Navayuga Travels,18:10,04h 30m,22:40,3.8,950,16,A/C Sleeper (2+1)
https://www.redbus.in/bus-tickets/bangalore-to-tirupathi,Bangalore to Tirupati,Sai RK Travels,18:30,04h 30m,23:00,3.5,999,23,A/C Sleeper (2+1)
https://www.redbus.in/bus-tickets/bangalore-to-tirupathi,Bangalore to Tirupati,FlixBus,18:30,06h 41m,01:11,3.9,909.82,14,A/C Sleeper (2+1)
https://www.redbus.in/bus-tickets/bangalore-to-tirupathi,Bangalore to Tirupati,Express Line,19:00,04h 30m,23:30,4.4,1269,13,Volvo 9600 Multi-Axle A/C Sleeper (2+1)
https://www.redbus.in/bus-tickets/bangalore-to-tirupathi,Bangalore to Tirupati,Sri Krishna Travels,19:00,04h 45m,23:45,3.0,859,14,Volvo 9600 Multi-Axle A/C Sleeper (2+1)
https://www.redbus.in/bus-tickets/bangalore-to-tirupathi,Bangalore to Tirupati,Rajesh Transports,19:00,04h 25m,23:25,4.5,1000,23,Volvo 9600 Multi-Axle A/C Sleeper (2+1)
https://www.redbus.in/bus-tickets/bangalore-to-tirupathi,Bangalore to Tirupati,Prasanna Travels,19:00,04h 30m,23:30,3.3,1200,25,A/C Sleeper (2+1)
https://www.redbus.in/bus-tickets/bangalore-to-tirupathi,Bangalore to Tirupati,Jabbar Travels,19:00,05h 30m,00:30,3.2,720,15,VE A/C Sleeper (2+1)
https://www.redbus.in/bus-tickets/bangalore-to-tirupathi,Bangalore to Tirupati,Shyamoli Paribahan Pvt Ltd,19:00,04h 30m,23:30,4.1,811,23,Volvo 9600 A/C Seater/Sleeper (2+1)
https://www.redbus.in/bus-tickets/bangalore-to-tirupathi,Bangalore to Tirupati,Sri Krishna Travels,19:00,04h 30m,23:30,4.1,899,11,A/C Sleeper (2+1)
https://www.redbus.in/bus-tickets/bangalore-to-tirupathi,Bangalore to Tirupati,FlixBus,19:00,07h 36m,02:36,4.0,909.82,27,A/C Sleeper (2+1)
https://www.redbus.in/bus-tickets/bangalore-to-tirupathi,Bangalore to Tirupati,CVR Travels,19:00,11h 05m,06:05,3.5,5000,45,A/C Seater / Sleeper (2+1)
https://www.redbus.in/bus-tickets/bangalore-to-tirupathi,Bangalore to Tirupati,IntrCity SmartBus,19:20,04h 25m,23:45,4.5,859,12,A/C Sleeper (2+1)
https://www.redbus.in/bus-tickets/bangalore-to-tirupathi,Bangalore to Tirupati,Intercity travels,19:35,04h 24m,23:59,4.5,911,18,Bharat Benz A/C Sleeper (2+1)
https://www.redbus.in/bus-tickets/bangalore-to-tirupathi,Bangalore to Tirupati,CCC Bus,19:45,04h 09m,23:54,4.6,949,22,A/C Sleeper (2+1)
https://www.redbus.in/bus-tickets/bangalore-to-tirupathi,Bangalore to Tirupati,Shyamoli Paribahan Pvt Ltd,19:45,04h 14m,23:59,3.7,1100,11,Volvo 9600 Multi-Axle A/C Sleeper (2+1)
https://www.redbus.in/bus-tickets/bangalore-to-tirupathi,Bangalore to Tirupati,IRA Transports,19:45,04h 14m,23:59,4.4,959,21,A/C Sleeper (2+1)
https://www.redbus.in/bus-tickets/bangalore-to-tirupathi,Bangalore to Tirupati,Rajesh Transports,19:45,04h 14m,23:59,3.6,950,25,Volvo 9600 Multi-Axle A/C Sleeper (2+1)
https://www.redbus.in/bus-tickets/bangalore-to-tirupathi,Bangalore to Tirupati,Sanga Tours and Travels,20:00,05h 30m,01:30,4.9,810,20,A/C Sleeper (2+1)
https://www.redbus.in/bus-tickets/bangalore-to-tirupathi,Bangalore to Tirupati,Dhriti Travels,20:00,57h 30m,05:30,3.4,4800,10,NON A/C Seater / Sleeper (2+2)
https://www.redbus.in/bus-tickets/bangalore-to-tirupathi,Bangalore to Tirupati,Mayura Bus,20:00,27h 00m,23:00,4.0,2100,15,A/C Sleeper (2+1)
https://www.redbus.in/bus-tickets/bangalore-to-tirupathi,Bangalore to Tirupati,Sri Vengamamba Bus Transport (SVBT),20:00,05h 15m,01:15,3.6,1082,16,A/C Sleeper (2+1)
https://www.redbus.in/bus-tickets/bangalore-to-tirupathi,Bangalore to Tirupati,GreenLine Travels And Holidays,20:00,06h 30m,02:30,3.5,2199,19,A/C Sleeper (2+1)
https://www.redbus.in/bus-tickets/bangalore-to-tirupathi,Bangalore to Tirupati,Sugama Tourist,20:00,26h 30m,22:30,3.8,2220,34,Volvo Multi-Axle I-Shift A/C Semi Sleeper (2+2)
https://www.redbus.in/bus-tickets/bangalore-to-tirupathi,Bangalore to Tirupati,Pramukh Travels,20:00,03h 30m,23:30,4.6,1199,20,Volvo 9600 Multi-Axle A/C Sleeper (2+1)
https://www.redbus.in/bus-tickets/bangalore-to-tirupathi,Bangalore to Tirupati,National travels,20:00,07h 00m,03:00,4.1,800,25,VE A/C Sleeper (2+1)
https://www.redbus.in/bus-tickets/bangalore-to-tirupathi,Bangalore to Tirupati,Sri Venkataramana Travels,20:00,06h 30m,02:30,3.0,720,28,Non A/C Seater / Sleeper (2+1)
https://www.redbus.in/bus-tickets/bangalore-to-tirupathi,Bangalore to Tirupati,GreenLine Travels And Holidays,20:15,06h 00m,02:15,3.4,2199,20,A/C Sleeper (2+1)
https://www.redbus.in/bus-tickets/bangalore-to-tirupathi,Bangalore to Tirupati,Kamakshi Tours And Travels,20:30,05h 30m,02:00,3.9,1069,8,A/C Sleeper (2+1)
https://www.redbus.in/bus-tickets/bangalore-to-tirupathi,Bangalore to Tirupati,GreenLine Travels And Holidays,20:30,06h 30m,03:00,3.4,2199,15,A/C Sleeper (2+1)
https://www.redbus.in/bus-tickets/bangalore-to-tirupathi,Bangalore to Tirupati,Rajesh Transports,20:30,04h 00m,00:30,4.4,1010,33,A/C Volvo B11R Multi-Axle Sleeper (2+1)
https://www.redbus.in/bus-tickets/bangalore-to-tirupathi,Bangalore to Tirupati,FlixBus,20:30,06h 21m,02:51,4.0,909.82,31,VE A/C Sleeper (2+1)
https://www.redbus.in/bus-tickets/bangalore-to-tirupathi,Bangalore to Tirupati,Butterfly Holidays,20:30,07h 30m,04:00,4.3,6999,27,VE A/C Sleeper (2+1)
https://www.redbus.in/bus-tickets/bangalore-to-tirupathi,Bangalore to Tirupati,Rajesh Transports,20:30,03h 57m,00:27,3.4,1475,32,A/C Volvo B11R Multi-Axle Sleeper (2+1)
https://www.redbus.in/bus-tickets/bangalore-to-tirupathi,Bangalore to Tirupati,GreenLine Travels And Holidays,20:45,06h 15m,03:00,3.4,2199,16,A/C Sleeper (2+1)
https://www.redbus.in/bus-tickets/bangalore-to-tirupathi,Bangalore to Tirupati,Sri Vengamamba Bus Transport (SVBT),20:45,04h 15m,01:00,3.5,784,11,A/C Seater/Sleeper (2+1)
https://www.redbus.in/bus-tickets/bangalore-to-tirupathi,Bangalore to Tirupati,KMBT Travels,21:00,06h 00m,03:00,3.6,731,21,NON A/C Sleeper (2+1)
https://www.redbus.in/bus-tickets/bangalore-to-tirupathi,Bangalore to Tirupati,CHOPPA TRAVELS,21:00,06h 45m,03:45,3.8,699,16,A/C Sleeper (2+1)
https://www.redbus.in/bus-tickets/bangalore-to-tirupathi,Bangalore to Tirupati,Balaji Tourist,21:00,06h 00m,03:00,3.0,2000,1,Volvo Multi-Axle A/C Semisleeper (2+2)
https://www.redbus.in/bus-tickets/bangalore-to-tirupathi,Bangalore to Tirupati,CHOPPA TRAVELS,21:00,06h 30m,03:30,4.0,799,35,Non A/C Seater / Sleeper (2+1)
https://www.redbus.in/bus-tickets/bangalore-to-tirupathi,Bangalore to Tirupati,Sohan Tours & Travels,21:30,05h 50m,03:20,4.9,840,14,Bharat Benz A/C Sleeper (2+1)
https://www.redbus.in/bus-tickets/bangalore-to-tirupathi,Bangalore to Tirupati,Sri Krishna Tour and Travels,21:30,05h 50m,03:20,4.0,1990,27,A/C Sleeper (2+1)
https://www.redbus.in/bus-tickets/bangalore-to-tirupathi,Bangalore to Tirupati,ST Bus &Logistics,21:30,06h 45m,04:15,3.3,3799,49,Scania Multi-Axle AC Semi Sleeper (2+2)
https://www.redbus.in/bus-tickets/bangalore-to-tirupathi,Bangalore to Tirupati,Kaveri Travels,21:30,04h 30m,02:00,3.1,980,24,VE A/C Sleeper (2+1)
https://www.redbus.in/bus-tickets/bangalore-to-tirupathi,Bangalore to Tirupati,KMBT Travels,21:30,05h 30m,03:00,3.9,823,31,A/C Seater / Sleeper (2+1)
https://www.redbus.in/bus-tickets/bangalore-to-tirupathi,Bangalore to Tirupati,Sri Krishna Travels,21:30,04h 30m,02:00,3.0,1000,19,Volvo Multi Axle A/C Sleeper I-Shift B11R (2+1)
https://www.redbus.in/bus-tickets/bangalore-to-tirupathi,Bangalore to Tirupati,Zingbus Plus,21:40,04h 50m,02:30,4.2,796,28,VE A/C Sleeper (2+1)
https://www.redbus.in/bus-tickets/bangalore-to-tirupathi,Bangalore to Tirupati,ASHITHA TRAVELS,21:40,06h 05m,03:45,4.2,759,20,A/C Sleeper (2+1)
https://www.redbus.in/bus-tickets/bangalore-to-tirupathi,Bangalore to Tirupati,LUCKY TRAVELS,21:55,06h 05m,04:00,3.6,799,20,A/C Sleeper (2+1)
https://www.redbus.in/bus-tickets/bangalore-to-tirupathi,Bangalore to Tirupati,Siri SmartBus,22:00,06h 00m,04:00,3.4,698,15,VE A/C Sleeper (2+1)
https://www.redbus.in/bus-tickets/bangalore-to-tirupathi,Bangalore to Tirupati,V Kaveri Travels,22:00,05h 15m,03:15,3.2,728,18,VE A/C Sleeper (2+1)
https://www.redbus.in/bus-tickets/bangalore-to-tirupathi,Bangalore to Tirupati,FlixBus,22:20,06h 40m,05:00,4.0,811.61,34,VE A/C Sleeper (2+1)
https://www.redbus.in/bus-tickets/bangalore-to-tirupathi,Bangalore to Tirupati,AKHILA TRAVELS,22:25,04h 21m,02:46,3.5,749,24,A/C Sleeper (2+1)
https://www.redbus.in/bus-tickets/bangalore-to-tirupathi,Bangalore to Tirupati,IRA Transports,22:30,04h 30m,03:00,3.8,810,21,Bharat Benz A/C Sleeper (2+1)
https://www.redbus.in/bus-tickets/bangalore-to-tirupathi,Bangalore to Tirupati,Rajesh Transports,22:30,04h 00m,02:30,4.5,1675,30,A/C Volvo B11R Multi-Axle Sleeper (2+1)
https://www.redbus.in/bus-tickets/bangalore-to-tirupathi,Bangalore to Tirupati,GRV Yatrikha LLP,22:30,04h 30m,03:00,4.0,849,9,Scania AC Multi Axle Sleeper (2+1)
https://www.redbus.in/bus-tickets/bangalore-to-tirupathi,Bangalore to Tirupati,Rajesh Transports,22:30,03h 30m,02:00,4.3,1080,25,Volvo 9600 Multi-Axle A/C Sleeper (2+1)
https://www.redbus.in/bus-tickets/bangalore-to-tirupathi,Bangalore to Tirupati,GreenLine Travels And Holidays,22:30,05h 30m,04:00,4.9,900,16,VE A/C Sleeper (2+1)
https://www.redbus.in/bus-tickets/bangalore-to-tirupathi,Bangalore to Tirupati,Shyamoli Paribahan Pvt Ltd,22:30,03h 15m,01:45,3.7,1360,9,Volvo Multi Axle A/C Sleeper I-Shift B11R (2+1)
https://www.redbus.in/bus-tickets/bangalore-to-tirupathi,Bangalore to Tirupati,Intercity travels,22:30,05h 00m,03:30,4.3,799,14,A/C Sleeper (2+1)
https://www.redbus.in/bus-tickets/bangalore-to-tirupathi,Bangalore to Tirupati,AKHILA TRAVELS,22:40,04h 21m,03:01,3.4,749,12,A/C Semi Sleeper / Sleeper (2+1)
https://www.redbus.in/bus-tickets/bangalore-to-tirupathi,Bangalore to Tirupati,Dhriti Travels,22:45,05h 45m,04:30,3.1,900,6,VE A/C Sleeper (2+1)
https://www.redbus.in/bus-tickets/bangalore-to-tirupathi,Bangalore to Tirupati,Dhriti Travels,22:45,57h 45m,08:30,3.4,5500,2,VE A/C Sleeper (2+1)
https://www.redbus.in/bus-tickets/bangalore-to-tirupathi,Bangalore to Tirupati,GreenLine Travels And Holidays,23:00,05h 00m,04:00,4.6,1350,19,VE Executive A/C Sleeper (1+1)
https://www.redbus.in/bus-tickets/bangalore-to-tirupathi,Bangalore to Tirupati,BSR Tours And Travels,23:00,04h 00m,03:00,4.4,1376,22,Volvo 9600 Multi-Axle A/C Sleeper (2+1)
https://www.redbus.in/bus-tickets/bangalore-to-tirupathi,Bangalore to Tirupati,Sai Sindhu Travels,23:15,05h 15m,04:30,3.9,890,20,NON A/C Sleeper (2+1)
https://www.redbus.in/bus-tickets/bangalore-to-tirupathi,Bangalore to Tirupati,Rajesh Transports,23:20,04h 10m,03:30,4.4,999,28,A/C Volvo B11R Multi-Axle Sleeper (2+1)
https://www.redbus.in/bus-tickets/bangalore-to-tirupathi,Bangalore to Tirupati,Rajesh Transports,23:20,04h 05m,03:25,4.5,1275,36,A/C Sleeper (2+1)
https://www.redbus.in/bus-tickets/bangalore-to-tirupathi,Bangalore to Tirupati,IntrCity SmartBus,23:25,04h 10m,03:35,4.8,729,27,AC Sleeper (2+1)
https://www.redbus.in/bus-tickets/bangalore-to-tirupathi,Bangalore to Tirupati,Sri Tulasi Tours and Travels,14:00,04h 30m,18:30,2.6,2599,12,A/C Sleeper (2+1)
https://www.redbus.in/bus-tickets/bangalore-to-tirupathi,Bangalore to Tirupati,Naveen Tours and Travels,15:28,06h 52m,22:20,2.6,880,30,VE A/C Seater / Sleeper (2+1)
https://www.redbus.in/bus-tickets/bangalore-to-tirupathi,Bangalore to Tirupati,Komitla Trans lines.,15:30,05h 00m,20:30,2.8,1569,21,NON A/C Sleeper (2+1)
https://www.redbus.in/bus-tickets/bangalore-to-tirupathi,Bangalore to Tirupati,Sri Keerthana Sai Travels,15:30,05h 45m,21:15,2.6,1399,15,A/C Sleeper (2+1)
https://www.redbus.in/bus-tickets/bangalore-to-tirupathi,Bangalore to Tirupati,Sri Tulasi Tours and Travels,16:00,05h 30m,21:30,2.7,3099,17,A/C Sleeper (2+1)
https://www.redbus.in/bus-tickets/bangalore-to-tirupathi,Bangalore to Tirupati,GMC Travels,16:15,04h 55m,21:10,2.6,890,34,A/C Seater / Sleeper (2+1)
https://www.redbus.in/bus-tickets/bangalore-to-tirupathi,Bangalore to Tirupati,Sri Tulasi Tours and Travels,17:00,05h 00m,22:00,2.9,949,21,A/C Sleeper (2+1)
https://www.redbus.in/bus-tickets/bangalore-to-tirupathi,Bangalore to Tirupati,Svkdt travels,17:30,05h 01m,22:31,2.4,1036,23,A/C Sleeper (2+1)
https://www.redbus.in/bus-tickets/bangalore-to-tirupathi,Bangalore to Tirupati,SRI SAI MURALI KRISHNA TRAVELS,17:30,04h 30m,22:00,2.3,4000,30,NON A/C Sleeper (2+1)
https://www.redbus.in/bus-tickets/bangalore-to-tirupathi,Bangalore to Tirupati,Sri Tulasi Tours and Travels,17:30,05h 00m,22:30,2.4,1049,18,A/C Sleeper (2+1)
https://www.redbus.in/bus-tickets/bangalore-to-tirupathi,Bangalore to Tirupati,Svkdt travels,18:30,05h 10m,23:40,2.7,1131,19,Scania AC Multi Axle Sleeper (2+1)
https://www.redbus.in/bus-tickets/bangalore-to-tirupathi,Bangalore to Tirupati,Chaitra Sri Travels,18:30,06h 20m,00:50,2.7,3999,41,Non A/C Seater / Sleeper (2+1)
https://www.redbus.in/bus-tickets/bangalore-to-tirupathi,Bangalore to Tirupati,Morning Star Travels,18:30,05h 20m,23:50,2.7,790,20,A/C Sleeper (2+1)
https://www.redbus.in/bus-tickets/bangalore-to-tirupathi,Bangalore to Tirupati,Vibhav Holidays,19:00,27h 00m,22:00,2.7,2095,13,A/C Sleeper (2+1)
https://www.redbus.in/bus-tickets/bangalore-to-tirupathi,Bangalore to Tirupati,Morning Star Travels,19:15,04h 40m,23:55,2.7,1090,23,Volvo Multi Axle B9R A/C Sleeper (2+1)
https://www.redbus.in/bus-tickets/bangalore-to-tirupathi,Bangalore to Tirupati,Chaitra Sri Travels,19:15,06h 30m,01:45,1.9,899,26,NON A/C Sleeper (2+1)
https://www.redbus.in/bus-tickets/bangalore-to-tirupathi,Bangalore to Tirupati,Svkdt travels,19:30,05h 10m,00:40,2.9,1226,15,A/C Sleeper (2+1)
https://www.redbus.in/bus-tickets/bangalore-to-tirupathi,Bangalore to Tirupati,Chalasani Travels (Kaleswari),19:30,04h 33m,00:03,1.7,1000,16,A/C Sleeper (2+1)
https://www.redbus.in/bus-tickets/bangalore-to-tirupathi,Bangalore to Tirupati,Varsha Tours And Travels,19:30,27h 40m,23:10,2.7,1899,20,A/C Sleeper (2+1)
https://www.redbus.in/bus-tickets/bangalore-to-tirupathi,Bangalore to Tirupati,Vibhav Holidays,20:00,26h 30m,22:30,2.7,2095,16,A/C Sleeper (2+1)
https://www.redbus.in/bus-tickets/bangalore-to-tirupathi,Bangalore to Tirupati,Vibhav Holidays,20:00,26h 00m,22:00,1.7,1809,26,Volvo Multi-Axle B9R A/c Semi Sleeper (2+2)
https://www.redbus.in/bus-tickets/bangalore-to-tirupathi,Bangalore to Tirupati,Varsha Tours And Travels,20:30,25h 30m,22:00,2.8,1999,20,A/C Sleeper (2+1)
https://www.redbus.in/bus-tickets/bangalore-to-tirupathi,Bangalore to Tirupati,Sri Vengamamba Bus Transport (SVBT),20:30,05h 00m,01:30,1.8,1136,9,A/C Sleeper (2+1)
https://www.redbus.in/bus-tickets/bangalore-to-tirupathi,Bangalore to Tirupati,Sai Sri Balaji Travels,20:45,37h 00m,09:45,2.3,2550,6,Bharat Benz NON A/C sleeper (2+1)
https://www.redbus.in/bus-tickets/bangalore-to-tirupathi,Bangalore to Tirupati,NSK Travels,20:45,06h 15m,03:00,1.8,900,36,A/C Sleeper (2+1)
https://www.redbus.in/bus-tickets/bangalore-to-tirupathi,Bangalore to Tirupati,Harikrishna Travels,21:00,05h 15m,02:15,2.9,713,31,Non A/C Seater / Sleeper (2+1)
https://www.redbus.in/bus-tickets/bangalore-to-tirupathi,Bangalore to Tirupati,Chalasani Travels (Kaleswari),21:00,04h 10m,01:10,2.4,1000,19,A/C Sleeper (2+1)
https://www.redbus.in/bus-tickets/bangalore-to-tirupathi,Bangalore to Tirupati,Durga Shree Travels,21:05,24h 30m,21:35,2.6,2399,17,A/C Sleeper (2+1)
https://www.redbus.in/bus-tickets/bangalore-to-tirupathi,Bangalore to Tirupati,Svkdt travels,21:30,04h 30m,02:00,1.7,941,25,A/C Sleeper (2+1)
https://www.redbus.in/bus-tickets/bangalore-to-tirupathi,Bangalore to Tirupati,Varsha Tours And Travels,21:30,23h 00m,20:30,2.9,1999,25,A/C Sleeper (2+1)
https://www.redbus.in/bus-tickets/bangalore-to-tirupathi,Bangalore to Tirupati,Komitla Trans lines.,22:00,03h 55m,01:55,2.7,919,23,NON A/C Sleeper (2+1)
https://www.redbus.in/bus-tickets/bangalore-to-tirupathi,Bangalore to Tirupati,Morning Star Travels,22:25,04h 00m,02:25,2.9,990,22,A/C Sleeper (2+1)
https://www.redbus.in/bus-tickets/bangalore-to-tirupathi,Bangalore to Tirupati,Jabbar Travels,22:45,05h 15m,04:00,2.9,929,2,NON A/C Sleeper (2+1)
https://www.redbus.in/bus-tickets/bangalore-to-tirupathi,Bangalore to Tirupati,Chalasani Travels (Kaleswari),23:20,04h 00m,03:20,3.6,1000,21,A/C Sleeper (2+1)
https://www.redbus.in/bus-tickets/bangalore-to-tirupathi,Bangalore to Tirupati,VRL Travels,17:00,04h 00m,21:00,3.6,1700,21,Volvo 9600 Multi-Axle A/C Sleeper (2+1)
https://www.redbus.in/bus-tickets/bangalore-to-tirupathi,Bangalore to Tirupati,VRL Travels,18:15,04h 00m,22:15,3.6,1100,44,Volvo A/C B11R Multi Axle Semi Sleeper (2+2)
https://www.redbus.in/bus-tickets/ongole-to-hyderabad,Ongole to Hyderabad,Vikram Travels,23:15,07h 03m,06:18,4.7,1049,20,A/C Sleeper (2+1)
https://www.redbus.in/bus-tickets/ongole-to-hyderabad,Ongole to Hyderabad,Sri Vengamamba Bus Transport (SVBT),23:00,07h 35m,06:35,4.5,785,18,A/C Seater / Sleeper (2+1)
https://www.redbus.in/bus-tickets/ongole-to-hyderabad,Ongole to Hyderabad,V Kaveri Travels,22:45,07h 15m,06:00,4.6,700,18,NON A/C Sleeper (2+1)
https://www.redbus.in/bus-tickets/ongole-to-hyderabad,Ongole to Hyderabad,AdKKaveri Travels,23:00,07h 10m,06:10,3.6,880,21,Non A/C Seater / Sleeper (2+1)
https://www.redbus.in/bus-tickets/ongole-to-hyderabad,Ongole to Hyderabad,Sri Vengamamba Bus Transport (SVBT),22:30,07h 35m,06:05,4.4,1000,16,A/C Sleeper (2+1)
https://www.redbus.in/bus-tickets/ongole-to-hyderabad,Ongole to Hyderabad,Kaveri Travels,21:50,08h 05m,05:55,4.3,1080,19,A/C Sleeper (2+1)
https://www.redbus.in/bus-tickets/ongole-to-hyderabad,Ongole to Hyderabad,Pspk Bus,21:20,08h 20m,05:40,4.3,550,21,Non A/C Seater / Sleeper (2+1)
https://www.redbus.in/bus-tickets/ongole-to-hyderabad,Ongole to Hyderabad,AdKKaveri Travels,21:30,08h 25m,05:55,3.5,600,17,Non A/C Seater / Sleeper (2+1)
https://www.redbus.in/bus-tickets/ongole-to-hyderabad,Ongole to Hyderabad,Kaveri Travels,23:30,07h 10m,06:40,4.0,1080,22,Volvo Multi Axle A/C Sleeper I-Shift B11R (2+1)
https://www.redbus.in/bus-tickets/ongole-to-hyderabad,Ongole to Hyderabad,Kaveri Travels,21:50,07h 40m,05:30,4.1,500,30,Non A/C Seater / Sleeper (2+1)
https://www.redbus.in/bus-tickets/ongole-to-hyderabad,Ongole to Hyderabad,V Kaveri Travels,23:20,06h 55m,06:15,4.3,899,17,Scania AC Multi Axle Sleeper (2+1)
https://www.redbus.in/bus-tickets/ongole-to-hyderabad,Ongole to Hyderabad,Kaveri Travels,23:10,07h 30m,06:40,4.0,550,22,NON AC Seater / Sleeper 2+1
https://www.redbus.in/bus-tickets/ongole-to-hyderabad,Ongole to Hyderabad,V Kaveri Travels,22:00,07h 45m,05:45,4.3,800,24,NON A/C Sleeper (2+1)
https://www.redbus.in/bus-tickets/ongole-to-hyderabad,Ongole to Hyderabad,Jagan Travels,23:15,07h 02m,06:17,4.3,772,20,Non A/C Seater / Sleeper (2+1)
https://www.redbus.in/bus-tickets/ongole-to-hyderabad,Ongole to Hyderabad,V Kaveri Travels,22:00,08h 00m,06:00,4.0,1190,23,Volvo Multi-Axle A/C Sleeper (2+1)
https://www.redbus.in/bus-tickets/ongole-to-hyderabad,Ongole to Hyderabad,Chandu Travels,23:35,06h 55m,06:30,3.9,846,24,A/C Sleeper (2+1)
https://www.redbus.in/bus-tickets/ongole-to-hyderabad,Ongole to Hyderabad,KKaveri Travels,23:30,07h 15m,06:45,3.9,1000,18,Volvo Multi-Axle A/C Sleeper (2+1)
https://www.redbus.in/bus-tickets/ongole-to-hyderabad,Ongole to Hyderabad,IntrCity SmartBus,23:40,06h 40m,06:20,4.4,1029,18,A/C Sleeper (2+1)
https://www.redbus.in/bus-tickets/ongole-to-hyderabad,Ongole to Hyderabad,V Kaveri Travels,23:00,07h 40m,06:40,4.2,600,24,Non A/C Seater / Sleeper (2+1)
https://www.redbus.in/bus-tickets/ongole-to-hyderabad,Ongole to Hyderabad,Mozo travels,00:40,07h 02m,07:42,4.3,949,17,A/C Sleeper (2+1)
https://www.redbus.in/bus-tickets/ongole-to-hyderabad,Ongole to Hyderabad,Kamakshi Tours And Travels,21:45,08h 43m,06:28,3.9,550,25,Non A/C Seater / Sleeper (2+1)
https://www.redbus.in/bus-tickets/ongole-to-hyderabad,Ongole to Hyderabad,Sri Krishna Travels,23:45,06h 47m,06:32,3.7,1160,25,Volvo Multi-Axle A/C Sleeper (2+1)
https://www.redbus.in/bus-tickets/ongole-to-hyderabad,Ongole to Hyderabad,Sri Krishna Travels,22:50,07h 22m,06:12,3.6,1050,18,Volvo Multi-Axle A/C Sleeper (2+1)
https://www.redbus.in/bus-tickets/ongole-to-hyderabad,Ongole to Hyderabad,Sri Krishna Travels,22:30,07h 15m,05:45,3.7,560,26,Non A/C Seater / Sleeper (2+1)
https://www.redbus.in/bus-tickets/ongole-to-hyderabad,Ongole to Hyderabad,Sri Krishna Travels,22:15,07h 30m,05:45,3.7,560,27,Non A/C Seater / Sleeper (2+1)
https://www.redbus.in/bus-tickets/ongole-to-hyderabad,Ongole to Hyderabad,Cherry tours&travels,21:30,08h 00m,05:30,3.4,637,21,A/C Seater / Sleeper (2+1)
https://www.redbus.in/bus-tickets/ongole-to-hyderabad,Ongole to Hyderabad,SVT Travels,23:10,07h 35m,06:45,3.5,681,35,A/C Seater / Sleeper (2+1)
https://www.redbus.in/bus-tickets/ongole-to-hyderabad,Ongole to Hyderabad,SVT Travels,21:30,08h 47m,06:17,3.5,4000,33,A/C Seater / Sleeper (2+1)
https://www.redbus.in/bus-tickets/ongole-to-hyderabad,Ongole to Hyderabad,Poojitha Travels,22:45,07h 15m,06:00,3.5,3000,45,A/C Seater / Sleeper (2+1)
https://www.redbus.in/bus-tickets/ongole-to-hyderabad,Ongole to Hyderabad,Poojitha Travels,22:00,08h 40m,06:40,3.5,4000,45,A/C Seater / Sleeper (2+1)
https://www.redbus.in/bus-tickets/ongole-to-hyderabad,Ongole to Hyderabad,VV Vinayak Travels,22:10,08h 30m,06:40,3.4,929,20,A/C Sleeper (2+1)
https://www.redbus.in/bus-tickets/ongole-to-hyderabad,Ongole to Hyderabad,Sri Lakshmi Narasimha Travels (SLNT),22:20,08h 00m,06:20,3.8,549,27,Non A/C Seater / Sleeper (2+1)
https://www.redbus.in/bus-tickets/ongole-to-hyderabad,Ongole to Hyderabad,Sri Lakshmi Narasimha Travels (SLNT),22:10,07h 15m,05:25,4.1,499,20,Non A/C Seater / Sleeper (2+1)
https://www.redbus.in/bus-tickets/ongole-to-hyderabad,Ongole to Hyderabad,Vihari Travels,21:50,08h 00m,05:50,3.7,570,32,NON AC Seater / Sleeper 2+1
https://www.redbus.in/bus-tickets/ongole-to-hyderabad,Ongole to Hyderabad,Vihari Travels,22:15,08h 20m,06:35,3.6,760,13,NON A/C Sleeper (2+1)
https://www.redbus.in/bus-tickets/ongole-to-hyderabad,Ongole to Hyderabad,Padmavathi Travels,23:50,06h 44m,06:34,4.0,800,23,A/C Sleeper (2+1)
https://www.redbus.in/bus-tickets/ongole-to-hyderabad,Ongole to Hyderabad,New Slnst Travels,22:35,06h 40m,05:15,3.8,968,17,A/C Sleeper (2+1)
https://www.redbus.in/bus-tickets/ongole-to-hyderabad,Ongole to Hyderabad,VV Vinayak Travels,22:30,08h 10m,06:40,3.6,477,20,Non A/C Seater / Sleeper (2+1)
https://www.redbus.in/bus-tickets/ongole-to-hyderabad,Ongole to Hyderabad,Yolo Bus,23:39,06h 40m,06:19,3.1,470,30,Bharat Benz A/C Seater /Sleeper (2+1)
https://www.redbus.in/bus-tickets/ongole-to-hyderabad,Ongole to Hyderabad,VV Vinayak Travels,22:20,07h 50m,06:10,3.8,533,19,Non A/C Seater / Sleeper (2+1)
https://www.redbus.in/bus-tickets/ongole-to-hyderabad,Ongole to Hyderabad,VV Vinayak Travels,22:30,07h 25m,05:55,3.1,500,25,Non A/C Seater / Sleeper (2+1)
https://www.redbus.in/bus-tickets/ongole-to-hyderabad,Ongole to Hyderabad,V Kaveri Travels,23:45,07h 00m,06:45,3.5,1000,18,A/C Sleeper (2+1)
https://www.redbus.in/bus-tickets/ongole-to-hyderabad,Ongole to Hyderabad,Morning Star Travels,23:45,06h 20m,06:05,3.0,990,29,A/C Sleeper (2+1)
https://www.redbus.in/bus-tickets/ongole-to-hyderabad,Ongole to Hyderabad,Sai Vijetha Travels,21:45,07h 50m,05:35,4.4,428,36,Non A/C Seater / Sleeper (2+1)
https://www.redbus.in/bus-tickets/ongole-to-hyderabad,Ongole to Hyderabad,Sri Sahasra Tours and Travels,22:45,08h 02m,06:47,3.8,549,13,A/C Seater / Sleeper (2+1)
https://www.redbus.in/bus-tickets/ongole-to-hyderabad,Ongole to Hyderabad,V Kaveri Travels,23:00,07h 15m,06:15,3.3,820,13,Non A/C Seater / Sleeper (2+1)
https://www.redbus.in/bus-tickets/ongole-to-hyderabad,Ongole to Hyderabad,Cherry tours&travels,22:45,07h 30m,06:15,3.3,570,36,Non A/C Seater / Sleeper (2+1)
https://www.redbus.in/bus-tickets/ongole-to-hyderabad,Ongole to Hyderabad,Kaveri Travels,01:00,06h 35m,07:35,4.3,699,18,A/C Sleeper (2+1)
https://www.redbus.in/bus-tickets/ongole-to-hyderabad,Ongole to Hyderabad,Kaveri Travels,22:40,08h 05m,06:45,3.3,680,3,Non A/C Seater / Sleeper (2+1)
https://www.redbus.in/bus-tickets/ongole-to-hyderabad,Ongole to Hyderabad,Sri Lakshmi Narasimha Travels (SLNT),22:30,08h 00m,06:30,3.7,610,20,Non A/C Seater / Sleeper (2+1)
https://www.redbus.in/bus-tickets/ongole-to-hyderabad,Ongole to Hyderabad,Kaveri Travels,00:30,07h 00m,07:30,3.1,1080,23,Volvo Multi Axle B9R A/C Sleeper (2+1)
https://www.redbus.in/bus-tickets/ongole-to-hyderabad,Ongole to Hyderabad,Sri Laxmi Sravanthi Siva Tours And Travels,22:00,07h 59m,05:59,3.2,599,36,Non A/C Seater / Sleeper (2+1)
https://www.redbus.in/bus-tickets/ongole-to-hyderabad,Ongole to Hyderabad,SAI PRASANNA TRAVELS,21:55,07h 36m,05:31,2.9,550,21,Non A/C Seater / Sleeper (2+1)
https://www.redbus.in/bus-tickets/ongole-to-hyderabad,Ongole to Hyderabad,Sri Krishna Travels,23:59,07h 16m,07:15,3.3,1100,13,Volvo Multi Axle A/C Sleeper I-Shift B11R (2+1)
https://www.redbus.in/bus-tickets/ongole-to-hyderabad,Ongole to Hyderabad,Chandu Travels,23:05,06h 15m,05:20,2.9,684,10,Non A/C Seater / Sleeper (2+1)
https://www.redbus.in/bus-tickets/ongole-to-hyderabad,Ongole to Hyderabad,Sri Tulasi Tours and Travels,23:22,07h 08m,06:30,2.8,749,28,A/C Seater / Sleeper (2+1)
https://www.redbus.in/bus-tickets/ongole-to-hyderabad,Ongole to Hyderabad,Sri Laxmi Sravanthi Siva Tours And Travels,22:52,07h 23m,06:15,2.7,555,39,Non A/C Seater / Sleeper (2+1)
https://www.redbus.in/bus-tickets/ongole-to-hyderabad,Ongole to Hyderabad,Kaveri Travels,23:45,07h 20m,07:05,4.1,680,26,Non A/C Seater / Sleeper (2+1)
https://www.redbus.in/bus-tickets/ongole-to-hyderabad,Ongole to Hyderabad,Vihari Travels,23:10,07h 40m,06:50,2.8,941,7,NON AC Seater / Sleeper 2+1
https://www.redbus.in/bus-tickets/ongole-to-hyderabad,Ongole to Hyderabad,Zingbus Plus,23:40,07h 35m,07:15,2.3,860,23,A/C Sleeper (2+1)
https://www.redbus.in/bus-tickets/ongole-to-hyderabad,Ongole to Hyderabad,Chandu Travels,23:20,06h 50m,06:10,2.7,1254,3,A/C Sleeper (2+1)
https://www.redbus.in/bus-tickets/ongole-to-hyderabad,Ongole to Hyderabad,SVT Travels,23:10,07h 35m,06:45,2.0,521,34,A/C Seater / Sleeper (2+1)
https://www.redbus.in/bus-tickets/ongole-to-hyderabad,Ongole to Hyderabad,KKaveri Travels,23:58,07h 04m,07:02,1.0,1100,25,Volvo Multi-Axle A/C Sleeper (2+1)
https://www.redbus.in/bus-tickets/ongole-to-hyderabad,Ongole to Hyderabad,Sri Lakshmi Narasimha Travels (SLNT),23:40,07h 05m,06:45,3.9,790,22,A/C Sleeper (2+1)
https://www.redbus.in/bus-tickets/ongole-to-hyderabad,Ongole to Hyderabad,V Kaveri Travels,21:30,08h 10m,05:40,3.5,600,30,Non A/C Seater / Sleeper (2+1)
https://www.redbus.in/bus-tickets/ongole-to-hyderabad,Ongole to Hyderabad,Sri Krishna Travels,22:30,07h 30m,06:00,3.4,2000,35,Non A/C Seater / Sleeper (2+1)
https://www.redbus.in/bus-tickets/ongole-to-hyderabad,Ongole to Hyderabad,V Kaveri Travels,23:45,07h 05m,06:50,3.8,600,34,Non A/C Seater / Sleeper (2+1)
https://www.redbus.in/bus-tickets/ongole-to-hyderabad,Ongole to Hyderabad,Sri Krishna Travels,23:59,06h 56m,06:55,3.5,790,25,A/C Seater / Sleeper (2+1)
https://www.redbus.in/bus-tickets/ongole-to-hyderabad,Ongole to Hyderabad,Cherry tours&travels,22:15,06h 50m,05:05,2.6,542,17,Non A/C Seater / Sleeper (2+1)
https://www.redbus.in/bus-tickets/ongole-to-hyderabad,Ongole to Hyderabad,Rajeswari Travels,23:50,06h 37m,06:27,3.7,849,14,Non A/C Seater / Sleeper (2+1)
https://www.redbus.in/bus-tickets/ongole-to-hyderabad,Ongole to Hyderabad,Lakshmi Travels,22:00,07h 25m,05:25,3.3,449,27,Non A/C Seater / Sleeper (2+1)
https://www.redbus.in/bus-tickets/ongole-to-hyderabad,Ongole to Hyderabad,Sri Laxmi Sravanthi Siva Tours And Travels,21:35,08h 10m,05:45,3.2,599,24,Non A/C Seater / Sleeper (2+1)
https://www.redbus.in/bus-tickets/ongole-to-hyderabad,Ongole to Hyderabad,Meghana Travels,23:30,07h 05m,06:35,2.8,850,25,A/C Sleeper (2+1)
https://www.redbus.in/bus-tickets/ongole-to-hyderabad,Ongole to Hyderabad,Cherry tours&travels,21:30,08h 00m,05:30,3.6,1500,16,Non A/C Seater / Sleeper (2+1)
https://www.redbus.in/bus-tickets/ongole-to-hyderabad,Ongole to Hyderabad,Ramu Tours & Travels,23:30,07h 10m,06:40,2.5,540,32,A/C Seater / Sleeper (2+1)
https://www.redbus.in/bus-tickets/ongole-to-hyderabad,Ongole to Hyderabad,Sri Laxmi Sravanthi Siva Tours And Travels,21:45,08h 10m,05:55,2.6,575,23,Non A/C Seater / Sleeper (2+1)
https://www.redbus.in/bus-tickets/ongole-to-hyderabad,Ongole to Hyderabad,VV Vinayak Travels,22:30,08h 10m,06:40,2.3,515,24,Non A/C Seater / Sleeper (2+1)
https://www.redbus.in/bus-tickets/ongole-to-hyderabad,Ongole to Hyderabad,Sri Tulasi Tours and Travels,21:55,07h 20m,05:15,3.0,589,21,Non A/C Seater / Sleeper (2+1)
https://www.redbus.in/bus-tickets/ongole-to-hyderabad,Ongole to Hyderabad,Ramu Tours & Travels,23:00,06h 45m,05:45,1.7,540,30,A/C Seater / Sleeper (2+1)
https://www.redbus.in/bus-tickets/ongole-to-hyderabad,Ongole to Hyderabad,Cherry tours&travels,22:15,07h 15m,05:30,1.4,570,9,Non A/C Seater / Sleeper (2+1)
https://www.redbus.in/bus-tickets/ongole-to-hyderabad,Ongole to Hyderabad,KTC Travels,23:55,06h 00m,05:55,2.2,2000,23,A/C Seater / Sleeper (2+1)
https://www.redbus.in/bus-tickets/ongole-to-hyderabad,Ongole to Hyderabad,Sri Laxmi Sravanthi Siva Tours And Travels,22:55,06h 58m,05:53,2.4,599,40,Non A/C Seater / Sleeper (2+1)
https://www.redbus.in/bus-tickets/ongole-to-hyderabad,Ongole to Hyderabad,KMBT Travels,22:00,07h 50m,05:50,2.6,463,10,Non A/C Seater / Sleeper (2+1)
https://www.redbus.in/bus-tickets/ongole-to-hyderabad,Ongole to Hyderabad,SAI PRASANNA TRAVELS,21:45,08h 21m,06:06,2.1,2222,27,Non A/C Seater / Sleeper (2+1)
https://www.redbus.in/bus-tickets/ongole-to-hyderabad,Ongole to Hyderabad,Sri Laxmi Sravanthi Siva Tours And Travels,22:00,07h 45m,05:45,2.9,599,25,Non A/C Seater / Sleeper (2+1)
https://www.redbus.in/bus-tickets/ongole-to-hyderabad,Ongole to Hyderabad,Sai Vijetha Travels,22:30,07h 50m,06:20,4.4,3800,52,Non A/C Seater / Sleeper (2+1)
https://www.redbus.in/bus-tickets/ongole-to-hyderabad,Ongole to Hyderabad,Harikrishna Travels,23:55,05h 55m,05:50,2.5,1140,31,Non A/C Seater / Sleeper (2+1)
https://www.redbus.in/bus-tickets/ongole-to-hyderabad,Ongole to Hyderabad,Padmavathi Travels,23:59,06h 35m,06:34,4.0,700,24,NON A/C Sleeper (2+1)
https://www.redbus.in/bus-tickets/ongole-to-hyderabad,Ongole to Hyderabad,Sri Sahasra Tours and Travels,23:50,06h 23m,06:13,3.7,949,28,A/C Sleeper (2+1)
https://www.redbus.in/bus-tickets/ongole-to-hyderabad,Ongole to Hyderabad,KMBT Travels,22:00,07h 50m,05:50,3.4,2303,25,NON A/C Sleeper (2+1)
https://www.redbus.in/bus-tickets/ongole-to-hyderabad,Ongole to Hyderabad,Vihari Travels,23:10,07h 40m,06:50,3.4,969,12,NON A/C Sleeper (2+1)
https://www.redbus.in/bus-tickets/ongole-to-hyderabad,Ongole to Hyderabad,Rajeswari Travels,23:20,06h 37m,05:57,3.3,849,14,Non A/C Seater / Sleeper (2+1)
https://www.redbus.in/bus-tickets/ongole-to-hyderabad,Ongole to Hyderabad,Lakshmi Travels,22:00,05h 00m,03:00,3.2,499,28,Non A/C Seater / Sleeper (2+1)
https://www.redbus.in/bus-tickets/ongole-to-hyderabad,Ongole to Hyderabad,Cherry tours&travels,22:45,07h 30m,06:15,3.0,637,28,Non A/C Seater / Sleeper (2+1)
https://www.redbus.in/bus-tickets/ongole-to-hyderabad,Ongole to Hyderabad,Sri Laxmi Sravanthi Siva Tours And Travels,22:00,07h 59m,05:59,2.9,599,31,Non A/C Seater / Sleeper (2+1)
https://www.redbus.in/bus-tickets/ongole-to-hyderabad,Ongole to Hyderabad,SAI PRASANNA TRAVELS,20:15,09h 46m,06:01,2.8,3000,27,Non A/C Seater / Sleeper (2+1)
https://www.redbus.in/bus-tickets/ongole-to-hyderabad,Ongole to Hyderabad,Shree Saipooja Travels,23:15,06h 00m,05:15,2.6,3000,42,A/C Seater/Sleeper (2+1)
https://www.redbus.in/bus-tickets/ananthapur-to-bangalore,Anantapur (andhra pradesh) to Bangalore,TGSRTC - 1001,23:35,04h 25m,04:00,3.0,340,17,LAHARI A/C SLEEPER CUM SEATER
https://www.redbus.in/bus-tickets/ananthapur-to-bangalore,Anantapur (andhra pradesh) to Bangalore,Royal Rich India - R No 208,20:10,03h 35m,23:45,4.6,1400,17,Bharat Benz A/C Sleeper (2+1)
https://www.redbus.in/bus-tickets/ananthapur-to-bangalore,Anantapur (andhra pradesh) to Bangalore,Shyamoli Paribahan Pvt Ltd,23:40,02h 45m,02:25,4.6,900,24,Volvo 9600 Multi-Axle A/C Sleeper (2+1)
https://www.redbus.in/bus-tickets/ananthapur-to-bangalore,Anantapur (andhra pradesh) to Bangalore,Kallada Travels (Suresh Kallada),20:25,03h 35m,00:00,4.0,550,32,Volvo Multi-Axle I-Shift A/C Semi Sleeper (2+2)
https://www.redbus.in/bus-tickets/ananthapur-to-bangalore,Anantapur (andhra pradesh) to Bangalore,Royal Rich India,18:10,04h 50m,23:00,4.7,1000,20,Bharat Benz A/C Sleeper (2+1)
https://www.redbus.in/bus-tickets/ananthapur-to-bangalore,Anantapur (andhra pradesh) to Bangalore,BHAIRAVA TOURS AND TRAVELS,23:59,05h 46m,05:45,3.7,600,28,Non A/C Seater / Sleeper (2+1)
https://www.redbus.in/bus-tickets/ananthapur-to-bangalore,Anantapur (andhra pradesh) to Bangalore,YAS Tours and Travels,22:00,01h 59m,23:59,4.2,1200,27,Volvo Multi Axle A/C Sleeper I-Shift B11R (2+1)
https://www.redbus.in/bus-tickets/ananthapur-to-bangalore,Anantapur (andhra pradesh) to Bangalore,OVR Travels,23:40,05h 50m,05:30,4.2,650,20,Non A/C Seater / Sleeper (2+1)
https://www.redbus.in/bus-tickets/ananthapur-to-bangalore,Anantapur (andhra pradesh) to Bangalore,OVR Travels,23:40,05h 50m,05:30,3.1,850,15,NON A/C Sleeper (2+1)
https://www.redbus.in/bus-tickets/ananthapur-to-bangalore,Anantapur (andhra pradesh) to Bangalore,VEERA & SRI KALESWARI TRAVELS,23:45,06h 25m,06:10,4.9,600,24,Non A/C Seater / Sleeper (2+1)
https://www.redbus.in/bus-tickets/ananthapur-to-bangalore,Anantapur (andhra pradesh) to Bangalore,YAS Tours and Travels,23:55,03h 50m,03:45,4.1,1200,24,Volvo Multi Axle A/C Sleeper I-Shift B11R (2+1)
https://www.redbus.in/bus-tickets/ananthapur-to-bangalore,Anantapur (andhra pradesh) to Bangalore,Delta Transports Pvt Ltd,00:20,03h 00m,03:20,4.5,1800,21,Volvo 9600 Multi-Axle A/C Sleeper (2+1)
https://www.redbus.in/bus-tickets/ananthapur-to-bangalore,Anantapur (andhra pradesh) to Bangalore,Kallada Travels (Suresh Kallada),20:05,03h 45m,23:50,4.1,850,27,A/C Sleeper (2+1)
https://www.redbus.in/bus-tickets/ananthapur-to-bangalore,Anantapur (andhra pradesh) to Bangalore,Northern Travels,18:30,03h 00m,21:30,2.0,490,9,Bharat Benz A/C Seater /Sleeper (2+1)
https://www.redbus.in/bus-tickets/ananthapur-to-bangalore,Anantapur (andhra pradesh) to Bangalore,YAS Tours and Travels,20:15,03h 40m,23:55,3.0,1200,28,Volvo Multi Axle A/C Sleeper I-Shift B11R (2+1)
https://www.redbus.in/bus-tickets/ananthapur-to-bangalore,Anantapur (andhra pradesh) to Bangalore,Dream Line Travels Pvt Ltd,04:20,05h 25m,09:45,2.9,765,19,VE A/C Sleeper (2+1)
https://www.redbus.in/bus-tickets/ananthapur-to-bangalore,Anantapur (andhra pradesh) to Bangalore,Kallada Travels (Suresh Kallada),22:55,03h 30m,02:25,1.0,900,31,A/C Sleeper (2+1)
https://www.redbus.in/bus-tickets/ananthapur-to-bangalore,Anantapur (andhra pradesh) to Bangalore,Kallada Travels (Suresh Kallada),23:00,03h 25m,02:25,2.2,900,22,A/C Sleeper (2+1)
https://www.redbus.in/bus-tickets/ananthapur-to-bangalore,Anantapur (andhra pradesh) to Bangalore,KSM Roadways,15:30,03h 35m,19:05,4.8,1599,29,A/C Volvo B11R Multi-Axle Sleeper (2+1)
https://www.redbus.in/bus-tickets/ananthapur-to-bangalore,Anantapur (andhra pradesh) to Bangalore,Sri Vengamamba Bus Transport (SVBT),23:59,04h 31m,04:30,4.4,550,15,A/C Seater / Sleeper (2+1)
https://www.redbus.in/bus-tickets/ananthapur-to-bangalore,Anantapur (andhra pradesh) to Bangalore,GreenLine Travels And Holidays,01:00,05h 10m,06:10,4.1,999,29,NON A/C Sleeper (2+1)
https://www.redbus.in/bus-tickets/ananthapur-to-bangalore,Anantapur (andhra pradesh) to Bangalore,Skyline Transport,23:15,05h 15m,04:30,4.1,3999,45,Non A/C Seater / Sleeper (2+1)
https://www.redbus.in/bus-tickets/ananthapur-to-bangalore,Anantapur (andhra pradesh) to Bangalore,GreenLine Travels And Holidays,01:50,03h 55m,05:45,4.1,999,29,NON A/C Sleeper (2+1)
https://www.redbus.in/bus-tickets/ananthapur-to-bangalore,Anantapur (andhra pradesh) to Bangalore,GreenLine Travels And Holidays,01:45,04h 45m,06:30,4.1,999,26,NON A/C Sleeper (2+1)
https://www.redbus.in/bus-tickets/ananthapur-to-bangalore,Anantapur (andhra pradesh) to Bangalore,GreenLine Travels And Holidays,01:30,04h 00m,05:30,4.1,999,13,NON A/C Sleeper (2+1)
https://www.redbus.in/bus-tickets/ananthapur-to-bangalore,Anantapur (andhra pradesh) to Bangalore,GreenLine Travels And Holidays,01:15,03h 50m,05:05,4.1,1110,17,A/C Sleeper (2+1)
https://www.redbus.in/bus-tickets/ananthapur-to-bangalore,Anantapur (andhra pradesh) to Bangalore,BigBus,21:10,03h 35m,00:45,3.9,1400,17,Volvo 9600 Multi-Axle A/C Sleeper (2+1)
https://www.redbus.in/bus-tickets/ananthapur-to-bangalore,Anantapur (andhra pradesh) to Bangalore,BigBus,21:30,03h 00m,00:30,3.9,1300,12,Volvo 9600 Multi-Axle A/C Sleeper (2+1)
https://www.redbus.in/bus-tickets/ananthapur-to-bangalore,Anantapur (andhra pradesh) to Bangalore,Kallada Travels (Suresh Kallada),22:50,04h 10m,03:00,3.5,550,48,Scania Multi-Axle AC Semi Sleeper (2+2)
https://www.redbus.in/bus-tickets/ananthapur-to-bangalore,Anantapur (andhra pradesh) to Bangalore,Orange Tours and Travels,21:45,03h 30m,01:15,3.5,800,20,Scania AC Multi Axle Sleeper (2+1)
https://www.redbus.in/bus-tickets/ananthapur-to-bangalore,Anantapur (andhra pradesh) to Bangalore,Orange Tours and Travels,23:00,03h 30m,02:30,3.5,900,26,Volvo Multi-Axle Sleeper A/C (2+1)
https://www.redbus.in/bus-tickets/ananthapur-to-bangalore,Anantapur (andhra pradesh) to Bangalore,Orange Tours and Travels,23:30,03h 00m,02:30,3.5,1600,4,Bharat Benz A/C Sleeper (2+1)
https://www.redbus.in/bus-tickets/ananthapur-to-bangalore,Anantapur (andhra pradesh) to Bangalore,Kallada Travels (Suresh Kallada),23:55,03h 05m,03:00,3.5,1200,24,A/C Sleeper (2+1)
https://www.redbus.in/bus-tickets/ananthapur-to-bangalore,Anantapur (andhra pradesh) to Bangalore,Kallada Travels (Suresh Kallada),21:25,03h 55m,01:20,3.5,900,24,Scania AC Multi Axle Sleeper (2+1)
https://www.redbus.in/bus-tickets/ananthapur-to-bangalore,Anantapur (andhra pradesh) to Bangalore,YAS Tours and Travels,22:05,03h 25m,01:30,3.6,700,38,Volvo A/C B11R Multi Axle Semi Sleeper (2+2)
https://www.redbus.in/bus-tickets/ananthapur-to-bangalore,Anantapur (andhra pradesh) to Bangalore,YAS Tours and Travels,20:20,03h 25m,23:45,4.5,700,31,Volvo A/C Semi Sleeper (2+2)
https://www.redbus.in/bus-tickets/ananthapur-to-bangalore,Anantapur (andhra pradesh) to Bangalore,PSK Travels,23:40,04h 05m,03:45,3.4,1490,12,Bharat Benz A/C Sleeper (2+1)
https://www.redbus.in/bus-tickets/ananthapur-to-bangalore,Anantapur (andhra pradesh) to Bangalore,PSK Travels,20:45,03h 40m,00:25,3.4,1090,28,Volvo Multi Axle A/C Sleeper I-Shift B11R (2+1)
https://www.redbus.in/bus-tickets/ananthapur-to-bangalore,Anantapur (andhra pradesh) to Bangalore,PSK Travels,00:20,03h 20m,03:40,3.4,1490,29,Volvo Multi Axle A/C Sleeper I-Shift B11R (2+1)
https://www.redbus.in/bus-tickets/ananthapur-to-bangalore,Anantapur (andhra pradesh) to Bangalore,SRI GURU SAI TRAVELS,23:15,04h 00m,03:15,2.1,1499,27,A/C Sleeper (2+1)
https://www.redbus.in/bus-tickets/bangalore-to-kadapa,Bangalore to Kadapa,Jathin travels,18:20,07h 40m,02:00,4.1,650,26,A/C Seater / Sleeper (2+1)
https://www.redbus.in/bus-tickets/bangalore-to-kadapa,Bangalore to Kadapa,Shiva Parvathi Tours And Travels,19:00,07h 30m,02:30,4.4,500,26,A/C Seater / Sleeper (2+1)
https://www.redbus.in/bus-tickets/bangalore-to-kadapa,Bangalore to Kadapa,BHAIRAVA TOURS AND TRAVELS,19:15,07h 45m,03:00,3.8,499,22,Non A/C Seater / Sleeper (2+1)
https://www.redbus.in/bus-tickets/bangalore-to-kadapa,Bangalore to Kadapa,AdAR & BCVR Travels,20:30,07h 30m,04:00,3.7,500,41,Non A/C Seater / Sleeper (2+1)
https://www.redbus.in/bus-tickets/bangalore-to-kadapa,Bangalore to Kadapa,Royal Voyage Travels (RVT),19:20,08h 05m,03:25,3.6,600,24,A/C Seater / Sleeper (2+1)
https://www.redbus.in/bus-tickets/bangalore-to-kadapa,Bangalore to Kadapa,Giridhar Tours and Travels,19:24,07h 51m,03:15,4.7,700,26,A/C Seater/Sleeper (2+1)
https://www.redbus.in/bus-tickets/bangalore-to-kadapa,Bangalore to Kadapa,Giridhar Tours and Travels,19:30,07h 40m,03:10,4.7,600,8,Non A/C Seater / Sleeper (2+1)
https://www.redbus.in/bus-tickets/bangalore-to-kadapa,Bangalore to Kadapa,AdAR & BCVR Travels,21:30,06h 30m,04:00,4.2,500,29,Non A/C Seater / Sleeper (2+1)
https://www.redbus.in/bus-tickets/bangalore-to-kadapa,Bangalore to Kadapa,Amara Tours And Travels,19:30,07h 30m,03:00,4.6,749,19,A/C Seater / Sleeper (2+1)
https://www.redbus.in/bus-tickets/bangalore-to-kadapa,Bangalore to Kadapa,SLVT Travels,19:40,06h 50m,02:30,3.4,499,26,Non A/C Seater / Sleeper (2+1)
https://www.redbus.in/bus-tickets/bangalore-to-kadapa,Bangalore to Kadapa,Sri Vinayaka Travels,19:45,09h 00m,04:45,4.1,599,9,NON A/C Sleeper (2+1)
https://www.redbus.in/bus-tickets/bangalore-to-kadapa,Bangalore to Kadapa,CGR Travels,19:55,08h 30m,04:25,4.1,550,6,Non A/C Seater / Sleeper (2+1)
https://www.redbus.in/bus-tickets/bangalore-to-kadapa,Bangalore to Kadapa,Sri Vengamamba Bus Transport (SVBT),20:00,06h 10m,02:10,4.8,600,20,Non A/C Seater / Sleeper (2+1)
https://www.redbus.in/bus-tickets/bangalore-to-kadapa,Bangalore to Kadapa,VEERA & SRI KALESWARI TRAVELS,20:00,08h 10m,04:10,3.3,500,2,Non A/C Seater / Sleeper (2+1)
https://www.redbus.in/bus-tickets/bangalore-to-kadapa,Bangalore to Kadapa,V Kaveri Travels,20:00,06h 00m,02:00,3.4,700,24,Non A/C Seater / Sleeper (2+1)
https://www.redbus.in/bus-tickets/bangalore-to-kadapa,Bangalore to Kadapa,SLNS Travels,20:00,07h 30m,03:30,4.1,1000,11,A/C Sleeper (2+1)
https://www.redbus.in/bus-tickets/bangalore-to-kadapa,Bangalore to Kadapa,Sri Vinayaka Travels,20:10,07h 50m,04:00,4.2,750,12,A/C Sleeper (2+1)
https://www.redbus.in/bus-tickets/bangalore-to-kadapa,Bangalore to Kadapa,CGR Travels,20:10,09h 35m,05:45,3.9,400,26,NON A/C Semi Sleeper / Sleeper (2+1)
https://www.redbus.in/bus-tickets/bangalore-to-kadapa,Bangalore to Kadapa,CGR Travels,20:15,08h 30m,04:45,4.1,400,35,Non A/C Seater / Sleeper (2+1)
https://www.redbus.in/bus-tickets/bangalore-to-kadapa,Bangalore to Kadapa,Maheswari Travels,20:15,07h 45m,04:00,4.1,499,20,Non A/C Seater / Sleeper (2+1)
https://www.redbus.in/bus-tickets/bangalore-to-kadapa,Bangalore to Kadapa,SUVARNAMUKHI TRAVELS,20:15,08h 00m,04:15,3.9,800,16,A/C Sleeper (2+1)
https://www.redbus.in/bus-tickets/bangalore-to-kadapa,Bangalore to Kadapa,Sri Vengamamba Bus Transport (SVBT),20:30,06h 00m,02:30,3.6,800,15,A/C Sleeper (2+1)
https://www.redbus.in/bus-tickets/bangalore-to-kadapa,Bangalore to Kadapa,PRL BUS,20:30,07h 30m,04:00,4.1,699,31,A/C Seater / Sleeper (2+1)
https://www.redbus.in/bus-tickets/bangalore-to-kadapa,Bangalore to Kadapa,Sri Vengamamba Bus Transport (SVBT),20:30,06h 00m,02:30,4.9,828,17,A/C Seater / Sleeper (2+1)
https://www.redbus.in/bus-tickets/bangalore-to-kadapa,Bangalore to Kadapa,Bharath Travels,20:30,08h 00m,04:30,3.0,590,17,Non A/C Seater / Sleeper (2+1)
https://www.redbus.in/bus-tickets/bangalore-to-kadapa,Bangalore to Kadapa,Maheswari Travels,20:30,08h 05m,04:35,3.8,399,31,Non A/C Seater / Sleeper (2+1)
https://www.redbus.in/bus-tickets/bangalore-to-kadapa,Bangalore to Kadapa,Sri Shrinivasa Bus Transport (SSBT),20:30,06h 00m,02:30,4.6,660,28,Non A/C Seater / Sleeper (2+1)
https://www.redbus.in/bus-tickets/bangalore-to-kadapa,Bangalore to Kadapa,Indu Travels,20:35,07h 50m,04:25,3.4,450,32,Non A/C Seater / Sleeper (2+1)
https://www.redbus.in/bus-tickets/bangalore-to-kadapa,Bangalore to Kadapa,Maheswari Travels,20:35,07h 55m,04:30,4.0,499,18,Non A/C Seater / Sleeper (2+1)
https://www.redbus.in/bus-tickets/bangalore-to-kadapa,Bangalore to Kadapa,HARITHA TRAVELS,20:40,07h 50m,04:30,3.6,598,20,A/C Seater / Sleeper (2+1)
https://www.redbus.in/bus-tickets/bangalore-to-kadapa,Bangalore to Kadapa,HARITHA TRAVELS,20:40,07h 20m,04:00,4.1,398,32,Non A/C Seater / Sleeper (2+1)
https://www.redbus.in/bus-tickets/bangalore-to-kadapa,Bangalore to Kadapa,Sri Vengamamba Bus Transport (SVBT),20:45,06h 00m,02:45,4.7,600,23,Non A/C Seater / Sleeper (2+1)
https://www.redbus.in/bus-tickets/bangalore-to-kadapa,Bangalore to Kadapa,Indu Travels,20:50,06h 50m,03:40,3.6,399,20,Non A/C Seater / Sleeper (2+1)
https://www.redbus.in/bus-tickets/bangalore-to-kadapa,Bangalore to Kadapa,PRL BUS,21:00,07h 15m,04:15,4.2,600,24,Non A/C Seater / Sleeper (2+1)
https://www.redbus.in/bus-tickets/bangalore-to-kadapa,Bangalore to Kadapa,Indu Travels,21:00,07h 15m,04:15,3.6,700,18,A/C Sleeper (2+1)
https://www.redbus.in/bus-tickets/bangalore-to-kadapa,Bangalore to Kadapa,AR & BCVR Travels,21:00,07h 00m,04:00,4.1,500,27,Non A/C Seater / Sleeper (2+1)
https://www.redbus.in/bus-tickets/bangalore-to-kadapa,Bangalore to Kadapa,Sri Shrinivasa Bus Transport (SSBT),21:00,06h 00m,03:00,4.0,660,29,Non A/C Seater / Sleeper (2+1)
https://www.redbus.in/bus-tickets/bangalore-to-kadapa,Bangalore to Kadapa,RK Travels,21:10,07h 20m,04:30,4.2,500,26,Non A/C Seater / Sleeper (2+1)
https://www.redbus.in/bus-tickets/bangalore-to-kadapa,Bangalore to Kadapa,SREE RUDRA TRAVELS,21:15,06h 00m,03:15,4.7,450,34,Non A/C Seater / Sleeper (2+1)
https://www.redbus.in/bus-tickets/bangalore-to-kadapa,Bangalore to Kadapa,INDHU BUS,21:40,07h 00m,04:40,3.9,450,30,Non A/C Seater / Sleeper (2+1)
https://www.redbus.in/bus-tickets/bangalore-to-kadapa,Bangalore to Kadapa,Sri Vengamamba Bus Transport (SVBT),21:45,06h 10m,03:55,4.1,600,14,Non A/C Seater / Sleeper (2+1)
https://www.redbus.in/bus-tickets/bangalore-to-kadapa,Bangalore to Kadapa,S R Travels,19:15,08h 00m,03:15,2.7,690,6,Non A/C Seater / Sleeper (2+1)
https://www.redbus.in/bus-tickets/bangalore-to-kadapa,Bangalore to Kadapa,AR & BCVR Travels,20:15,08h 20m,04:35,2.9,500,36,Non A/C Seater / Sleeper (2+1)
https://www.redbus.in/bus-tickets/bangalore-to-kadapa,Bangalore to Kadapa,SEVEN HILLS TRAVELS,21:00,07h 10m,04:10,2.9,500,30,Non A/C Seater / Sleeper (2+1)
https://www.redbus.in/bus-tickets/bangalore-to-kadapa,Bangalore to Kadapa,Indu Travels,21:15,06h 15m,03:30,2.0,449,32,Non A/C Seater / Sleeper (2+1)
https://www.redbus.in/bus-tickets/bangalore-to-kadapa,Bangalore to Kadapa,Sri Shrinivasa Bus Transport (SSBT),22:30,06h 00m,04:30,1.9,660,24,NON A/C Semi Sleeper / Sleeper (2+1)
https://www.redbus.in/bus-tickets/bangalore-to-kadapa,Bangalore to Kadapa,Sri Vengamamba Bus Transport (SVBT),21:00,06h 00m,03:00,4.0,1292,12,A/C Sleeper (2+1)
https://www.redbus.in/bus-tickets/bangalore-to-kadapa,Bangalore to Kadapa,BABA TRAVELS,21:15,07h 15m,04:30,3.8,2000,36,Non A/C Seater / Sleeper (2+1)
https://www.redbus.in/bus-tickets/bangalore-to-kadapa,Bangalore to Kadapa,V Kaveri Travels,21:00,06h 00m,03:00,2.1,1290,19,A/C Sleeper (2+1)
https://www.redbus.in/bus-tickets/chittoor-andhra-pradesh-to-bangalore,Chittoor (Andhra Pradesh) to Bangalore,Venson Transports,11:10,04h 50m,16:00,3.3,275,58,Non AC Seater (2+3)
https://www.redbus.in/bus-tickets/chittoor-andhra-pradesh-to-bangalore,Chittoor (Andhra Pradesh) to Bangalore,NueGo,12:20,05h 25m,17:45,4.1,332,15,Electric A/C Seater (2+2)
https://www.redbus.in/bus-tickets/chittoor-andhra-pradesh-to-bangalore,Chittoor (Andhra Pradesh) to Bangalore,NueGo,13:20,06h 00m,19:20,4.5,332,23,Electric A/C Seater (2+2)
https://www.redbus.in/bus-tickets/chittoor-andhra-pradesh-to-bangalore,Chittoor (Andhra Pradesh) to Bangalore,FRESHBUS,13:40,03h 55m,17:35,4.9,323,22,Electric A/C Seater (2+2)
https://www.redbus.in/bus-tickets/chittoor-andhra-pradesh-to-bangalore,Chittoor (Andhra Pradesh) to Bangalore,Navayuga Travels,14:05,05h 25m,19:30,3.6,249,26,A/C Seater / Sleeper (2+1)
https://www.redbus.in/bus-tickets/chittoor-andhra-pradesh-to-bangalore,Chittoor (Andhra Pradesh) to Bangalore,Yolo Bus,14:36,04h 37m,19:13,3.3,349,27,Bharat Benz A/C Seater /Sleeper (2+1)
https://www.redbus.in/bus-tickets/chittoor-andhra-pradesh-to-bangalore,Chittoor (Andhra Pradesh) to Bangalore,FRESHBUS,15:40,04h 15m,19:55,4.4,341,25,Electric A/C Seater (2+2)
https://www.redbus.in/bus-tickets/chittoor-andhra-pradesh-to-bangalore,Chittoor (Andhra Pradesh) to Bangalore,Yolo Bus,15:37,04h 37m,20:14,3.6,300,17,Bharat Benz A/C Seater /Sleeper (2+1)
https://www.redbus.in/bus-tickets/chittoor-andhra-pradesh-to-bangalore,Chittoor (Andhra Pradesh) to Bangalore,NueGo,16:50,06h 00m,22:50,3.7,332,29,Electric A/C Seater (2+2)
https://www.redbus.in/bus-tickets/chittoor-andhra-pradesh-to-bangalore,Chittoor (Andhra Pradesh) to Bangalore,FRESHBUS,17:40,03h 40m,21:20,4.6,422,19,Electric A/C Seater (2+2)
https://www.redbus.in/bus-tickets/chittoor-andhra-pradesh-to-bangalore,Chittoor (Andhra Pradesh) to Bangalore,Bharathi Travels,19:00,03h 45m,22:45,3.8,550,26,A/C Sleeper (2+1)
https://www.redbus.in/bus-tickets/chittoor-andhra-pradesh-to-bangalore,Chittoor (Andhra Pradesh) to Bangalore,NueGo,19:20,28h 25m,23:45,4.5,332,39,Electric A/C Seater (2+2)
https://www.redbus.in/bus-tickets/chittoor-andhra-pradesh-to-bangalore,Chittoor (Andhra Pradesh) to Bangalore,NueGo,20:50,05h 25m,02:15,3.7,332,40,Electric A/C Seater (2+2)
https://www.redbus.in/bus-tickets/chittoor-andhra-pradesh-to-bangalore,Chittoor (Andhra Pradesh) to Bangalore,NueGo,23:20,05h 25m,04:45,4.4,332,32,Electric A/C Seater (2+2)
https://www.redbus.in/bus-tickets/chittoor-andhra-pradesh-to-bangalore,Chittoor (Andhra Pradesh) to Bangalore,Yolo Bus,23:21,04h 37m,03:58,3.4,350,35,Bharat Benz A/C Seater /Sleeper (2+1)
https://www.redbus.in/bus-tickets/chittoor-andhra-pradesh-to-bangalore,Chittoor (Andhra Pradesh) to Bangalore,FRESHBUS,23:40,04h 00m,03:40,4.8,440,35,Electric A/C Seater (2+2)
https://www.redbus.in/bus-tickets/chittoor-andhra-pradesh-to-bangalore,Chittoor (Andhra Pradesh) to Bangalore,FRESHBUS,00:25,03h 55m,04:20,4.4,485,31,Electric A/C Seater (2+2)
https://www.redbus.in/bus-tickets/chittoor-andhra-pradesh-to-bangalore,Chittoor (Andhra Pradesh) to Bangalore,RK Travels,00:40,05h 05m,05:45,3.8,499,17,Non A/C Seater / Sleeper (2+1)
https://www.redbus.in/bus-tickets/chittoor-andhra-pradesh-to-bangalore,Chittoor (Andhra Pradesh) to Bangalore,FRESHBUS,01:15,04h 05m,05:20,4.6,458,34,Electric A/C Seater (2+2)
https://www.redbus.in/bus-tickets/chittoor-andhra-pradesh-to-bangalore,Chittoor (Andhra Pradesh) to Bangalore,Yolo Bus,13:06,04h 37m,17:43,2.0,350,15,Bharat Benz A/C Seater /Sleeper (2+1)
https://www.redbus.in/bus-tickets/chittoor-andhra-pradesh-to-bangalore,Chittoor (Andhra Pradesh) to Bangalore,Venson Transports,14:10,05h 05m,19:15,2.2,275,58,Non AC Seater (2+3)
https://www.redbus.in/bus-tickets/chittoor-andhra-pradesh-to-bangalore,Chittoor (Andhra Pradesh) to Bangalore,Yolo Bus,20:21,04h 37m,00:58,2.5,340,31,Bharat Benz A/C Seater /Sleeper (2+1)
https://www.redbus.in/bus-tickets/chittoor-andhra-pradesh-to-bangalore,Chittoor (Andhra Pradesh) to Bangalore,Dhriti Travels,21:15,02h 40m,23:55,3.4,900,21,VE A/C Sleeper (2+1)
https://www.redbus.in/bus-tickets/chittoor-andhra-pradesh-to-bangalore,Chittoor (Andhra Pradesh) to Bangalore,Sai Sindhu Travels,00:59,04h 01m,05:00,3.5,690,18,NON A/C Sleeper (2+1)
https://www.redbus.in/bus-tickets/chittoor-andhra-pradesh-to-bangalore,Chittoor (Andhra Pradesh) to Bangalore,Sri Durga Malleswari Travels,02:45,05h 45m,08:30,4.1,4050,32,A/C Sleeper (2+1)
https://www.redbus.in/bus-tickets/bangalore-to-ananthapur,Bangalore to Anantapur (andhra pradesh),IntrCity SmartBus,19:00,04h 00m,23:00,4.5,399,26,A/C Seater / Sleeper (2+1)
https://www.redbus.in/bus-tickets/bangalore-to-ananthapur,Bangalore to Anantapur (andhra pradesh),Zingbus Plus,20:00,03h 55m,23:55,4.2,836,24,A/C Sleeper (2+1)
https://www.redbus.in/bus-tickets/bangalore-to-ananthapur,Bangalore to Anantapur (andhra pradesh),IntrCity SmartBus,21:45,03h 45m,01:30,4.1,529,33,A/C Seater / Sleeper (2+1)
https://www.redbus.in/bus-tickets/bangalore-to-ananthapur,Bangalore to Anantapur (andhra pradesh),IntrCity SmartBus,20:55,03h 50m,00:45,3.9,769,12,AC Sleeper (2+1)
https://www.redbus.in/bus-tickets/bangalore-to-ananthapur,Bangalore to Anantapur (andhra pradesh),Royal Rich India - R No 102,23:35,03h 35m,03:10,4.7,1000,28,Bharat Benz A/C Sleeper (2+1)
https://www.redbus.in/bus-tickets/bangalore-to-ananthapur,Bangalore to Anantapur (andhra pradesh),BHAIRAVA TOURS AND TRAVELS,20:45,05h 45m,02:30,4.3,600,28,Non A/C Seater / Sleeper (2+1)
https://www.redbus.in/bus-tickets/bangalore-to-ananthapur,Bangalore to Anantapur (andhra pradesh),IntrCity SmartBus,20:00,04h 10m,00:10,4.5,769,21,Bharat Benz A/C Sleeper (2+1)
https://www.redbus.in/bus-tickets/bangalore-to-ananthapur,Bangalore to Anantapur (andhra pradesh),Zingbus Plus,21:35,03h 40m,01:15,5.0,759,26,Scania AC Multi Axle Sleeper (2+1)
https://www.redbus.in/bus-tickets/bangalore-to-ananthapur,Bangalore to Anantapur (andhra pradesh),Go Tour Travels and Holidays,22:30,03h 30m,02:00,4.8,849,16,A/C Sleeper (2+1)
https://www.redbus.in/bus-tickets/bangalore-to-ananthapur,Bangalore to Anantapur (andhra pradesh),YAS Tours and Travels,00:20,03h 40m,04:00,3.9,900,41,Volvo A/C B11R Multi Axle Semi Sleeper (2+2)
https://www.redbus.in/bus-tickets/bangalore-to-ananthapur,Bangalore to Anantapur (andhra pradesh),Sugama Tourist,22:45,04h 15m,03:00,3.8,800,14,NON A/C Sleeper (2+1)
https://www.redbus.in/bus-tickets/bangalore-to-ananthapur,Bangalore to Anantapur (andhra pradesh),IntrCity SmartBus,21:20,03h 50m,01:10,4.1,529,26,VE A/C Seater / Sleeper (2+1)
https://www.redbus.in/bus-tickets/bangalore-to-ananthapur,Bangalore to Anantapur (andhra pradesh),BRS Travels,21:00,05h 00m,02:00,3.2,800,23,A/C Sleeper (2+1)
https://www.redbus.in/bus-tickets/bangalore-to-ananthapur,Bangalore to Anantapur (andhra pradesh),Jabbar Travels,22:30,04h 00m,02:30,4.6,664,23,NON A/C Semi Sleeper / Sleeper (2+1)
https://www.redbus.in/bus-tickets/bangalore-to-ananthapur,Bangalore to Anantapur (andhra pradesh),Sugama Tourist,22:30,04h 00m,02:30,4.4,650,19,Non A/C Seater / Sleeper (2+1)
https://www.redbus.in/bus-tickets/bangalore-to-ananthapur,Bangalore to Anantapur (andhra pradesh),OVR Travels,20:00,07h 00m,03:00,4.2,650,46,Non A/C Seater / Sleeper (2+1)
https://www.redbus.in/bus-tickets/bangalore-to-ananthapur,Bangalore to Anantapur (andhra pradesh),Nagashree Travels,23:00,04h 45m,03:45,3.7,800,24,NON A/C Sleeper (2+1)
https://www.redbus.in/bus-tickets/bangalore-to-ananthapur,Bangalore to Anantapur (andhra pradesh),Sri Durgamba Travels - R No 15,22:30,04h 30m,03:00,3.5,650,32,Non A/C Seater / Sleeper (2+1)
https://www.redbus.in/bus-tickets/bangalore-to-ananthapur,Bangalore to Anantapur (andhra pradesh),YAS Tours and Travels,00:40,03h 50m,04:30,3.9,1500,7,Volvo Multi Axle A/C Sleeper I-Shift B11R (2+1)
https://www.redbus.in/bus-tickets/bangalore-to-ananthapur,Bangalore to Anantapur (andhra pradesh),Sri Vinayaka Travels,20:00,04h 45m,00:45,4.3,560,27,NON A/C Seater/ Sleeper (2+1)
https://www.redbus.in/bus-tickets/bangalore-to-ananthapur,Bangalore to Anantapur (andhra pradesh),GreenLine Travels And Holidays,21:30,05h 30m,03:00,4.0,999,26,VE A/C Sleeper (2+1)
https://www.redbus.in/bus-tickets/bangalore-to-ananthapur,Bangalore to Anantapur (andhra pradesh),IntrCity SmartBus,22:55,03h 45m,02:40,3.2,1799,1,AC Sleeper (2+1)
https://www.redbus.in/bus-tickets/bangalore-to-ananthapur,Bangalore to Anantapur (andhra pradesh),Yolo Bus,21:04,02h 38m,23:42,3.4,800,25,Bharat Benz A/C Sleeper (2+1)
https://www.redbus.in/bus-tickets/bangalore-to-ananthapur,Bangalore to Anantapur (andhra pradesh),Kallada Travels (Suresh Kallada),00:45,03h 15m,04:00,2.0,700,38,Volvo Multi-Axle I-Shift A/C Semi Sleeper (2+2)
https://www.redbus.in/bus-tickets/bangalore-to-ananthapur,Bangalore to Anantapur (andhra pradesh),S.L Travels,18:50,04h 45m,23:35,2.8,712,26,NON A/C Sleeper (2+1)
https://www.redbus.in/bus-tickets/bangalore-to-ananthapur,Bangalore to Anantapur (andhra pradesh),Tranzindia Travels,21:30,04h 30m,02:00,1.7,575,24,Non A/C Seater / Sleeper (2+1)
https://www.redbus.in/bus-tickets/bangalore-to-ananthapur,Bangalore to Anantapur (andhra pradesh),Shyamoli Paribahan Pvt Ltd,22:30,04h 15m,02:45,2.8,800,32,Volvo 9600 Multi-Axle A/C Sleeper (2+1)
https://www.redbus.in/bus-tickets/bangalore-to-ananthapur,Bangalore to Anantapur (andhra pradesh),Dhanunjaya Travels,23:59,03h 31m,03:30,1.6,499,26,A/C Seater / Sleeper (2+1)
https://www.redbus.in/bus-tickets/bangalore-to-ananthapur,Bangalore to Anantapur (andhra pradesh),Streamline tours and travels,23:15,05h 30m,04:45,2.4,899,22,Bharat Benz A/C Sleeper (2+1)
https://www.redbus.in/bus-tickets/bangalore-to-ananthapur,Bangalore to Anantapur (andhra pradesh),Kallada Travels (Suresh Kallada),23:30,03h 25m,02:55,2.4,1000,28,A/C Sleeper (2+1)
https://www.redbus.in/bus-tickets/bangalore-to-ananthapur,Bangalore to Anantapur (andhra pradesh),OVR Travels,20:40,06h 20m,03:00,2.6,850,24,NON A/C Sleeper (2+1)
https://www.redbus.in/bus-tickets/bangalore-to-ananthapur,Bangalore to Anantapur (andhra pradesh),IntrCity SmartBus,20:25,04h 00m,00:25,1.9,599,33,A/C Seater / Sleeper (2+1)
https://www.redbus.in/bus-tickets/bangalore-to-ananthapur,Bangalore to Anantapur (andhra pradesh),KSM Roadways,22:45,02h 55m,01:40,4.8,1599,30,A/C Volvo B11R Multi-Axle Sleeper (2+1)
https://www.redbus.in/bus-tickets/bangalore-to-ananthapur,Bangalore to Anantapur (andhra pradesh),KSM Roadways,22:00,03h 10m,01:10,4.8,1599,30,A/C Volvo B11R Multi-Axle Sleeper (2+1)
https://www.redbus.in/bus-tickets/bangalore-to-ananthapur,Bangalore to Anantapur (andhra pradesh),TVK TRAVELS,22:00,03h 15m,01:15,4.7,1199,16,Bharat Benz A/C Sleeper (2+1)
https://www.redbus.in/bus-tickets/bangalore-to-ananthapur,Bangalore to Anantapur (andhra pradesh),Jabbar Travels,21:45,03h 45m,01:30,4.6,765,25,Scania AC Multi Axle Sleeper (2+1)
https://www.redbus.in/bus-tickets/bangalore-to-ananthapur,Bangalore to Anantapur (andhra pradesh),KSM Roadways,22:30,02h 35m,01:05,4.8,1599,27,A/C Volvo B11R Multi-Axle Sleeper (2+1)
https://www.redbus.in/bus-tickets/bangalore-to-ananthapur,Bangalore to Anantapur (andhra pradesh),Mythri Tours And Travels,20:30,03h 29m,23:59,4.6,1000,15,A/C Sleeper (2+1)
https://www.redbus.in/bus-tickets/bangalore-to-ananthapur,Bangalore to Anantapur (andhra pradesh),Mythri Tours And Travels,20:15,03h 40m,23:55,4.6,849,24,A/C Sleeper (2+1)
https://www.redbus.in/bus-tickets/bangalore-to-ananthapur,Bangalore to Anantapur (andhra pradesh),Go Tour Travels and Holidays,22:00,03h 45m,01:45,4.8,1017,23,Scania AC Multi Axle Sleeper (2+1)
https://www.redbus.in/bus-tickets/bangalore-to-ananthapur,Bangalore to Anantapur (andhra pradesh),Go Tour Travels and Holidays,22:30,03h 30m,02:00,4.8,1120,26,Volvo 9600 Multi-Axle A/C Sleeper (2+1)
https://www.redbus.in/bus-tickets/bangalore-to-ananthapur,Bangalore to Anantapur (andhra pradesh),KSM Roadways,21:00,04h 15m,01:15,4.8,1679,15,Bharat Benz A/C Sleeper (2+1)
https://www.redbus.in/bus-tickets/bangalore-to-ananthapur,Bangalore to Anantapur (andhra pradesh),KSM Roadways,22:35,02h 25m,01:00,4.8,3199,11,Bharat Benz A/C Sleeper (1+1)
https://www.redbus.in/bus-tickets/bangalore-to-ananthapur,Bangalore to Anantapur (andhra pradesh),Go Tour Travels and Holidays,21:45,03h 45m,01:30,4.8,1027,29,Scania AC Multi Axle Sleeper (2+1)
https://www.redbus.in/bus-tickets/bangalore-to-ananthapur,Bangalore to Anantapur (andhra pradesh),SMRR Bus,19:30,06h 30m,02:00,3.5,950,27,Volvo Multi Axle A/C Sleeper I-Shift B11R (2+1)
https://www.redbus.in/bus-tickets/bangalore-to-ananthapur,Bangalore to Anantapur (andhra pradesh),Pramukh Travels,23:15,02h 45m,02:00,4.6,1199,20,Volvo 9600 Multi-Axle A/C Sleeper (2+1)
https://www.redbus.in/bus-tickets/bangalore-to-ananthapur,Bangalore to Anantapur (andhra pradesh),Pramukh Travels,23:00,02h 45m,01:45,4.6,1299,26,Volvo 9600 Multi-Axle A/C Sleeper (2+1)
https://www.redbus.in/bus-tickets/bangalore-to-ananthapur,Bangalore to Anantapur (andhra pradesh),Pramukh Travels,22:00,03h 00m,01:00,4.6,1199,25,Volvo 9600 Multi-Axle A/C Sleeper (2+1)
https://www.redbus.in/bus-tickets/bangalore-to-ananthapur,Bangalore to Anantapur (andhra pradesh),Jabbar Travels,21:00,04h 00m,01:00,4.6,765,18,VE A/C Sleeper (2+1)
https://www.redbus.in/bus-tickets/bangalore-to-ananthapur,Bangalore to Anantapur (andhra pradesh),Jabbar Travels,22:00,03h 30m,01:30,4.6,804,19,Scania AC Multi Axle Sleeper (2+1)
https://www.redbus.in/bus-tickets/bangalore-to-ananthapur,Bangalore to Anantapur (andhra pradesh),Mythri Tours And Travels,21:55,04h 35m,02:30,4.6,999,11,A/C Sleeper (2+1)
https://www.redbus.in/bus-tickets/bangalore-to-ananthapur,Bangalore to Anantapur (andhra pradesh),KSM Roadways,12:20,03h 10m,15:30,4.8,1599,30,A/C Volvo B11R Multi-Axle Sleeper (2+1)
https://www.redbus.in/bus-tickets/bangalore-to-ananthapur,Bangalore to Anantapur (andhra pradesh),KSM Roadways,22:25,02h 35m,01:00,4.8,1299,19,Bharat Benz A/C Sleeper (2+1)
https://www.redbus.in/bus-tickets/bangalore-to-ananthapur,Bangalore to Anantapur (andhra pradesh),Intercity travels,20:25,04h 20m,00:45,4.5,999,21,Bharat Benz A/C Sleeper (2+1)
https://www.redbus.in/bus-tickets/bangalore-to-ananthapur,Bangalore to Anantapur (andhra pradesh),Intercity travels,21:30,04h 20m,01:50,4.5,999,17,Bharat Benz A/C Sleeper (2+1)
https://www.redbus.in/bus-tickets/bangalore-to-ananthapur,Bangalore to Anantapur (andhra pradesh),Intercity travels,20:55,04h 35m,01:30,4.5,999,19,Bharat Benz A/C Sleeper (2+1)
https://www.redbus.in/bus-tickets/bangalore-to-ananthapur,Bangalore to Anantapur (andhra pradesh),Intercity travels,20:15,04h 00m,00:15,4.5,1199,22,Bharat Benz A/C Sleeper (2+1)
https://www.redbus.in/bus-tickets/bangalore-to-ananthapur,Bangalore to Anantapur (andhra pradesh),Vikram Travels,21:00,04h 30m,01:30,4.5,1179,32,Volvo 9600 Multi-Axle A/C Sleeper (2+1)
https://www.redbus.in/bus-tickets/bangalore-to-ananthapur,Bangalore to Anantapur (andhra pradesh),Vikram Travels,22:00,03h 30m,01:30,4.5,1179,30,Volvo 9600 Multi-Axle A/C Sleeper (2+1)
https://www.redbus.in/bus-tickets/bangalore-to-ananthapur,Bangalore to Anantapur (andhra pradesh),Intercity travels,22:45,04h 00m,02:45,4.5,1099,18,Bharat Benz A/C Sleeper (2+1)
https://www.redbus.in/bus-tickets/bangalore-to-ananthapur,Bangalore to Anantapur (andhra pradesh),Intercity travels,21:15,04h 15m,01:30,4.5,999,21,Bharat Benz A/C Sleeper (2+1)
https://www.redbus.in/bus-tickets/bangalore-to-ananthapur,Bangalore to Anantapur (andhra pradesh),Sri Vengamamba Bus Transport (SVBT),22:45,04h 30m,03:15,4.4,500,21,A/C Seater / Sleeper (2+1)
https://www.redbus.in/bus-tickets/bangalore-to-ananthapur,Bangalore to Anantapur (andhra pradesh),Rajesh Transports,19:35,06h 25m,02:00,4.4,1299,28,Volvo 9600 Multi-Axle A/C Sleeper (2+1)
https://www.redbus.in/bus-tickets/bangalore-to-ananthapur,Bangalore to Anantapur (andhra pradesh),VSR Tours and Travels,18:50,06h 10m,01:00,4.4,629,24,A/C Sleeper (2+1)
https://www.redbus.in/bus-tickets/bangalore-to-ananthapur,Bangalore to Anantapur (andhra pradesh),Delta Transports Pvt Ltd,23:10,03h 10m,02:20,4.4,1800,20,Volvo 9600 Multi-Axle A/C Sleeper (2+1)
https://www.redbus.in/bus-tickets/bangalore-to-ananthapur,Bangalore to Anantapur (andhra pradesh),Rajesh Transports,21:00,03h 30m,00:30,4.4,1299,26,Volvo 9600 Multi-Axle A/C Sleeper (2+1)
https://www.redbus.in/bus-tickets/bangalore-to-ananthapur,Bangalore to Anantapur (andhra pradesh),Sri Vengamamba Bus Transport (SVBT),21:45,04h 45m,02:30,4.4,500,30,Non A/C Seater / Sleeper (2+1)
https://www.redbus.in/bus-tickets/bangalore-to-ananthapur,Bangalore to Anantapur (andhra pradesh),BSR Tours And Travels,21:15,05h 15m,02:30,4.4,1329,20,Volvo 9600 Multi-Axle A/C Sleeper (2+1)
https://www.redbus.in/bus-tickets/bangalore-to-ananthapur,Bangalore to Anantapur (andhra pradesh),BSR Tours And Travels,18:30,05h 50m,00:20,4.4,980,26,Scania AC Multi Axle Sleeper (2+1)
https://www.redbus.in/bus-tickets/bangalore-to-ananthapur,Bangalore to Anantapur (andhra pradesh),Royal Rich India,22:35,03h 50m,02:25,4.4,1050,5,Bharat Benz A/C Sleeper (2+1)
https://www.redbus.in/bus-tickets/bangalore-to-ananthapur,Bangalore to Anantapur (andhra pradesh),BSR Tours And Travels,19:20,06h 40m,02:00,4.4,880,18,A/C Sleeper (2+1)
https://www.redbus.in/bus-tickets/bangalore-to-ananthapur,Bangalore to Anantapur (andhra pradesh),Sri Vengamamba Bus Transport (SVBT),21:15,04h 45m,02:00,4.4,516,21,Non A/C Seater / Sleeper (2+1)
https://www.redbus.in/bus-tickets/bangalore-to-ananthapur,Bangalore to Anantapur (andhra pradesh),Zingbus Plus,21:15,04h 25m,01:40,4.3,828,25,A/C Sleeper (2+1)
https://www.redbus.in/bus-tickets/bangalore-to-ananthapur,Bangalore to Anantapur (andhra pradesh),Varad Lines,22:45,03h 45m,02:30,4.3,999,16,Bharat Benz NON A/C sleeper (2+1)
https://www.redbus.in/bus-tickets/bangalore-to-ananthapur,Bangalore to Anantapur (andhra pradesh),Dream Line Travels Pvt Ltd,21:45,02h 14m,23:59,4.3,1004,8,VE A/C Sleeper (2+1)
https://www.redbus.in/bus-tickets/bangalore-to-ananthapur,Bangalore to Anantapur (andhra pradesh),LVP Travels,22:00,02h 40m,00:40,4.3,699,21,A/C Sleeper (2+1)
https://www.redbus.in/bus-tickets/bangalore-to-ananthapur,Bangalore to Anantapur (andhra pradesh),Sree Rama Tours & Travels,22:00,03h 15m,01:15,4.3,774,15,A/C Sleeper (2+1)
https://www.redbus.in/bus-tickets/bangalore-to-ananthapur,Bangalore to Anantapur (andhra pradesh),FlixBus,18:45,06h 00m,00:45,4.2,927.68,24,VE A/C Sleeper (2+1)
https://www.redbus.in/bus-tickets/bangalore-to-ananthapur,Bangalore to Anantapur (andhra pradesh),FlixBus,17:15,06h 35m,23:50,4.2,927.68,30,VE A/C Sleeper (2+1)
https://www.redbus.in/bus-tickets/bangalore-to-ananthapur,Bangalore to Anantapur (andhra pradesh),IntrCity SmartBus,22:45,03h 55m,02:40,4.1,769,18,AC Sleeper (2+1)
https://www.redbus.in/bus-tickets/bangalore-to-ananthapur,Bangalore to Anantapur (andhra pradesh),Skyline Transport,22:40,05h 20m,04:00,4.1,3999,45,Non A/C Seater / Sleeper (2+1)
https://www.redbus.in/bus-tickets/bangalore-to-ananthapur,Bangalore to Anantapur (andhra pradesh),Highline Transports,19:10,06h 20m,01:30,4.1,800,18,VE A/C Sleeper (2+1)
https://www.redbus.in/bus-tickets/bangalore-to-ananthapur,Bangalore to Anantapur (andhra pradesh),IntrCity SmartBus,21:15,05h 55m,03:10,4.1,5000,36,AC Sleeper (2+1)
https://www.redbus.in/bus-tickets/bangalore-to-ananthapur,Bangalore to Anantapur (andhra pradesh),GreenLine Travels And Holidays,23:15,03h 25m,02:40,4.0,1249,27,VE A/C Sleeper (2+1)
https://www.redbus.in/bus-tickets/bangalore-to-ananthapur,Bangalore to Anantapur (andhra pradesh),GreenLine Travels And Holidays,21:35,05h 10m,02:45,4.0,849,26,NON A/C Sleeper (2+1)
https://www.redbus.in/bus-tickets/bangalore-to-ananthapur,Bangalore to Anantapur (andhra pradesh),GreenLine Travels And Holidays,20:15,06h 45m,03:00,4.0,999,21,A/C Sleeper (2+1)
https://www.redbus.in/bus-tickets/bangalore-to-ananthapur,Bangalore to Anantapur (andhra pradesh),GreenLine Travels And Holidays,22:30,03h 30m,02:00,4.0,999,22,A/C Sleeper (2+1)
https://www.redbus.in/bus-tickets/bangalore-to-ananthapur,Bangalore to Anantapur (andhra pradesh),GreenLine Travels And Holidays,23:00,03h 30m,02:30,4.0,849,28,NON A/C Sleeper (2+1)
https://www.redbus.in/bus-tickets/bangalore-to-ananthapur,Bangalore to Anantapur (andhra pradesh),GreenLine Travels And Holidays,20:30,05h 15m,01:45,4.0,849,29,NON A/C Sleeper (2+1)
https://www.redbus.in/bus-tickets/bangalore-to-ananthapur,Bangalore to Anantapur (andhra pradesh),BigBus,23:45,04h 16m,04:01,3.9,1200,16,Volvo 9600 Multi-Axle A/C Sleeper (2+1)
https://www.redbus.in/bus-tickets/bangalore-to-ananthapur,Bangalore to Anantapur (andhra pradesh),Sugama Tourist,21:10,04h 20m,01:30,3.9,1100,30,A/C Sleeper (2+1)
https://www.redbus.in/bus-tickets/bangalore-to-ananthapur,Bangalore to Anantapur (andhra pradesh),SL Travels,21:30,04h 00m,01:30,3.9,999,16,A/C Sleeper (2+1)
https://www.redbus.in/bus-tickets/bangalore-to-ananthapur,Bangalore to Anantapur (andhra pradesh),Raj’s Travels and Transports,22:00,03h 10m,01:10,3.9,999,26,Benz A/C Sleeper (2+1)
https://www.redbus.in/bus-tickets/bangalore-to-ananthapur,Bangalore to Anantapur (andhra pradesh),Kaveri Travels,22:00,03h 30m,01:30,3.9,880,25,A/C Sleeper (2+1)
https://www.redbus.in/bus-tickets/bangalore-to-ananthapur,Bangalore to Anantapur (andhra pradesh),IRA Transports,20:00,03h 55m,23:55,3.9,999,29,VE A/C Sleeper (2+1)
https://www.redbus.in/bus-tickets/bangalore-to-ananthapur,Bangalore to Anantapur (andhra pradesh),Sugama Tourist,21:30,04h 30m,02:00,3.9,1100,30,A/C Sleeper (2+1)
https://www.redbus.in/bus-tickets/bangalore-to-ananthapur,Bangalore to Anantapur (andhra pradesh),Bmcc Travels,22:30,04h 30m,03:00,3.9,900,26,A/C Sleeper (2+1)
https://www.redbus.in/bus-tickets/bangalore-to-ananthapur,Bangalore to Anantapur (andhra pradesh),YAS Tours and Travels,22:10,03h 30m,01:40,3.9,1300,27,Volvo Multi Axle A/C Sleeper I-Shift B11R (2+1)
https://www.redbus.in/bus-tickets/bangalore-to-ananthapur,Bangalore to Anantapur (andhra pradesh),SL Travels,21:45,04h 15m,02:00,3.9,890,20,NON A/C Sleeper (2+1)
https://www.redbus.in/bus-tickets/bangalore-to-ananthapur,Bangalore to Anantapur (andhra pradesh),JAI MARUTHI TRAVELS,13:30,03h 45m,17:15,3.9,1000,26,Volvo Multi Axle A/C Sleeper I-Shift B11R (2+1)
https://www.redbus.in/bus-tickets/bangalore-to-ananthapur,Bangalore to Anantapur (andhra pradesh),Aditya Logistics,22:00,04h 00m,02:00,3.9,999,24,A/C Sleeper (2+1)
https://www.redbus.in/bus-tickets/bangalore-to-ananthapur,Bangalore to Anantapur (andhra pradesh),Bmcc Travels,19:00,04h 55m,23:55,3.9,550,40,NON AC Seater / Sleeper 2+1
https://www.redbus.in/bus-tickets/bangalore-to-ananthapur,Bangalore to Anantapur (andhra pradesh),YAS Tours and Travels,23:35,03h 50m,03:25,3.9,1300,30,Volvo Multi Axle A/C Sleeper I-Shift B11R (2+1)
https://www.redbus.in/bus-tickets/bangalore-to-ananthapur,Bangalore to Anantapur (andhra pradesh),Swamy Ayyappa Travels,23:00,04h 30m,03:30,3.8,1526,28,A/C Sleeper (2+1)
https://www.redbus.in/bus-tickets/bangalore-to-ananthapur,Bangalore to Anantapur (andhra pradesh),NS Holidays,21:45,03h 45m,01:30,3.8,670,13,NON A/C Sleeper (2+1)
https://www.redbus.in/bus-tickets/bangalore-to-ananthapur,Bangalore to Anantapur (andhra pradesh),Naveen Travels (Durg),17:00,04h 30m,21:30,3.7,1300,21,Bharat Benz A/C Sleeper (2+1)
https://www.redbus.in/bus-tickets/bangalore-to-ananthapur,Bangalore to Anantapur (andhra pradesh),Sri Krishna Travels,21:30,04h 00m,01:30,3.7,890,25,Volvo Multi-Axle A/C Sleeper (2+1)
https://www.redbus.in/bus-tickets/bangalore-to-ananthapur,Bangalore to Anantapur (andhra pradesh),VEERA & SRI KALESWARI TRAVELS,20:20,06h 10m,02:30,3.7,600,30,Non A/C Seater / Sleeper (2+1)
https://www.redbus.in/bus-tickets/bangalore-to-ananthapur,Bangalore to Anantapur (andhra pradesh),November Travels,19:00,05h 55m,00:55,3.6,600,24,A/C Seater / Sleeper (2+1)
https://www.redbus.in/bus-tickets/bangalore-to-ananthapur,Bangalore to Anantapur (andhra pradesh),November Travels,19:20,05h 50m,01:10,3.6,920,2,Bharat Benz A/C Sleeper (2+1)
https://www.redbus.in/bus-tickets/bangalore-to-ananthapur,Bangalore to Anantapur (andhra pradesh),Balaji Cabs,23:30,04h 10m,03:40,3.5,1499,26,Bharat Benz A/C Sleeper (2+1)
https://www.redbus.in/bus-tickets/bangalore-to-ananthapur,Bangalore to Anantapur (andhra pradesh),Sri Durgamba Travels - R No 39,23:00,04h 30m,03:30,3.5,800,12,NON A/C Sleeper (2+1)
https://www.redbus.in/bus-tickets/bangalore-to-ananthapur,Bangalore to Anantapur (andhra pradesh),PSK Travels,23:30,03h 45m,03:15,3.4,1590,6,Bharat Benz A/C Sleeper (2+1)
https://www.redbus.in/bus-tickets/bangalore-to-ananthapur,Bangalore to Anantapur (andhra pradesh),Yolo Bus,20:04,02h 38m,22:42,3.4,840,25,Bharat Benz A/C Sleeper (2+1)
https://www.redbus.in/bus-tickets/bangalore-to-ananthapur,Bangalore to Anantapur (andhra pradesh),Raja Express,18:30,05h 30m,00:00,3.2,711,24,VE A/C Sleeper (2+1)
https://www.redbus.in/bus-tickets/bangalore-to-ananthapur,Bangalore to Anantapur (andhra pradesh),Bmcc Travels,19:25,06h 05m,01:30,3.9,550,30,Non A/C Seater / Sleeper (2+1)
https://www.redbus.in/bus-tickets/bangalore-to-ananthapur,Bangalore to Anantapur (andhra pradesh),IntrCity SmartBus,21:35,04h 20m,01:55,3.2,779,25,AC Sleeper (2+1)
https://www.redbus.in/bus-tickets/bangalore-to-ananthapur,Bangalore to Anantapur (andhra pradesh),SRI MARUTHI TRAVELS,22:30,02h 30m,01:00,3.0,799,23,A/C Sleeper (2+1)
https://www.redbus.in/bus-tickets/bangalore-to-ananthapur,Bangalore to Anantapur (andhra pradesh),AVM Tours And Travels,19:25,06h 10m,01:35,3.0,475,33,Non A/C Seater / Sleeper (2+1)
https://www.redbus.in/bus-tickets/bangalore-to-ananthapur,Bangalore to Anantapur (andhra pradesh),AR & BCVR Travels,21:15,05h 45m,03:00,2.5,600,44,A/C Seater / Sleeper (2+1)
https://www.redbus.in/bus-tickets/bangalore-to-ananthapur,Bangalore to Anantapur (andhra pradesh),Morning Star Travels,20:00,04h 45m,00:45,2.9,990,21,A/C Sleeper (2+1)
https://www.redbus.in/bus-tickets/bangalore-to-ananthapur,Bangalore to Anantapur (andhra pradesh),Morning Star Travels,17:30,04h 30m,22:00,2.9,990,29,Volvo Multi Axle B9R A/C Sleeper (2+1)
https://www.redbus.in/bus-tickets/bangalore-to-ananthapur,Bangalore to Anantapur (andhra pradesh),Intercity travels,21:00,03h 45m,00:45,4.5,1899,36,Bharat Benz A/C Sleeper (2+1)
https://www.redbus.in/bus-tickets/bangalore-to-ananthapur,Bangalore to Anantapur (andhra pradesh),Bus9 Tours And Travels,19:45,05h 45m,01:30,4.5,2500,37,Non A/C Seater / Sleeper (2+1)
https://www.redbus.in/bus-tickets/bangalore-to-ananthapur,Bangalore to Anantapur (andhra pradesh),Intercity travels,21:15,04h 00m,01:15,4.5,999,24,Bharat Benz A/C Sleeper (2+1)
https://www.redbus.in/bus-tickets/bangalore-to-ananthapur,Bangalore to Anantapur (andhra pradesh),Shyamoli Paribahan Pvt Ltd,22:45,03h 35m,02:20,2.8,1130,8,A/C Sleeper (2+1)
https://www.redbus.in/bus-tickets/bangalore-to-ananthapur,Bangalore to Anantapur (andhra pradesh),S.L Travels,23:45,04h 30m,04:15,2.8,890,19,NON A/C Sleeper (2+1)
https://www.redbus.in/bus-tickets/bangalore-to-ananthapur,Bangalore to Anantapur (andhra pradesh),Kallada Travels (Suresh Kallada),00:15,03h 45m,04:00,2.8,900,17,Scania AC Multi Axle Sleeper (2+1)
https://www.redbus.in/bus-tickets/bangalore-to-ananthapur,Bangalore to Anantapur (andhra pradesh),Kallada Travels (Suresh Kallada),23:45,03h 50m,03:35,2.8,1000,29,A/C Sleeper (2+1)
https://www.redbus.in/bus-tickets/bangalore-to-ananthapur,Bangalore to Anantapur (andhra pradesh),Kallada Travels (Suresh Kallada),23:20,03h 40m,03:00,2.8,1200,12,A/C Sleeper (2+1)
https://www.redbus.in/bus-tickets/bangalore-to-ananthapur,Bangalore to Anantapur (andhra pradesh),Rajesh Transports,21:45,03h 14m,00:59,4.4,1299,28,Volvo 9600 Multi-Axle A/C Sleeper (2+1)
https://www.redbus.in/bus-tickets/bangalore-to-ananthapur,Bangalore to Anantapur (andhra pradesh),Venture transport services,22:45,03h 15m,02:00,4.2,799,26,A/C Sleeper (2+1)
https://www.redbus.in/bus-tickets/bangalore-to-ananthapur,Bangalore to Anantapur (andhra pradesh),Sanvi Travels,23:00,04h 00m,03:00,4.2,1099,36,NON A/C Sleeper (2+1)
https://www.redbus.in/bus-tickets/bangalore-to-ananthapur,Bangalore to Anantapur (andhra pradesh),FlixBus,17:00,06h 50m,23:50,4.2,927.68,25,A/C Sleeper (2+1)
https://www.redbus.in/bus-tickets/bangalore-to-ananthapur,Bangalore to Anantapur (andhra pradesh),Venture transport services,22:30,03h 15m,01:45,4.2,799,26,A/C Sleeper (2+1)
https://www.redbus.in/bus-tickets/bangalore-to-ananthapur,Bangalore to Anantapur (andhra pradesh),Sanvi Travels,23:00,04h 00m,03:00,4.2,899,24,NON A/C Sleeper (2+1)
https://www.redbus.in/bus-tickets/bangalore-to-ananthapur,Bangalore to Anantapur (andhra pradesh),Manoj Tours and Travels,22:00,03h 10m,01:10,4.2,899,24,A/C Sleeper (2+1)
https://www.redbus.in/bus-tickets/bangalore-to-ananthapur,Bangalore to Anantapur (andhra pradesh),FlixBus,20:15,05h 55m,02:10,4.2,927.68,31,A/C Sleeper (2+1)
https://www.redbus.in/bus-tickets/bangalore-to-ananthapur,Bangalore to Anantapur (andhra pradesh),Skyline Transport,19:00,07h 15m,02:15,4.1,3999,45,Non A/C Seater / Sleeper (2+1)
https://www.redbus.in/bus-tickets/bangalore-to-ananthapur,Bangalore to Anantapur (andhra pradesh),Streamline tours and travels,22:15,04h 00m,02:15,2.4,1200,28,A/C Sleeper (2+1)
https://www.redbus.in/bus-tickets/bangalore-to-ananthapur,Bangalore to Anantapur (andhra pradesh),Streamline tours and travels,21:15,04h 15m,01:30,2.4,899,25,Bharat Benz A/C Sleeper (2+1)
https://www.redbus.in/bus-tickets/bangalore-to-ananthapur,Bangalore to Anantapur (andhra pradesh),Streamline tours and travels,21:00,04h 00m,01:00,2.4,1200,29,A/C Sleeper (2+1)
https://www.redbus.in/bus-tickets/bangalore-to-ananthapur,Bangalore to Anantapur (andhra pradesh),GreenLine Travels And Holidays,22:45,03h 45m,02:30,4.0,849,30,NON A/C Sleeper (2+1)
https://www.redbus.in/bus-tickets/bangalore-to-ananthapur,Bangalore to Anantapur (andhra pradesh),Renuka Bus Service,11:55,04h 20m,16:15,2.3,3500,1,A/C Seater / Sleeper (2+1)
https://www.redbus.in/bus-tickets/bangalore-to-ananthapur,Bangalore to Anantapur (andhra pradesh),Dhanunjaya Travels,20:30,04h 20m,00:50,1.9,499,27,A/C Semi Sleeper / Sleeper (2+1)
https://www.redbus.in/bus-tickets/bangalore-to-ananthapur,Bangalore to Anantapur (andhra pradesh),Travel Point World LLP,21:10,06h 05m,03:15,1.7,2985,37,A/C Seater / Sleeper (2+2)
https://www.redbus.in/bus-tickets/bangalore-to-ananthapur,Bangalore to Anantapur (andhra pradesh),Northern Travels,21:30,04h 20m,01:50,1.6,600,24,Bharat Benz A/C Seater /Sleeper (2+1)
https://www.redbus.in/bus-tickets/bangalore-to-ananthapur,Bangalore to Anantapur (andhra pradesh),Tranzindia Travels,18:30,04h 45m,23:15,1.7,700,14,VE A/C Sleeper (2+1)
https://www.redbus.in/bus-tickets/bangalore-to-ananthapur,Bangalore to Anantapur (andhra pradesh),Northern Travels,22:00,04h 00m,02:00,1.6,799,23,Bharat Benz A/C Sleeper (2+1)
https://www.redbus.in/bus-tickets/bangalore-to-ananthapur,Bangalore to Anantapur (andhra pradesh),Tranzindia Travels,19:00,04h 45m,23:45,1.7,800,24,VE A/C Sleeper (2+1)
https://www.redbus.in/bus-tickets/bangalore-to-ananthapur,Bangalore to Anantapur (andhra pradesh),Northern Travels,21:10,04h 50m,02:00,1.6,1199,25,Bharat Benz A/C Sleeper (2+1)
https://www.redbus.in/bus-tickets/bangalore-to-ananthapur,Bangalore to Anantapur (andhra pradesh),Tranzindia Travels,21:20,04h 40m,02:00,1.7,990,14,VE A/C Sleeper (2+1)
https://www.redbus.in/bus-tickets/bangalore-to-ananthapur,Bangalore to Anantapur (andhra pradesh),Bmcc Travels,17:45,06h 45m,00:30,3.9,550,41,NON AC Seater / Sleeper 2+1
https://www.redbus.in/bus-tickets/bangalore-to-ananthapur,Bangalore to Anantapur (andhra pradesh),IRA Transports,19:15,04h 40m,23:55,3.9,809,24,A/C Sleeper (2+1)
https://www.redbus.in/bus-tickets/bangalore-to-ananthapur,Bangalore to Anantapur (andhra pradesh),Bmcc Travels,22:30,03h 50m,02:20,3.9,900,29,A/C Sleeper (2+1)
https://www.redbus.in/bus-tickets/bangalore-to-ananthapur,Bangalore to Anantapur (andhra pradesh),SL Travels,22:15,03h 45m,02:00,3.9,1249,21,A/C Sleeper (2+1)
https://www.redbus.in/bus-tickets/bangalore-to-ananthapur,Bangalore to Anantapur (andhra pradesh),OMER TRAVELS,21:00,03h 10m,00:10,3.8,1000,19,VE A/C Sleeper (2+1)
https://www.redbus.in/bus-tickets/bangalore-to-ananthapur,Bangalore to Anantapur (andhra pradesh),November Travels,19:20,05h 50m,01:10,3.6,800,14,Bharat Benz A/C Sleeper (2+1)
https://www.redbus.in/bus-tickets/bangalore-to-ananthapur,Bangalore to Anantapur (andhra pradesh),Balaji Cabs,20:45,05h 15m,02:00,3.5,2350,1,Bharat Benz A/C Sleeper (2+1)
https://www.redbus.in/bus-tickets/bangalore-to-ananthapur,Bangalore to Anantapur (andhra pradesh),PSK Travels,01:00,03h 55m,04:55,3.4,1390,27,Volvo Multi Axle A/C Sleeper I-Shift B11R (2+1)
https://www.redbus.in/bus-tickets/bangalore-to-ananthapur,Bangalore to Anantapur (andhra pradesh),Shree Savariya Travels & Transport,18:15,04h 00m,22:15,3.0,4799,23,A/C Sleeper (2+1)
https://www.redbus.in/bus-tickets/bangalore-to-ananthapur,Bangalore to Anantapur (andhra pradesh),Shree Savariya Travels & Transport,12:15,04h 00m,16:15,3.0,3499,19,A/C Seater/Sleeper (2+1)
https://www.redbus.in/bus-tickets/bangalore-to-ananthapur,Bangalore to Anantapur (andhra pradesh),Morning Star Travels,20:25,05h 35m,02:00,2.9,990,30,A/C Sleeper (2+1)
https://www.redbus.in/bus-tickets/bangalore-to-ananthapur,Bangalore to Anantapur (andhra pradesh),Orange Tours and Travels,23:30,03h 00m,02:30,2.8,1890,11,Bharat Benz A/C Sleeper (2+1)
https://www.redbus.in/bus-tickets/bangalore-to-ananthapur,Bangalore to Anantapur (andhra pradesh),BTR Travels,19:30,21h 30m,17:00,2.4,990,28,A/C Sleeper (2+1)
https://www.redbus.in/bus-tickets/bangalore-to-ananthapur,Bangalore to Anantapur (andhra pradesh),BTR Travels,20:00,06h 00m,02:00,2.4,699,40,Volvo Multi Axle B11R AC Seater\Sleeper (2+1)
https://www.redbus.in/bus-tickets/bangalore-to-ananthapur,Bangalore to Anantapur (andhra pradesh),TimeCity Travels,17:15,06h 20m,23:35,2.2,899,24,Bharat Benz A/C Sleeper (2+1)
https://www.redbus.in/bus-tickets/bangalore-to-ananthapur,Bangalore to Anantapur (andhra pradesh),Dhanunjaya Travels,20:30,04h 20m,00:50,1.9,490,12,A/C Semi Sleeper / Sleeper (2+1)
https://www.redbus.in/bus-tickets/bangalore-to-ananthapur,Bangalore to Anantapur (andhra pradesh),Dhanunjaya Travels,23:00,03h 30m,02:30,1.9,999,24,A/C Sleeper (2+1)
https://www.redbus.in/bus-tickets/bangalore-to-ananthapur,Bangalore to Anantapur (andhra pradesh),Northern Travels,23:00,04h 30m,03:30,1.6,949,36,Bharat Benz A/C Sleeper (2+1)
https://www.redbus.in/bus-tickets/bangalore-to-ananthapur,Bangalore to Anantapur (andhra pradesh),SRS Travels,21:00,05h 00m,02:00,1.3,699,24,NON AC Seater / Sleeper 2+1
https://www.redbus.in/bus-tickets/bangalore-to-ananthapur,Bangalore to Anantapur (andhra pradesh),SRS Travels,12:00,03h 30m,15:30,1.3,1300,9,A/C Sleeper (2+1)
https://www.redbus.in/bus-tickets/kadapa-to-bangalore,Kadapa to Bangalore,RK Travels,22:25,07h 05m,05:30,4.6,500,18,Non A/C Seater / Sleeper (2+1)
https://www.redbus.in/bus-tickets/kadapa-to-bangalore,Kadapa to Bangalore,Sri Vinayaka Travels,22:30,06h 30m,05:00,4.2,950,22,A/C Sleeper (2+1)
https://www.redbus.in/bus-tickets/kadapa-to-bangalore,Kadapa to Bangalore,Sri Vinayaka Travels,22:30,06h 15m,04:45,3.4,850,11,NON A/C Sleeper (2+1)
https://www.redbus.in/bus-tickets/kadapa-to-bangalore,Kadapa to Bangalore,AdAR & BCVR Travels,22:55,06h 35m,05:30,3.9,500,37,Non A/C Seater / Sleeper (2+1)
https://www.redbus.in/bus-tickets/kadapa-to-bangalore,Kadapa to Bangalore,S R Travels,22:40,06h 35m,05:15,4.0,700,12,Non A/C Seater / Sleeper (2+1)
https://www.redbus.in/bus-tickets/kadapa-to-bangalore,Kadapa to Bangalore,Maheswari Travels,22:40,07h 00m,05:40,4.1,599,26,Non A/C Seater / Sleeper (2+1)
https://www.redbus.in/bus-tickets/kadapa-to-bangalore,Kadapa to Bangalore,S R Travels,22:40,06h 20m,05:00,4.1,700,17,Non A/C Seater / Sleeper (2+1)
https://www.redbus.in/bus-tickets/kadapa-to-bangalore,Kadapa to Bangalore,AdAR & BCVR Travels,23:30,06h 00m,05:30,4.6,500,39,Non A/C Seater / Sleeper (2+1)
https://www.redbus.in/bus-tickets/kadapa-to-bangalore,Kadapa to Bangalore,CGR Travels,22:45,08h 10m,06:55,4.0,500,30,NON A/C Semi Sleeper / Sleeper (2+1)
https://www.redbus.in/bus-tickets/kadapa-to-bangalore,Kadapa to Bangalore,SUVARNAMUKHI TRAVELS,22:45,05h 50m,04:35,4.0,800,1,A/C Sleeper (2+1)
https://www.redbus.in/bus-tickets/kadapa-to-bangalore,Kadapa to Bangalore,PRL BUS,22:45,06h 15m,05:00,3.9,500,12,Non A/C Seater / Sleeper (2+1)
https://www.redbus.in/bus-tickets/kadapa-to-bangalore,Kadapa to Bangalore,Maheswari Travels,22:50,07h 00m,05:50,3.6,500,31,Non A/C Seater / Sleeper (2+1)
https://www.redbus.in/bus-tickets/kadapa-to-bangalore,Kadapa to Bangalore,INDHU BUS,22:55,05h 45m,04:40,3.9,499,17,Non A/C Seater / Sleeper (2+1)
https://www.redbus.in/bus-tickets/kadapa-to-bangalore,Kadapa to Bangalore,Maheswari Travels,23:00,06h 50m,05:50,4.0,550,19,Non A/C Seater / Sleeper (2+1)
https://www.redbus.in/bus-tickets/kadapa-to-bangalore,Kadapa to Bangalore,Shiva Parvathi Tours And Travels,23:00,05h 00m,04:00,3.2,500,24,Non A/C Seater / Sleeper (2+1)
https://www.redbus.in/bus-tickets/kadapa-to-bangalore,Kadapa to Bangalore,HARITHA TRAVELS,23:00,06h 35m,05:35,4.0,720,24,A/C Seater / Sleeper (2+1)
https://www.redbus.in/bus-tickets/kadapa-to-bangalore,Kadapa to Bangalore,SEVEN HILLS TRAVELS,23:00,06h 00m,05:00,4.6,500,14,Non A/C Seater / Sleeper (2+1)
https://www.redbus.in/bus-tickets/kadapa-to-bangalore,Kadapa to Bangalore,VEERA & SRI KALESWARI TRAVELS,23:00,07h 20m,06:20,3.9,800,17,NON A/C Sleeper (2+1)
https://www.redbus.in/bus-tickets/kadapa-to-bangalore,Kadapa to Bangalore,HARITHA TRAVELS,23:00,06h 25m,05:25,3.9,498,28,Non A/C Seater / Sleeper (2+1)
https://www.redbus.in/bus-tickets/kadapa-to-bangalore,Kadapa to Bangalore,SREE RUDRA TRAVELS,23:00,05h 35m,04:35,3.9,649,30,Non A/C Seater / Sleeper (2+1)
https://www.redbus.in/bus-tickets/kadapa-to-bangalore,Kadapa to Bangalore,Indu Travels,23:00,06h 00m,05:00,3.3,800,10,A/C Sleeper (2+1)
https://www.redbus.in/bus-tickets/kadapa-to-bangalore,Kadapa to Bangalore,AR & BCVR Travels,23:00,06h 00m,05:00,4.3,500,38,Non A/C Seater / Sleeper (2+1)
https://www.redbus.in/bus-tickets/kadapa-to-bangalore,Kadapa to Bangalore,V Kaveri Travels,23:10,06h 50m,06:00,3.7,850,17,Non A/C Seater / Sleeper (2+1)
https://www.redbus.in/bus-tickets/kadapa-to-bangalore,Kadapa to Bangalore,Indu Travels,23:15,05h 45m,05:00,4.0,499,19,Non A/C Seater / Sleeper (2+1)
https://www.redbus.in/bus-tickets/kadapa-to-bangalore,Kadapa to Bangalore,Indu Travels,23:15,06h 15m,05:30,3.9,499,9,Non A/C Seater / Sleeper (2+1)
https://www.redbus.in/bus-tickets/kadapa-to-bangalore,Kadapa to Bangalore,CGR Travels,23:15,06h 45m,06:00,3.8,500,30,Non A/C Seater / Sleeper (2+1)
https://www.redbus.in/bus-tickets/kadapa-to-bangalore,Kadapa to Bangalore,PRL BUS,23:25,06h 40m,06:05,3.4,600,30,A/C Seater / Sleeper (2+1)
https://www.redbus.in/bus-tickets/kadapa-to-bangalore,Kadapa to Bangalore,SLVT Travels,23:40,06h 35m,06:15,3.5,600,21,Non A/C Seater / Sleeper (2+1)
https://www.redbus.in/bus-tickets/kadapa-to-bangalore,Kadapa to Bangalore,CGR Travels,23:40,07h 40m,07:20,4.3,600,23,Non A/C Seater / Sleeper (2+1)
https://www.redbus.in/bus-tickets/kadapa-to-bangalore,Kadapa to Bangalore,BHAIRAVA TOURS AND TRAVELS,23:45,06h 45m,06:30,4.2,599,18,Non A/C Seater / Sleeper (2+1)
https://www.redbus.in/bus-tickets/kadapa-to-bangalore,Kadapa to Bangalore,Amara Tours And Travels,23:50,06h 00m,05:50,4.7,799,18,A/C Seater / Sleeper (2+1)
https://www.redbus.in/bus-tickets/kadapa-to-bangalore,Kadapa to Bangalore,Sri Shrinivasa Bus Transport (SSBT),23:50,05h 40m,05:30,4.2,660,23,NON A/C Semi Sleeper / Sleeper (2+1)
https://www.redbus.in/bus-tickets/kadapa-to-bangalore,Kadapa to Bangalore,Royal Voyage Travels (RVT),23:50,06h 20m,06:10,4.1,799,17,A/C Seater / Sleeper (2+1)
https://www.redbus.in/bus-tickets/kadapa-to-bangalore,Kadapa to Bangalore,Sri Shrinivasa Bus Transport (SSBT),23:55,05h 35m,05:30,4.2,660,23,Non A/C Seater / Sleeper (2+1)
https://www.redbus.in/bus-tickets/kadapa-to-bangalore,Kadapa to Bangalore,Giridhar Tours and Travels,23:59,05h 41m,05:40,5.0,790,21,A/C Seater/Sleeper (2+1)
https://www.redbus.in/bus-tickets/kadapa-to-bangalore,Kadapa to Bangalore,Sri Shrinivasa Bus Transport (SSBT),23:59,06h 01m,06:00,3.4,660,31,Non A/C Seater / Sleeper (2+1)
https://www.redbus.in/bus-tickets/kadapa-to-bangalore,Kadapa to Bangalore,Sri Vengamamba Bus Transport (SVBT),00:00,04h 25m,04:25,4.4,700,17,Non A/C Seater / Sleeper (2+1)
https://www.redbus.in/bus-tickets/kadapa-to-bangalore,Kadapa to Bangalore,Jathin travels,01:00,06h 45m,07:45,4.1,850,19,A/C Seater / Sleeper (2+1)
https://www.redbus.in/bus-tickets/kadapa-to-bangalore,Kadapa to Bangalore,Indu Travels,23:15,05h 45m,05:00,2.9,549,21,Non A/C Seater / Sleeper (2+1)
https://www.redbus.in/bus-tickets/kadapa-to-bangalore,Kadapa to Bangalore,AR & BCVR Travels,23:15,06h 15m,05:30,3.9,1200,16,A/C Sleeper (2+1)
https://www.redbus.in/bus-tickets/kadapa-to-bangalore,Kadapa to Bangalore,Sri Vengamamba Bus Transport (SVBT),23:50,06h 45m,06:35,4.5,1690,14,A/C Sleeper (2+1)
https://www.redbus.in/bus-tickets/kadapa-to-bangalore,Kadapa to Bangalore,Sri Vengamamba Bus Transport (SVBT),23:59,05h 01m,05:00,4.0,1484,10,A/C Sleeper (2+1)
https://www.redbus.in/bus-tickets/kadapa-to-bangalore,Kadapa to Bangalore,V Kaveri Travels,23:59,06h 31m,06:30,3.8,1290,25,A/C Sleeper (2+1)
https://www.redbus.in/bus-tickets/kadapa-to-bangalore,Kadapa to Bangalore,Bharath Travels,22:20,07h 40m,06:00,2.9,3000,3,Non A/C Seater / Sleeper (2+1)
https://www.redbus.in/bus-tickets/kadapa-to-bangalore,Kadapa to Bangalore,BABA TRAVELS,22:40,07h 45m,06:25,1.7,2000,36,Non A/C Seater / Sleeper (2+1)
https://www.redbus.in/bus-tickets/bangalore-to-kadiri,Bangalore to Kadiri,Maheswari Travels,20:00,06h 40m,02:40,3.8,499,20,Non A/C Seater / Sleeper (2+1)
https://www.redbus.in/bus-tickets/bangalore-to-kadiri,Bangalore to Kadiri,Indu Travels,20:00,06h 15m,02:15,3.1,399,13,Non A/C Seater / Sleeper (2+1)
https://www.redbus.in/bus-tickets/bangalore-to-kadiri,Bangalore to Kadiri,SEVEN HILLS TRAVELS,20:25,06h 05m,02:30,4.3,500,30,Non A/C Seater / Sleeper (2+1)
https://www.redbus.in/bus-tickets/bangalore-to-kadiri,Bangalore to Kadiri,Indu Travels,20:30,05h 45m,02:15,3.9,399,18,Non A/C Seater / Sleeper (2+1)
https://www.redbus.in/bus-tickets/bangalore-to-kadiri,Bangalore to Kadiri,Vasavi travels,20:30,05h 30m,02:00,3.8,500,34,Non A/C Seater / Sleeper (2+1)
https://www.redbus.in/bus-tickets/bangalore-to-kadiri,Bangalore to Kadiri,AR & BCVR Travels,21:00,06h 00m,03:00,4.5,500,32,Non A/C Seater / Sleeper (2+1)
https://www.redbus.in/bus-tickets/bangalore-to-kadiri,Bangalore to Kadiri,AR & BCVR Travels,21:15,05h 45m,03:00,4.1,500,37,Non A/C Seater / Sleeper (2+1)
https://www.redbus.in/bus-tickets/madanapalli-to-bangalore,Madanapalli to Bangalore,BABA TRAVELS,23:59,06h 26m,06:25,3.5,2000,36,Non A/C Seater / Sleeper (2+1)
https://www.redbus.in/bus-tickets/madanapalli-to-bangalore,Madanapalli to Bangalore,HARITHA TRAVELS,01:15,04h 20m,05:35,3.8,720,24,A/C Seater / Sleeper (2+1)
https://www.redbus.in/bus-tickets/tirupathi-to-bangalore,Tirupati to Bangalore,NueGo,11:00,06h 45m,17:45,4.2,332,15,Electric A/C Seater (2+2)
https://www.redbus.in/bus-tickets/tirupathi-to-bangalore,Tirupati to Bangalore,Yolo Bus,11:45,05h 58m,17:43,3.5,450,11,Bharat Benz A/C Seater /Sleeper (2+1)
https://www.redbus.in/bus-tickets/tirupathi-to-bangalore,Tirupati to Bangalore,FRESHBUS,12:00,05h 35m,17:35,4.8,314,25,Electric A/C Seater (2+2)
https://www.redbus.in/bus-tickets/tirupathi-to-bangalore,Tirupati to Bangalore,AdHYBUS,22:45,05h 35m,04:20,4.6,603,26,Bharat Benz A/C Sleeper (2+1)
https://www.redbus.in/bus-tickets/tirupathi-to-bangalore,Tirupati to Bangalore,NueGo,12:00,07h 20m,19:20,4.2,332,23,Electric A/C Seater (2+2)
https://www.redbus.in/bus-tickets/tirupathi-to-bangalore,Tirupati to Bangalore,Navayuga Travels,12:30,07h 00m,19:30,4.2,249,26,A/C Seater / Sleeper (2+1)
https://www.redbus.in/bus-tickets/tirupathi-to-bangalore,Tirupati to Bangalore,Sea Bird Tourist,13:30,06h 00m,19:30,3.5,1000,13,A/C Sleeper (2+1)
https://www.redbus.in/bus-tickets/tirupathi-to-bangalore,Tirupati to Bangalore,AdGKT TRAVELS,23:00,04h 05m,03:05,3.5,474,27,A/C Seater/Sleeper (2+1)
https://www.redbus.in/bus-tickets/tirupathi-to-bangalore,Tirupati to Bangalore,FRESHBUS,14:00,05h 55m,19:55,4.6,332,24,Electric A/C Seater (2+2)
https://www.redbus.in/bus-tickets/tirupathi-to-bangalore,Tirupati to Bangalore,FRESHBUS,16:00,05h 20m,21:20,4.7,422,21,Electric A/C Seater (2+2)
https://www.redbus.in/bus-tickets/tirupathi-to-bangalore,Tirupati to Bangalore,Yolo Bus,14:16,05h 58m,20:14,4.2,300,6,Bharat Benz A/C Seater /Sleeper (2+1)
https://www.redbus.in/bus-tickets/tirupathi-to-bangalore,Tirupati to Bangalore,NueGo,15:30,07h 20m,22:50,4.5,332,29,Electric A/C Seater (2+2)
https://www.redbus.in/bus-tickets/tirupathi-to-bangalore,Tirupati to Bangalore,FRESHBUS,22:00,05h 40m,03:40,4.6,431,40,Electric A/C Seater (2+2)
https://www.redbus.in/bus-tickets/tirupathi-to-bangalore,Tirupati to Bangalore,NueGo,18:00,29h 45m,23:45,4.4,332,39,Electric A/C Seater (2+2)
https://www.redbus.in/bus-tickets/tirupathi-to-bangalore,Tirupati to Bangalore,Yolo Bus,19:00,05h 58m,00:58,3.8,250,29,Bharat Benz A/C Seater /Sleeper (2+1)
https://www.redbus.in/bus-tickets/tirupathi-to-bangalore,Tirupati to Bangalore,NueGo,19:30,06h 45m,02:15,4.3,332,40,Electric A/C Seater (2+2)
https://www.redbus.in/bus-tickets/tirupathi-to-bangalore,Tirupati to Bangalore,Yolo Bus,22:00,05h 58m,03:58,4.4,350,35,Bharat Benz A/C Seater /Sleeper (2+1)
https://www.redbus.in/bus-tickets/tirupathi-to-bangalore,Tirupati to Bangalore,NueGo,22:00,06h 45m,04:45,4.6,332,32,Electric A/C Seater (2+2)
https://www.redbus.in/bus-tickets/tirupathi-to-bangalore,Tirupati to Bangalore,BSRM Travels,23:25,06h 15m,05:40,4.7,449,11,A/C Seater / Sleeper (2+1)
https://www.redbus.in/bus-tickets/tirupathi-to-bangalore,Tirupati to Bangalore,RDS Travels,22:30,05h 45m,04:15,4.3,3599,36,NON A/C Sleeper (2+1)
https://www.redbus.in/bus-tickets/tirupathi-to-bangalore,Tirupati to Bangalore,RK Travels,22:30,07h 10m,05:40,3.3,499,19,Non A/C Seater / Sleeper (2+1)
https://www.redbus.in/bus-tickets/tirupathi-to-bangalore,Tirupati to Bangalore,RK Travels,22:31,07h 14m,05:45,3.2,499,13,Non A/C Seater / Sleeper (2+1)
https://www.redbus.in/bus-tickets/tirupathi-to-bangalore,Tirupati to Bangalore,BSRM Travels,23:00,06h 25m,05:25,4.5,449,16,Non A/C Seater / Sleeper (2+1)
https://www.redbus.in/bus-tickets/tirupathi-to-bangalore,Tirupati to Bangalore,Yolo Bus,22:45,05h 58m,04:43,4.2,350,32,Bharat Benz A/C Seater /Sleeper (2+1)
https://www.redbus.in/bus-tickets/tirupathi-to-bangalore,Tirupati to Bangalore,FRESHBUS,22:50,05h 30m,04:20,4.7,467,37,Electric A/C Seater (2+2)
https://www.redbus.in/bus-tickets/tirupathi-to-bangalore,Tirupati to Bangalore,RK Travels,22:50,05h 50m,04:40,3.3,499,29,Non A/C Seater / Sleeper (2+1)
https://www.redbus.in/bus-tickets/tirupathi-to-bangalore,Tirupati to Bangalore,NueGo,23:00,06h 45m,05:45,4.5,332,32,Electric A/C Seater (2+2)
https://www.redbus.in/bus-tickets/tirupathi-to-bangalore,Tirupati to Bangalore,Yolo Bus,23:21,05h 58m,05:19,4.2,390,34,Bharat Benz A/C Seater /Sleeper (2+1)
https://www.redbus.in/bus-tickets/tirupathi-to-bangalore,Tirupati to Bangalore,HYBUS,23:45,05h 30m,05:15,4.5,603,25,Bharat Benz A/C Sleeper (2+1)
https://www.redbus.in/bus-tickets/tirupathi-to-bangalore,Tirupati to Bangalore,RK Travels,23:30,06h 30m,06:00,4.1,499,28,Non A/C Seater / Sleeper (2+1)
https://www.redbus.in/bus-tickets/tirupathi-to-bangalore,Tirupati to Bangalore,FRESHBUS,23:50,05h 30m,05:20,4.7,440,40,Electric A/C Seater (2+2)
https://www.redbus.in/bus-tickets/tirupathi-to-bangalore,Tirupati to Bangalore,RK Travels,23:30,06h 10m,05:40,3.9,599,16,A/C Seater / Sleeper (2+1)
https://www.redbus.in/bus-tickets/tirupathi-to-bangalore,Tirupati to Bangalore,CHOPPA TRAVELS,23:30,05h 30m,05:00,4.2,699,6,NON A/C Sleeper (2+1)
https://www.redbus.in/bus-tickets/tirupathi-to-bangalore,Tirupati to Bangalore,CHOPPA TRAVELS,23:30,05h 45m,05:15,3.9,499,16,Non A/C Seater / Sleeper (2+1)
https://www.redbus.in/bus-tickets/tirupathi-to-bangalore,Tirupati to Bangalore,Go Tour Travels and Holidays,23:55,05h 35m,05:30,4.3,677,10,A/C Sleeper (2+1)
https://www.redbus.in/bus-tickets/tirupathi-to-bangalore,Tirupati to Bangalore,Sai Sindhu Travels,23:30,05h 30m,05:00,3.4,690,12,NON A/C Sleeper (2+1)
https://www.redbus.in/bus-tickets/tirupathi-to-bangalore,Tirupati to Bangalore,Sri Shanmukh Travels,23:45,04h 30m,04:15,3.0,500,23,A/C Sleeper (2+1)
https://www.redbus.in/bus-tickets/tirupathi-to-bangalore,Tirupati to Bangalore,NueGo,23:50,06h 45m,06:35,4.5,332,28,Electric A/C Seater (2+2)
https://www.redbus.in/bus-tickets/tirupathi-to-bangalore,Tirupati to Bangalore,Siri SmartBus,23:55,04h 40m,04:35,5.0,743,11,VE A/C Sleeper (2+1)
https://www.redbus.in/bus-tickets/tirupathi-to-bangalore,Tirupati to Bangalore,Vega Bus,23:55,04h 15m,04:10,3.7,569,20,A/C Seater / Sleeper (2+1)
https://www.redbus.in/bus-tickets/tirupathi-to-bangalore,Tirupati to Bangalore,Sri Vengamamba Bus Transport (SVBT),23:59,06h 21m,06:20,3.4,611,14,Non A/C Seater / Sleeper (2+1)
https://www.redbus.in/bus-tickets/tirupathi-to-bangalore,Tirupati to Bangalore,Sri Vinayaka Travels,00:16,05h 14m,05:30,3.7,450,9,A/C Seater / Sleeper (2+1)
https://www.redbus.in/bus-tickets/tirupathi-to-bangalore,Tirupati to Bangalore,AGR Travels,00:30,06h 05m,06:35,3.5,650,4,A/C Sleeper (2+1)
https://www.redbus.in/bus-tickets/tirupathi-to-bangalore,Tirupati to Bangalore,Dream Line Travels Pvt Ltd,00:30,04h 45m,05:15,3.9,691,15,A/C Sleeper (2+1)
https://www.redbus.in/bus-tickets/tirupathi-to-bangalore,Tirupati to Bangalore,Jabbar Travels,00:30,05h 00m,05:30,3.8,538,13,NON A/C Sleeper (2+1)
https://www.redbus.in/bus-tickets/tirupathi-to-bangalore,Tirupati to Bangalore,Sri Shanmukh Travels,00:45,04h 00m,04:45,3.0,500,18,A/C Sleeper (2+1)
https://www.redbus.in/bus-tickets/tirupathi-to-bangalore,Tirupati to Bangalore,Bharathi Travels,17:30,05h 15m,22:45,2.9,550,26,A/C Sleeper (2+1)
https://www.redbus.in/bus-tickets/tirupathi-to-bangalore,Tirupati to Bangalore,RK Travels,23:00,06h 30m,05:30,2.8,399,31,Non A/C Seater / Sleeper (2+1)
https://www.redbus.in/bus-tickets/tirupathi-to-bangalore,Tirupati to Bangalore,Manis Travels,23:30,05h 30m,05:00,2.3,1399,37,Volvo Multi-Axle A/C Sleeper (2+1)
https://www.redbus.in/bus-tickets/tirupathi-to-bangalore,Tirupati to Bangalore,LUCKY TRAVELS,23:59,05h 21m,05:20,2.9,699,17,NON A/C Sleeper (2+1)
https://www.redbus.in/bus-tickets/tirupathi-to-bangalore,Tirupati to Bangalore,Bharathi Travels,23:59,05h 36m,05:35,2.3,449,39,Non A/C Seater / Sleeper (2+1)
https://www.redbus.in/bus-tickets/tirupathi-to-bangalore,Tirupati to Bangalore,Aditya Logistics,23:59,06h 01m,06:00,2.6,699,18,A/C Sleeper (2+1)
https://www.redbus.in/bus-tickets/tirupathi-to-bangalore,Tirupati to Bangalore,KTC Travels,23:59,06h 01m,06:00,2.4,1500,30,NON A/C Sleeper (2+1)
https://www.redbus.in/bus-tickets/tirupathi-to-bangalore,Tirupati to Bangalore,Simhapuri Travels,00:20,05h 10m,05:30,1.6,680,10,NON A/C Sleeper (2+1)
https://www.redbus.in/bus-tickets/tirupathi-to-bangalore,Tirupati to Bangalore,Dhriti Travels,19:30,04h 25m,23:55,4.3,900,20,VE A/C Sleeper (2+1)
https://www.redbus.in/bus-tickets/tirupathi-to-bangalore,Tirupati to Bangalore,Balaji Tourist,22:00,07h 00m,05:00,3.0,2000,1,Volvo Multi-Axle A/C Semisleeper (2+2)
https://www.redbus.in/bus-tickets/tirupathi-to-bangalore,Tirupati to Bangalore,CHOPPA TRAVELS,23:05,06h 25m,05:30,4.2,799,6,A/C Sleeper (2+1)
https://www.redbus.in/bus-tickets/tirupathi-to-bangalore,Tirupati to Bangalore,Sri Kamakshi Tours And Travels,23:20,05h 45m,05:05,4.1,3999,32,NON A/C Sleeper (2+1)
https://www.redbus.in/bus-tickets/tirupathi-to-bangalore,Tirupati to Bangalore,GKT TRAVELS,23:30,06h 00m,05:30,3.7,902,21,A/C Sleeper (2+1)
https://www.redbus.in/bus-tickets/tirupathi-to-bangalore,Tirupati to Bangalore,GKT TRAVELS,23:30,06h 45m,06:15,3.6,807,20,A/C Sleeper (2+1)
https://www.redbus.in/bus-tickets/tirupathi-to-bangalore,Tirupati to Bangalore,Sri Kamakshi Tours And Travels,23:40,05h 20m,05:00,4.0,3999,32,NON A/C Sleeper (2+1)
https://www.redbus.in/bus-tickets/tirupathi-to-bangalore,Tirupati to Bangalore,Ramu Tours & Travels,23:55,06h 05m,06:00,3.1,790,23,A/C Sleeper (2+1)
https://www.redbus.in/bus-tickets/tirupathi-to-bangalore,Tirupati to Bangalore,Ramu Tours & Travels,23:55,05h 35m,05:30,3.1,790,16,A/C Seater / Sleeper (2+1)
https://www.redbus.in/bus-tickets/tirupathi-to-bangalore,Tirupati to Bangalore,AKHILA TRAVELS,23:56,05h 19m,05:15,3.5,849,18,A/C Semi Sleeper / Sleeper (2+1)
https://www.redbus.in/bus-tickets/tirupathi-to-bangalore,Tirupati to Bangalore,GRV Yatrikha LLP,23:59,04h 31m,04:30,3.0,1199,1,Scania AC Multi Axle Sleeper (2+1)
https://www.redbus.in/bus-tickets/tirupathi-to-bangalore,Tirupati to Bangalore,AKHILA TRAVELS,23:59,05h 31m,05:30,3.5,849,17,A/C Semi Sleeper / Sleeper (2+1)
https://www.redbus.in/bus-tickets/tirupathi-to-bangalore,Tirupati to Bangalore,BSR Tours And Travels,23:59,05h 01m,05:00,3.5,1019,22,Volvo 9600 Multi-Axle A/C Sleeper (2+1)
https://www.redbus.in/bus-tickets/tirupathi-to-bangalore,Tirupati to Bangalore,GreenLine Travels And Holidays,23:59,05h 31m,05:30,4.6,1350,16,VE Executive A/C Sleeper (1+1)
https://www.redbus.in/bus-tickets/tirupathi-to-bangalore,Tirupati to Bangalore,Rajesh Transports,23:59,05h 31m,05:30,4.5,999,19,A/C Volvo B11R Multi-Axle Sleeper (2+1)
https://www.redbus.in/bus-tickets/tirupathi-to-bangalore,Tirupati to Bangalore,GreenLine Travels And Holidays,00:15,05h 45m,06:00,4.4,900,13,VE A/C Sleeper (2+1)
https://www.redbus.in/bus-tickets/tirupathi-to-bangalore,Tirupati to Bangalore,Sohan Tours & Travels,00:26,05h 24m,05:50,4.5,890,8,Bharat Benz A/C Sleeper (2+1)
https://www.redbus.in/bus-tickets/tirupathi-to-bangalore,Tirupati to Bangalore,Jabbar Travels,00:45,05h 15m,06:00,3.8,810,12,Bharat Benz A/C Sleeper (2+1)
https://www.redbus.in/bus-tickets/tirupathi-to-bangalore,Tirupati to Bangalore,Sri Durga Malleswari Travels,02:25,06h 05m,08:30,4.1,990,13,A/C Sleeper (2+1)
https://www.redbus.in/bus-tickets/tirupathi-to-bangalore,Tirupati to Bangalore,Rapid Travels,23:50,06h 10m,06:00,2.8,1999,21,NON A/C Sleeper (2+1)
https://www.redbus.in/bus-tickets/tirupathi-to-bangalore,Tirupati to Bangalore,Rapid Travels,23:59,05h 31m,05:30,1.6,1699,17,NON A/C Sleeper (2+1)
https://www.redbus.in/bus-tickets/bangalore-to-chittoor-andhra-pradesh,Bangalore to Chittoor (Andhra Pradesh),NueGo,10:20,02h 55m,13:15,4.3,332,13,Electric A/C Seater (2+2)
https://www.redbus.in/bus-tickets/bangalore-to-chittoor-andhra-pradesh,Bangalore to Chittoor (Andhra Pradesh),Yolo Bus,10:34,03h 34m,14:08,3.4,160,19,Bharat Benz A/C Seater /Sleeper (2+1)
https://www.redbus.in/bus-tickets/bangalore-to-chittoor-andhra-pradesh,Bangalore to Chittoor (Andhra Pradesh),NueGo,11:00,05h 00m,16:00,4.2,332,17,Electric A/C Seater (2+2)
https://www.redbus.in/bus-tickets/bangalore-to-chittoor-andhra-pradesh,Bangalore to Chittoor (Andhra Pradesh),Yolo Bus,11:55,05h 08m,17:03,3.7,350,30,Bharat Benz A/C Seater /Sleeper (2+1)
https://www.redbus.in/bus-tickets/bangalore-to-chittoor-andhra-pradesh,Bangalore to Chittoor (Andhra Pradesh),FRESHBUS,12:35,04h 25m,17:00,4.9,314,31,Electric A/C Seater (2+2)
https://www.redbus.in/bus-tickets/bangalore-to-chittoor-andhra-pradesh,Bangalore to Chittoor (Andhra Pradesh),NueGo,13:00,04h 15m,17:15,4.3,332,23,Electric A/C Seater (2+2)
https://www.redbus.in/bus-tickets/bangalore-to-chittoor-andhra-pradesh,Bangalore to Chittoor (Andhra Pradesh),Yolo Bus,13:45,05h 08m,18:53,3.9,350,33,Bharat Benz A/C Seater /Sleeper (2+1)
https://www.redbus.in/bus-tickets/bangalore-to-chittoor-andhra-pradesh,Bangalore to Chittoor (Andhra Pradesh),NueGo,14:00,04h 15m,18:15,4.2,332,23,Electric A/C Seater (2+2)
https://www.redbus.in/bus-tickets/bangalore-to-chittoor-andhra-pradesh,Bangalore to Chittoor (Andhra Pradesh),FRESHBUS,14:30,04h 50m,19:20,4.4,323,23,Electric A/C Seater (2+2)
https://www.redbus.in/bus-tickets/bangalore-to-chittoor-andhra-pradesh,Bangalore to Chittoor (Andhra Pradesh),Yolo Bus,14:55,05h 48m,20:43,3.6,350,31,Bharat Benz A/C Seater /Sleeper (2+1)
https://www.redbus.in/bus-tickets/bangalore-to-chittoor-andhra-pradesh,Bangalore to Chittoor (Andhra Pradesh),SVD Vedansh Travels,16:00,04h 45m,20:45,3.7,599,31,A/C Sleeper (2+1)
https://www.redbus.in/bus-tickets/bangalore-to-chittoor-andhra-pradesh,Bangalore to Chittoor (Andhra Pradesh),NueGo,18:00,05h 40m,23:40,3.6,332,21,Electric A/C Seater (2+2)
https://www.redbus.in/bus-tickets/bangalore-to-chittoor-andhra-pradesh,Bangalore to Chittoor (Andhra Pradesh),FlixBus,18:30,05h 26m,23:56,4.4,615.18,14,A/C Sleeper (2+1)
https://www.redbus.in/bus-tickets/bangalore-to-chittoor-andhra-pradesh,Bangalore to Chittoor (Andhra Pradesh),FlixBus,19:00,06h 21m,01:21,4.5,615.18,27,A/C Sleeper (2+1)
https://www.redbus.in/bus-tickets/bangalore-to-chittoor-andhra-pradesh,Bangalore to Chittoor (Andhra Pradesh),FRESHBUS,19:20,04h 25m,23:45,4.7,404,36,Electric A/C Seater (2+2)
https://www.redbus.in/bus-tickets/bangalore-to-chittoor-andhra-pradesh,Bangalore to Chittoor (Andhra Pradesh),Yolo Bus,19:50,05h 08m,00:58,3.0,470,33,Bharat Benz A/C Seater /Sleeper (2+1)
https://www.redbus.in/bus-tickets/bangalore-to-chittoor-andhra-pradesh,Bangalore to Chittoor (Andhra Pradesh),IntrCity SmartBus,19:55,03h 30m,23:25,4.4,519,30,A/C Seater / Sleeper (2+1)
https://www.redbus.in/bus-tickets/bangalore-to-chittoor-andhra-pradesh,Bangalore to Chittoor (Andhra Pradesh),RK Travels,20:15,05h 45m,02:00,3.1,499,14,Non A/C Seater / Sleeper (2+1)
https://www.redbus.in/bus-tickets/bangalore-to-chittoor-andhra-pradesh,Bangalore to Chittoor (Andhra Pradesh),IntrCity SmartBus,20:25,03h 15m,23:40,4.4,519,31,A/C Seater / Sleeper (2+1)
https://www.redbus.in/bus-tickets/bangalore-to-chittoor-andhra-pradesh,Bangalore to Chittoor (Andhra Pradesh),IntrCity SmartBus,20:25,03h 25m,23:50,4.4,519,36,A/C Seater / Sleeper (2+1)
https://www.redbus.in/bus-tickets/bangalore-to-chittoor-andhra-pradesh,Bangalore to Chittoor (Andhra Pradesh),FlixBus,20:30,05h 21m,01:51,3.8,615.18,31,VE A/C Sleeper (2+1)
https://www.redbus.in/bus-tickets/bangalore-to-chittoor-andhra-pradesh,Bangalore to Chittoor (Andhra Pradesh),RK Travels,20:30,05h 30m,02:00,3.4,350,34,Non A/C Seater / Sleeper (2+1)
https://www.redbus.in/bus-tickets/bangalore-to-chittoor-andhra-pradesh,Bangalore to Chittoor (Andhra Pradesh),RK Travels,20:50,05h 30m,02:20,3.4,399,26,Non A/C Seater / Sleeper (2+1)
https://www.redbus.in/bus-tickets/bangalore-to-chittoor-andhra-pradesh,Bangalore to Chittoor (Andhra Pradesh),Yolo Bus,21:00,05h 18m,02:18,4.1,380,21,Bharat Benz A/C Seater /Sleeper (2+1)
https://www.redbus.in/bus-tickets/bangalore-to-chittoor-andhra-pradesh,Bangalore to Chittoor (Andhra Pradesh),Rajeswari Travels,21:00,06h 35m,03:35,3.4,599,16,A/C Sleeper (2+1)
https://www.redbus.in/bus-tickets/bangalore-to-chittoor-andhra-pradesh,Bangalore to Chittoor (Andhra Pradesh),RK Travels,21:00,05h 00m,02:00,3.5,499,33,A/C Seater / Sleeper (2+1)
https://www.redbus.in/bus-tickets/bangalore-to-chittoor-andhra-pradesh,Bangalore to Chittoor (Andhra Pradesh),RK Travels,21:00,05h 30m,02:30,3.4,399,32,Non A/C Seater / Sleeper (2+1)
https://www.redbus.in/bus-tickets/bangalore-to-chittoor-andhra-pradesh,Bangalore to Chittoor (Andhra Pradesh),GKT TRAVELS,21:00,05h 40m,02:40,3.0,427,24,A/C Seater/Sleeper (2+1)
https://www.redbus.in/bus-tickets/bangalore-to-chittoor-andhra-pradesh,Bangalore to Chittoor (Andhra Pradesh),IntrCity SmartBus,21:10,03h 30m,00:40,4.4,519,31,A/C Seater / Sleeper (2+1)
https://www.redbus.in/bus-tickets/bangalore-to-chittoor-andhra-pradesh,Bangalore to Chittoor (Andhra Pradesh),Sri Venkateshwara Tours and Travels,21:15,05h 15m,02:30,3.1,425,54,Non A/C Seater / Sleeper (2+1)
https://www.redbus.in/bus-tickets/bangalore-to-chittoor-andhra-pradesh,Bangalore to Chittoor (Andhra Pradesh),Zingbus Plus,21:20,03h 30m,00:50,4.0,398,38,A/C Seater / Sleeper (2+1)
https://www.redbus.in/bus-tickets/bangalore-to-chittoor-andhra-pradesh,Bangalore to Chittoor (Andhra Pradesh),Bharathi Travels,21:21,03h 39m,01:00,3.4,350,29,NON A/C Semi Sleeper / Sleeper (2+1)
https://www.redbus.in/bus-tickets/bangalore-to-chittoor-andhra-pradesh,Bangalore to Chittoor (Andhra Pradesh),Navayuga Travels,21:35,05h 30m,03:05,3.6,349,29,A/C Seater / Sleeper (2+1)
https://www.redbus.in/bus-tickets/bangalore-to-chittoor-andhra-pradesh,Bangalore to Chittoor (Andhra Pradesh),Yolo Bus,21:45,05h 18m,03:03,3.7,350,29,Bharat Benz A/C Seater /Sleeper (2+1)
https://www.redbus.in/bus-tickets/bangalore-to-chittoor-andhra-pradesh,Bangalore to Chittoor (Andhra Pradesh),IntrCity SmartBus,21:55,03h 15m,01:10,4.4,479,22,Bharat Benz A/C Seater /Sleeper (2+1)
https://www.redbus.in/bus-tickets/bangalore-to-chittoor-andhra-pradesh,Bangalore to Chittoor (Andhra Pradesh),IntrCity SmartBus,22:00,05h 40m,03:40,4.5,539,28,A/C Seater / Sleeper (2+1)
https://www.redbus.in/bus-tickets/bangalore-to-chittoor-andhra-pradesh,Bangalore to Chittoor (Andhra Pradesh),Go Tour Travels and Holidays,22:00,03h 45m,01:45,4.3,561,21,A/C Sleeper (2+1)
https://www.redbus.in/bus-tickets/bangalore-to-chittoor-andhra-pradesh,Bangalore to Chittoor (Andhra Pradesh),Rajeswari Travels,22:15,04h 10m,02:25,3.4,399,32,Non A/C Seater / Sleeper (2+1)
https://www.redbus.in/bus-tickets/bangalore-to-chittoor-andhra-pradesh,Bangalore to Chittoor (Andhra Pradesh),Rajeswari Travels,22:20,04h 30m,02:50,3.4,449,29,A/C Seater / Sleeper (2+1)
https://www.redbus.in/bus-tickets/bangalore-to-chittoor-andhra-pradesh,Bangalore to Chittoor (Andhra Pradesh),FlixBus,22:20,05h 40m,04:00,4.2,615.18,34,VE A/C Sleeper (2+1)
https://www.redbus.in/bus-tickets/bangalore-to-chittoor-andhra-pradesh,Bangalore to Chittoor (Andhra Pradesh),IntrCity SmartBus,22:30,03h 20m,01:50,4.4,519,37,A/C Seater / Sleeper (2+1)
https://www.redbus.in/bus-tickets/bangalore-to-chittoor-andhra-pradesh,Bangalore to Chittoor (Andhra Pradesh),FRESHBUS,22:30,03h 45m,02:15,5.0,467,31,Electric A/C Seater (2+2)
https://www.redbus.in/bus-tickets/bangalore-to-chittoor-andhra-pradesh,Bangalore to Chittoor (Andhra Pradesh),IntrCity SmartBus,22:40,03h 15m,01:55,4.4,479,31,A/C Seater / Sleeper (2+1)
https://www.redbus.in/bus-tickets/bangalore-to-chittoor-andhra-pradesh,Bangalore to Chittoor (Andhra Pradesh),Yolo Bus,22:45,05h 18m,04:03,3.3,360,35,Bharat Benz A/C Seater /Sleeper (2+1)
https://www.redbus.in/bus-tickets/bangalore-to-chittoor-andhra-pradesh,Bangalore to Chittoor (Andhra Pradesh),Bharathi Travels,23:00,02h 40m,01:40,3.4,404,32,Non A/C Seater / Sleeper (2+1)
https://www.redbus.in/bus-tickets/bangalore-to-chittoor-andhra-pradesh,Bangalore to Chittoor (Andhra Pradesh),IntrCity SmartBus,23:00,04h 15m,03:15,4.4,479,31,A/C Seater / Sleeper (2+1)
https://www.redbus.in/bus-tickets/bangalore-to-chittoor-andhra-pradesh,Bangalore to Chittoor (Andhra Pradesh),NueGo,23:00,05h 00m,04:00,3.2,332,18,Electric A/C Seater (2+2)
https://www.redbus.in/bus-tickets/bangalore-to-chittoor-andhra-pradesh,Bangalore to Chittoor (Andhra Pradesh),FRESHBUS,23:10,04h 10m,03:20,4.1,431,36,Electric A/C Seater (2+2)
https://www.redbus.in/bus-tickets/bangalore-to-chittoor-andhra-pradesh,Bangalore to Chittoor (Andhra Pradesh),FRESHBUS,23:40,04h 20m,04:00,4.9,449,38,Electric A/C Seater (2+2)
https://www.redbus.in/bus-tickets/bangalore-to-chittoor-andhra-pradesh,Bangalore to Chittoor (Andhra Pradesh),NueGo,23:50,04h 15m,04:05,4.5,332,19,Electric A/C Seater (2+2)
https://www.redbus.in/bus-tickets/bangalore-to-chittoor-andhra-pradesh,Bangalore to Chittoor (Andhra Pradesh),Bharathi Travels,23:55,04h 20m,04:15,3.4,600,34,A/C Sleeper (2+1)
https://www.redbus.in/bus-tickets/bangalore-to-chittoor-andhra-pradesh,Bangalore to Chittoor (Andhra Pradesh),Yolo Bus,12:25,05h 08m,17:33,2.8,350,36,Bharat Benz A/C Seater /Sleeper (2+1)
https://www.redbus.in/bus-tickets/bangalore-to-chittoor-andhra-pradesh,Bangalore to Chittoor (Andhra Pradesh),Venson Transports,16:20,05h 40m,22:00,2.6,275,58,Non AC Seater (2+3)
https://www.redbus.in/bus-tickets/bangalore-to-chittoor-andhra-pradesh,Bangalore to Chittoor (Andhra Pradesh),Kaveri Travels,19:30,03h 00m,22:30,1.9,459,30,A/C Seater / Sleeper (2+1)
https://www.redbus.in/bus-tickets/bangalore-to-chittoor-andhra-pradesh,Bangalore to Chittoor (Andhra Pradesh),NueGo,22:00,04h 15m,02:15,2.7,332,21,Electric A/C Seater (2+2)
https://www.redbus.in/bus-tickets/bangalore-to-chittoor-andhra-pradesh,Bangalore to Chittoor (Andhra Pradesh),NueGo,22:15,04h 30m,02:45,2.6,437,41,Electric A/C Seater/Sleeper (2+1)
https://www.redbus.in/bus-tickets/bangalore-to-chittoor-andhra-pradesh,Bangalore to Chittoor (Andhra Pradesh),Vega Bus,22:30,05h 00m,03:30,2.1,569,21,A/C Seater / Sleeper (2+1)
https://www.redbus.in/bus-tickets/bangalore-to-chittoor-andhra-pradesh,Bangalore to Chittoor (Andhra Pradesh),Shyamoli Paribahan Pvt Ltd,14:10,03h 20m,17:30,3.6,3295,5,Bharat Benz A/C Seater /Sleeper (2+1)
https://www.redbus.in/bus-tickets/bangalore-to-chittoor-andhra-pradesh,Bangalore to Chittoor (Andhra Pradesh),SVD Vedansh Travels,14:30,05h 00m,19:30,3.7,1159,27,A/C Sleeper (2+1)
https://www.redbus.in/bus-tickets/bangalore-to-chittoor-andhra-pradesh,Bangalore to Chittoor (Andhra Pradesh),VKV Travels,16:00,02h 50m,18:50,4.6,1064,24,A/C Sleeper (2+1)
https://www.redbus.in/bus-tickets/bangalore-to-chittoor-andhra-pradesh,Bangalore to Chittoor (Andhra Pradesh),Sai Balaji Travels,16:15,05h 17m,21:32,4.1,3999,2,A/C Seater / Sleeper (2+1)
https://www.redbus.in/bus-tickets/bangalore-to-chittoor-andhra-pradesh,Bangalore to Chittoor (Andhra Pradesh),GMC Travels,16:15,03h 25m,19:40,4.0,890,34,A/C Seater / Sleeper (2+1)
https://www.redbus.in/bus-tickets/bangalore-to-chittoor-andhra-pradesh,Bangalore to Chittoor (Andhra Pradesh),Shyamoli Paribahan Pvt Ltd,16:15,04h 00m,20:15,3.6,933,14,Volvo 9600 Multi-Axle A/C Sleeper (2+1)
https://www.redbus.in/bus-tickets/bangalore-to-chittoor-andhra-pradesh,Bangalore to Chittoor (Andhra Pradesh),Shyamoli Paribahan Pvt Ltd,17:00,04h 00m,21:00,3.6,1091,12,Volvo 9600 Multi-Axle A/C Sleeper (2+1)
https://www.redbus.in/bus-tickets/bangalore-to-chittoor-andhra-pradesh,Bangalore to Chittoor (Andhra Pradesh),Svkdt travels,17:30,04h 00m,21:30,3.9,1036,24,A/C Sleeper (2+1)
https://www.redbus.in/bus-tickets/bangalore-to-chittoor-andhra-pradesh,Bangalore to Chittoor (Andhra Pradesh),Yaswanth Travels,18:00,04h 30m,22:30,3.7,2850,31,A/C Sleeper (2+1)
https://www.redbus.in/bus-tickets/bangalore-to-chittoor-andhra-pradesh,Bangalore to Chittoor (Andhra Pradesh),Mayuri Travels,18:00,03h 30m,21:30,3.7,1110,28,A/C Sleeper (2+1)
https://www.redbus.in/bus-tickets/bangalore-to-chittoor-andhra-pradesh,Bangalore to Chittoor (Andhra Pradesh),Prasanna Travels,19:00,03h 30m,22:30,3.3,1000,30,A/C Sleeper (2+1)
https://www.redbus.in/bus-tickets/bangalore-to-chittoor-andhra-pradesh,Bangalore to Chittoor (Andhra Pradesh),Shyamoli Paribahan Pvt Ltd,19:00,03h 15m,22:15,3.6,952,23,Volvo 9600 A/C Seater/Sleeper (2+1)
https://www.redbus.in/bus-tickets/bangalore-to-chittoor-andhra-pradesh,Bangalore to Chittoor (Andhra Pradesh),Express Line,19:00,03h 15m,22:15,4.3,1269,13,Volvo 9600 Multi-Axle A/C Sleeper (2+1)
https://www.redbus.in/bus-tickets/bangalore-to-chittoor-andhra-pradesh,Bangalore to Chittoor (Andhra Pradesh),IntrCity SmartBus,19:20,03h 30m,22:50,4.4,859,12,A/C Sleeper (2+1)
https://www.redbus.in/bus-tickets/bangalore-to-chittoor-andhra-pradesh,Bangalore to Chittoor (Andhra Pradesh),Chalasani Travels (Kaleswari),19:30,03h 50m,23:20,4.2,1000,17,A/C Sleeper (2+1)
https://www.redbus.in/bus-tickets/bangalore-to-chittoor-andhra-pradesh,Bangalore to Chittoor (Andhra Pradesh),IRA Transports,19:45,03h 25m,23:10,3.9,1035,21,A/C Sleeper (2+1)
https://www.redbus.in/bus-tickets/bangalore-to-chittoor-andhra-pradesh,Bangalore to Chittoor (Andhra Pradesh),Shyamoli Paribahan Pvt Ltd,19:45,03h 00m,22:45,3.6,1232,11,Volvo 9600 Multi-Axle A/C Sleeper (2+1)
https://www.redbus.in/bus-tickets/bangalore-to-chittoor-andhra-pradesh,Bangalore to Chittoor (Andhra Pradesh),Pramukh Travels,20:00,02h 30m,22:30,4.6,1199,20,Volvo 9600 Multi-Axle A/C Sleeper (2+1)
https://www.redbus.in/bus-tickets/bangalore-to-chittoor-andhra-pradesh,Bangalore to Chittoor (Andhra Pradesh),Kamakshi Tours And Travels,20:30,04h 15m,00:45,3.9,1069,8,A/C Sleeper (2+1)
https://www.redbus.in/bus-tickets/bangalore-to-chittoor-andhra-pradesh,Bangalore to Chittoor (Andhra Pradesh),Chalasani Travels (Kaleswari),20:50,04h 10m,01:00,4.2,1500,36,A/C Sleeper (2+1)
https://www.redbus.in/bus-tickets/bangalore-to-chittoor-andhra-pradesh,Bangalore to Chittoor (Andhra Pradesh),Chalasani Travels (Kaleswari),21:00,03h 10m,00:10,4.2,1000,19,A/C Sleeper (2+1)
https://www.redbus.in/bus-tickets/bangalore-to-chittoor-andhra-pradesh,Bangalore to Chittoor (Andhra Pradesh),GKT TRAVELS,21:05,05h 45m,02:50,3.0,645,23,A/C Sleeper (2+1)
https://www.redbus.in/bus-tickets/bangalore-to-chittoor-andhra-pradesh,Bangalore to Chittoor (Andhra Pradesh),GKT TRAVELS,21:20,05h 45m,03:05,3.0,645,19,A/C Sleeper (2+1)
https://www.redbus.in/bus-tickets/bangalore-to-chittoor-andhra-pradesh,Bangalore to Chittoor (Andhra Pradesh),KMBT Travels,21:30,04h 00m,01:30,3.6,823,25,A/C Seater / Sleeper (2+1)
https://www.redbus.in/bus-tickets/bangalore-to-chittoor-andhra-pradesh,Bangalore to Chittoor (Andhra Pradesh),Zingbus Plus,21:40,03h 35m,01:15,4.0,830,26,VE A/C Sleeper (2+1)
https://www.redbus.in/bus-tickets/bangalore-to-chittoor-andhra-pradesh,Bangalore to Chittoor (Andhra Pradesh),Siri SmartBus,21:50,03h 40m,01:30,4.4,671,19,VE A/C Sleeper (2+1)
https://www.redbus.in/bus-tickets/bangalore-to-chittoor-andhra-pradesh,Bangalore to Chittoor (Andhra Pradesh),Siri SmartBus,22:00,04h 00m,02:00,4.4,698,16,VE A/C Sleeper (2+1)
https://www.redbus.in/bus-tickets/bangalore-to-chittoor-andhra-pradesh,Bangalore to Chittoor (Andhra Pradesh),IRA Transports,22:30,04h 00m,02:30,3.9,920,21,Bharat Benz A/C Sleeper (2+1)
https://www.redbus.in/bus-tickets/bangalore-to-chittoor-andhra-pradesh,Bangalore to Chittoor (Andhra Pradesh),Dhriti Travels,22:45,04h 45m,03:30,3.4,900,6,VE A/C Sleeper (2+1)
https://www.redbus.in/bus-tickets/bangalore-to-chittoor-andhra-pradesh,Bangalore to Chittoor (Andhra Pradesh),BSR Tours And Travels,23:00,03h 10m,02:10,4.4,1376,20,Volvo 9600 Multi-Axle A/C Sleeper (2+1)
https://www.redbus.in/bus-tickets/bangalore-to-chittoor-andhra-pradesh,Bangalore to Chittoor (Andhra Pradesh),Sai Sindhu Travels,23:15,03h 45m,03:00,3.5,890,23,NON A/C Sleeper (2+1)
https://www.redbus.in/bus-tickets/bangalore-to-chittoor-andhra-pradesh,Bangalore to Chittoor (Andhra Pradesh),Rajesh Transports,23:20,03h 25m,02:45,4.4,1275,36,A/C Sleeper (2+1)
https://www.redbus.in/bus-tickets/bangalore-to-chittoor-andhra-pradesh,Bangalore to Chittoor (Andhra Pradesh),Rajesh Transports,23:20,03h 25m,02:45,4.4,999,30,A/C Volvo B11R Multi-Axle Sleeper (2+1)
https://www.redbus.in/bus-tickets/bangalore-to-chittoor-andhra-pradesh,Bangalore to Chittoor (Andhra Pradesh),Chalasani Travels (Kaleswari),23:20,02h 30m,01:50,4.2,1000,21,A/C Sleeper (2+1)
https://www.redbus.in/bus-tickets/bangalore-to-chittoor-andhra-pradesh,Bangalore to Chittoor (Andhra Pradesh),IntrCity SmartBus,23:25,03h 15m,02:40,4.4,729,27,AC Sleeper (2+1)
https://www.redbus.in/bus-tickets/bangalore-to-chittoor-andhra-pradesh,Bangalore to Chittoor (Andhra Pradesh),Naveen Tours and Travels,15:28,05h 32m,21:00,2.6,880,30,VE A/C Seater / Sleeper (2+1)
https://www.redbus.in/bus-tickets/bangalore-to-chittoor-andhra-pradesh,Bangalore to Chittoor (Andhra Pradesh),FlixBus,15:30,05h 50m,21:20,2.4,758.04,11,A/C Sleeper (2+1)
https://www.redbus.in/bus-tickets/bangalore-to-chittoor-andhra-pradesh,Bangalore to Chittoor (Andhra Pradesh),SRI SAI MURALI KRISHNA TRAVELS,17:30,03h 30m,21:00,2.6,4000,30,NON A/C Sleeper (2+1)
https://www.redbus.in/bus-tickets/bangalore-to-chittoor-andhra-pradesh,Bangalore to Chittoor (Andhra Pradesh),Chaitra Sri Travels,18:30,05h 20m,23:50,2.7,3999,41,Non A/C Seater / Sleeper (2+1)
https://www.redbus.in/bus-tickets/bangalore-to-chittoor-andhra-pradesh,Bangalore to Chittoor (Andhra Pradesh),Morning Star Travels,18:30,04h 00m,22:30,1.9,790,20,A/C Sleeper (2+1)
https://www.redbus.in/bus-tickets/bangalore-to-chittoor-andhra-pradesh,Bangalore to Chittoor (Andhra Pradesh),Kaveri Travels,19:00,03h 15m,22:15,2.6,1179,30,A/C Sleeper (2+1)
https://www.redbus.in/bus-tickets/bangalore-to-chittoor-andhra-pradesh,Bangalore to Chittoor (Andhra Pradesh),Chaitra Sri Travels,19:15,04h 44m,23:59,2.7,899,26,NON A/C Sleeper (2+1)
https://www.redbus.in/bus-tickets/bangalore-to-chittoor-andhra-pradesh,Bangalore to Chittoor (Andhra Pradesh),Morning Star Travels,19:15,03h 45m,23:00,3.5,1090,26,Volvo Multi Axle B9R A/C Sleeper (2+1)
https://www.redbus.in/bus-tickets/bangalore-to-chittoor-andhra-pradesh,Bangalore to Chittoor (Andhra Pradesh),SV Tours and Travels,21:00,04h 30m,01:30,2.7,1350,41,Volvo Multi-Axle A/C Sleeper (2+1)
https://www.redbus.in/bus-tickets/kadiri-to-bangalore,Kadiri to Bangalore,AR & BCVR Travels,23:55,05h 05m,05:00,4.5,500,38,Non A/C Seater / Sleeper (2+1)
https://www.redbus.in/bus-tickets/kadiri-to-bangalore,Kadiri to Bangalore,Indu Travels,23:59,05h 01m,05:00,4.0,549,26,Non A/C Seater / Sleeper (2+1)
https://www.redbus.in/bus-tickets/kadiri-to-bangalore,Kadiri to Bangalore,SEVEN HILLS TRAVELS,23:59,05h 01m,05:00,4.2,500,23,Non A/C Seater / Sleeper (2+1)
https://www.redbus.in/bus-tickets/kadiri-to-bangalore,Kadiri to Bangalore,Vasavi travels,23:59,05h 01m,05:00,3.8,500,31,Non A/C Seater / Sleeper (2+1)
https://www.redbus.in/bus-tickets/kadiri-to-bangalore,Kadiri to Bangalore,Maheswari Travels,23:45,06h 05m,05:50,1.5,500,26,Non A/C Seater / Sleeper (2+1)
https://www.redbus.in/bus-tickets/kadiri-to-bangalore,Kadiri to Bangalore,Indu Travels,23:55,05h 35m,05:30,2.8,499,24,Non A/C Seater / Sleeper (2+1)
https://www.redbus.in/bus-tickets/kadiri-to-bangalore,Kadiri to Bangalore,AR & BCVR Travels,23:55,05h 05m,05:00,2.6,500,36,Non A/C Seater / Sleeper (2+1)
https://www.redbus.in/bus-tickets/hyderabad-to-narsaraopet,Hyderabad to Narasaraopet,KKaveri Travels,21:00,07h 10m,04:10,3.8,500,17,Non A/C Seater / Sleeper (2+1)
https://www.redbus.in/bus-tickets/hyderabad-to-narsaraopet,Hyderabad to Narasaraopet,KKaveri Travels,21:00,07h 10m,04:10,3.6,800,21,Bharat Benz A/C Sleeper (2+1)
https://www.redbus.in/bus-tickets/hyderabad-to-narsaraopet,Hyderabad to Narasaraopet,V Kaveri Travels,21:30,06h 30m,04:00,4.5,1000,21,Volvo Multi-Axle A/C Sleeper (2+1)
https://www.redbus.in/bus-tickets/hyderabad-to-narsaraopet,Hyderabad to Narasaraopet,V Kaveri Travels,21:30,07h 00m,04:30,3.3,560,33,Non A/C Seater / Sleeper (2+1)
https://www.redbus.in/bus-tickets/hyderabad-to-narsaraopet,Hyderabad to Narasaraopet,Kaveri Travels,21:30,07h 15m,04:45,4.0,500,28,Non A/C Seater / Sleeper (2+1)
https://www.redbus.in/bus-tickets/hyderabad-to-narsaraopet,Hyderabad to Narasaraopet,Pspk Bus,21:30,06h 40m,04:10,4.6,400,22,Non A/C Seater / Sleeper (2+1)
https://www.redbus.in/bus-tickets/hyderabad-to-narsaraopet,Hyderabad to Narasaraopet,Kamakshi Tours And Travels,21:30,06h 45m,04:15,4.0,500,21,Non A/C Seater / Sleeper (2+1)
https://www.redbus.in/bus-tickets/hyderabad-to-narsaraopet,Hyderabad to Narasaraopet,V Kaveri Travels,21:30,06h 30m,04:00,3.8,800,25,NON A/C Sleeper (2+1)
https://www.redbus.in/bus-tickets/hyderabad-to-narsaraopet,Hyderabad to Narasaraopet,VSN Travels,21:40,06h 15m,03:55,3.7,799,15,A/C Sleeper (2+1)
https://www.redbus.in/bus-tickets/hyderabad-to-narsaraopet,Hyderabad to Narasaraopet,Sri Krishna Travels,21:45,06h 45m,04:30,3.2,1000,22,Volvo Multi-Axle A/C Sleeper (2+1)
https://www.redbus.in/bus-tickets/hyderabad-to-narsaraopet,Hyderabad to Narasaraopet,SRI MARUTHI TRAVELS,21:45,07h 15m,05:00,3.1,499,30,Non A/C Seater / Sleeper (2+1)
https://www.redbus.in/bus-tickets/hyderabad-to-narsaraopet,Hyderabad to Narasaraopet,Sai Balaji Travels,21:45,06h 55m,04:40,4.3,749,15,A/C Sleeper (2+1)
https://www.redbus.in/bus-tickets/hyderabad-to-narsaraopet,Hyderabad to Narasaraopet,PALURI GOWTHAMI TOURS AND TRAVELS,22:00,06h 45m,04:45,4.0,700,18,A/c sleeper (2+1)
https://www.redbus.in/bus-tickets/hyderabad-to-narsaraopet,Hyderabad to Narasaraopet,Kundana Travels,22:00,06h 50m,04:50,4.1,390,13,Non A/C Seater / Sleeper (2+1)
https://www.redbus.in/bus-tickets/hyderabad-to-narsaraopet,Hyderabad to Narasaraopet,Pragathi Travels,22:00,06h 30m,04:30,3.7,449,21,NON A/C Push Back (2+2)
https://www.redbus.in/bus-tickets/hyderabad-to-narsaraopet,Hyderabad to Narasaraopet,Kundana Travels,22:00,06h 50m,04:50,4.0,560,16,A/C Seater / Sleeper (2+1)
https://www.redbus.in/bus-tickets/hyderabad-to-narsaraopet,Hyderabad to Narasaraopet,SBR Travels,22:10,06h 40m,04:50,3.5,580,13,NON A/C Sleeper (2+1)
https://www.redbus.in/bus-tickets/hyderabad-to-narsaraopet,Hyderabad to Narasaraopet,Siva Sai Balaji Tours and Travels,22:10,06h 15m,04:25,4.0,599,24,A/C Seater / Sleeper (2+1)
https://www.redbus.in/bus-tickets/hyderabad-to-narsaraopet,Hyderabad to Narasaraopet,Lakshmi Gayatri Travels,22:15,06h 15m,04:30,3.6,499,26,NON AC Seater / Sleeper 2+1
https://www.redbus.in/bus-tickets/hyderabad-to-narsaraopet,Hyderabad to Narasaraopet,VV Vinayak Travels,22:15,06h 45m,05:00,3.7,730,21,A/C Sleeper (2+1)
https://www.redbus.in/bus-tickets/hyderabad-to-narsaraopet,Hyderabad to Narasaraopet,LVR Travels,22:20,06h 55m,05:15,3.7,649,28,A/C Sleeper (2+1)
https://www.redbus.in/bus-tickets/hyderabad-to-narsaraopet,Hyderabad to Narasaraopet,HVT,22:29,06h 31m,05:00,4.5,404,25,Non A/C Seater / Sleeper (2+1)
https://www.redbus.in/bus-tickets/hyderabad-to-narsaraopet,Hyderabad to Narasaraopet,KARTHIKEYA TOURS AND TRAVELS,22:30,06h 10m,04:40,3.9,749,13,A/C Sleeper (2+1)
https://www.redbus.in/bus-tickets/hyderabad-to-narsaraopet,Hyderabad to Narasaraopet,Kundana Travels,22:30,06h 10m,04:40,3.1,349,24,NON A/C Seater (2+2)
https://www.redbus.in/bus-tickets/hyderabad-to-narsaraopet,Hyderabad to Narasaraopet,Kaveri Travels,22:30,06h 10m,04:40,4.5,980,17,A/C Sleeper (2+1)
https://www.redbus.in/bus-tickets/hyderabad-to-narsaraopet,Hyderabad to Narasaraopet,KARTHIKEYA TOURS AND TRAVELS,22:30,06h 10m,04:40,3.9,450,12,A/C Seater / Sleeper (2+1)
https://www.redbus.in/bus-tickets/hyderabad-to-narsaraopet,Hyderabad to Narasaraopet,Siva Sai Balaji Tours and Travels,22:30,05h 55m,04:25,3.2,549,22,Non A/C Seater / Sleeper (2+1)
https://www.redbus.in/bus-tickets/hyderabad-to-narsaraopet,Hyderabad to Narasaraopet,SVR Bus,22:30,06h 05m,04:35,3.8,599,22,A/C Seater / Sleeper (2+1)
https://www.redbus.in/bus-tickets/hyderabad-to-narsaraopet,Hyderabad to Narasaraopet,Harshita Tours And Travels,22:30,06h 00m,04:30,4.6,699,11,NON A/C Sleeper (2+1)
https://www.redbus.in/bus-tickets/hyderabad-to-narsaraopet,Hyderabad to Narasaraopet,Morning Star Travels,22:30,06h 00m,04:30,3.3,790,22,A/C Sleeper (2+1)
https://www.redbus.in/bus-tickets/hyderabad-to-narsaraopet,Hyderabad to Narasaraopet,Mozo travels,22:30,05h 30m,04:00,4.8,599,20,A/C Seater / Sleeper (2+1)
https://www.redbus.in/bus-tickets/hyderabad-to-narsaraopet,Hyderabad to Narasaraopet,VV Vinayak Travels,22:35,06h 25m,05:00,3.3,461,23,Non A/C Seater / Sleeper (2+1)
https://www.redbus.in/bus-tickets/hyderabad-to-narsaraopet,Hyderabad to Narasaraopet,Sai Vijetha Travels,22:55,06h 00m,04:55,3.8,380,35,Non A/C Seater / Sleeper (2+1)
https://www.redbus.in/bus-tickets/hyderabad-to-narsaraopet,Hyderabad to Narasaraopet,Morning Star Travels,23:25,04h 55m,04:20,3.2,790,16,A/C Sleeper (2+1)
https://www.redbus.in/bus-tickets/hyderabad-to-narsaraopet,Hyderabad to Narasaraopet,Pragathi Travels,22:00,06h 40m,04:40,2.8,750,19,A/C Sleeper (2+1)
https://www.redbus.in/bus-tickets/hyderabad-to-narsaraopet,Hyderabad to Narasaraopet,SBR Travels,22:05,05h 55m,04:00,2.5,664,9,NON A/C Sleeper (2+1)
https://www.redbus.in/bus-tickets/hyderabad-to-narsaraopet,Hyderabad to Narasaraopet,Lakshmi Gayatri Travels,22:30,06h 00m,04:30,2.3,649,17,NON A/C Sleeper (2+1)
https://www.redbus.in/bus-tickets/hyderabad-to-narsaraopet,Hyderabad to Narasaraopet,SRI MARUTHI TRAVELS,22:30,06h 30m,05:00,2.8,499,34,Non A/C Seater / Sleeper (2+1)
https://www.redbus.in/bus-tickets/hyderabad-to-narsaraopet,Hyderabad to Narasaraopet,SRI MARUTHI TRAVELS,22:30,06h 30m,05:00,2.8,599,29,A/C Seater / Sleeper (2+1)
https://www.redbus.in/bus-tickets/hyderabad-to-narsaraopet,Hyderabad to Narasaraopet,SRKT Travels,22:45,05h 35m,04:20,2.2,500,18,Non A/C Seater / Sleeper (2+1)
https://www.redbus.in/bus-tickets/hyderabad-to-narsaraopet,Hyderabad to Narasaraopet,Sri Krishna Travels,21:30,06h 30m,04:00,4.7,1890,27,Volvo Multi-Axle A/C Sleeper (2+1)
https://www.redbus.in/bus-tickets/hyderabad-to-narsaraopet,Hyderabad to Narasaraopet,VSN Travels,22:10,05h 45m,03:55,4.2,3999,35,A/C Seater / Sleeper (2+1)
https://www.redbus.in/bus-tickets/hyderabad-to-narsaraopet,Hyderabad to Narasaraopet,Modern Travels,22:10,06h 10m,04:20,3.1,3000,28,A/C Sleeper (2+1)
https://www.redbus.in/bus-tickets/hyderabad-to-narsaraopet,Hyderabad to Narasaraopet,Sai Vijetha Travels,22:25,06h 00m,04:25,3.5,3800,39,Non A/C Seater / Sleeper (2+1)
https://www.redbus.in/bus-tickets/hyderabad-to-narsaraopet,Hyderabad to Narasaraopet,Sai Vijetha Travels,22:55,06h 00m,04:55,3.7,3800,52,Non A/C Seater / Sleeper (2+1)
https://www.redbus.in/bus-tickets/hyderabad-to-narsaraopet,Hyderabad to Narasaraopet,KKaveri Travels,21:00,07h 10m,04:10,1.7,1220,23,Bharat Benz A/C Sleeper (2+1)
https://www.redbus.in/bus-tickets/hyderabad-to-narsaraopet,Hyderabad to Narasaraopet,Sri Sivanjali Bus,21:20,06h 35m,03:55,1.5,2850,37,Non A/C Seater / Sleeper (2+1)
https://www.redbus.in/bus-tickets/hyderabad-to-narsaraopet,Hyderabad to Narasaraopet,Hriday Tours & Travels,22:00,03h 55m,01:55,2.3,2400,24,Volvo Multi-Axle A/C Sleeper (2+1)
https://www.redbus.in/bus-tickets/hyderabad-to-narsaraopet,Hyderabad to Narasaraopet,Poojitha Travels,22:30,06h 25m,04:55,3.5,4000,45,A/C Seater / Sleeper (2+1)
https://www.redbus.in/bus-tickets/narsaraopet-to-hyderabad,Narasaraopet to Hyderabad,Siva Sai Balaji Tours and Travels,22:30,06h 00m,04:30,4.3,712,13,A/C Seater / Sleeper (2+1)
https://www.redbus.in/bus-tickets/narsaraopet-to-hyderabad,Narasaraopet to Hyderabad,JSR Bus Tours & Travels,22:30,05h 45m,04:15,4.0,399,5,Non A/C Seater / Sleeper (2+1)
https://www.redbus.in/bus-tickets/narsaraopet-to-hyderabad,Narasaraopet to Hyderabad,VSN Travels,22:30,07h 00m,05:30,4.2,899,8,A/C Sleeper (2+1)
https://www.redbus.in/bus-tickets/narsaraopet-to-hyderabad,Narasaraopet to Hyderabad,Siva Sai Balaji Tours and Travels,22:40,05h 10m,03:50,4.1,641,18,Non A/C Seater / Sleeper (2+1)
https://www.redbus.in/bus-tickets/narsaraopet-to-hyderabad,Narasaraopet to Hyderabad,SRKT Travels,22:40,05h 35m,04:15,3.9,550,24,Non A/C Seater / Sleeper (2+1)
https://www.redbus.in/bus-tickets/narsaraopet-to-hyderabad,Narasaraopet to Hyderabad,Kundana Travels,22:45,07h 10m,05:55,4.4,990,32,NON A/C Seater (2+2)
https://www.redbus.in/bus-tickets/narsaraopet-to-hyderabad,Narasaraopet to Hyderabad,HVT,22:55,06h 05m,05:00,4.1,449,21,Non A/C Seater / Sleeper (2+1)
https://www.redbus.in/bus-tickets/narsaraopet-to-hyderabad,Narasaraopet to Hyderabad,Pragathi Travels,23:00,05h 45m,04:45,4.0,499,21,NON A/C Push Back (2+2)
https://www.redbus.in/bus-tickets/narsaraopet-to-hyderabad,Narasaraopet to Hyderabad,Pspk Bus,23:30,05h 00m,04:30,4.1,550,21,Non A/C Seater / Sleeper (2+1)
https://www.redbus.in/bus-tickets/narsaraopet-to-hyderabad,Narasaraopet to Hyderabad,Morning Star Travels,23:00,04h 45m,03:45,3.6,990,20,A/C Sleeper (2+1)
https://www.redbus.in/bus-tickets/narsaraopet-to-hyderabad,Narasaraopet to Hyderabad,Kaveri Travels,23:50,05h 30m,05:20,4.0,500,30,Non A/C Seater / Sleeper (2+1)
https://www.redbus.in/bus-tickets/narsaraopet-to-hyderabad,Narasaraopet to Hyderabad,Sai Balaji Travels,23:00,06h 55m,05:55,4.4,799,16,A/C Sleeper (2+1)
https://www.redbus.in/bus-tickets/narsaraopet-to-hyderabad,Narasaraopet to Hyderabad,SVR Bus,23:05,05h 40m,04:45,4.0,899,16,Non A/C Seater / Sleeper (2+1)
https://www.redbus.in/bus-tickets/narsaraopet-to-hyderabad,Narasaraopet to Hyderabad,SVR Bus,23:05,05h 40m,04:45,4.0,449,30,A/C Seater / Sleeper (2+1)
https://www.redbus.in/bus-tickets/narsaraopet-to-hyderabad,Narasaraopet to Hyderabad,Vikram sri krishna travels,23:10,06h 20m,05:30,4.1,890,15,A/C Sleeper (2+1)
https://www.redbus.in/bus-tickets/narsaraopet-to-hyderabad,Narasaraopet to Hyderabad,Pragathi Travels,23:15,05h 50m,05:05,4.4,850,18,A/C Sleeper (2+1)
https://www.redbus.in/bus-tickets/narsaraopet-to-hyderabad,Narasaraopet to Hyderabad,Kundana Travels,23:15,05h 45m,05:00,3.3,560,17,A/C Seater / Sleeper (2+1)
https://www.redbus.in/bus-tickets/narsaraopet-to-hyderabad,Narasaraopet to Hyderabad,LVR Travels,23:15,04h 45m,04:00,4.6,799,14,A/C Sleeper (2+1)
https://www.redbus.in/bus-tickets/narsaraopet-to-hyderabad,Narasaraopet to Hyderabad,KARTHIKEYA TOURS AND TRAVELS,23:20,06h 10m,05:30,3.1,550,11,A/C Seater / Sleeper (2+1)
https://www.redbus.in/bus-tickets/narsaraopet-to-hyderabad,Narasaraopet to Hyderabad,Lakshmi Gayatri Travels,23:25,06h 35m,06:00,3.6,749,17,NON A/C Sleeper (2+1)
https://www.redbus.in/bus-tickets/narsaraopet-to-hyderabad,Narasaraopet to Hyderabad,V Kaveri Travels,23:30,06h 15m,05:45,3.9,800,25,NON A/C Sleeper (2+1)
https://www.redbus.in/bus-tickets/narsaraopet-to-hyderabad,Narasaraopet to Hyderabad,Harshita Tours And Travels,23:30,06h 15m,05:45,4.5,599,5,NON A/C Sleeper (2+1)
https://www.redbus.in/bus-tickets/narsaraopet-to-hyderabad,Narasaraopet to Hyderabad,Sai Vijetha Travels,23:35,05h 40m,05:15,4.0,428,35,Non A/C Seater / Sleeper (2+1)
https://www.redbus.in/bus-tickets/narsaraopet-to-hyderabad,Narasaraopet to Hyderabad,VV Vinayak Travels,23:40,05h 40m,05:20,3.2,809,20,A/C Sleeper (2+1)
https://www.redbus.in/bus-tickets/narsaraopet-to-hyderabad,Narasaraopet to Hyderabad,Mozo travels,23:55,05h 35m,05:30,3.1,599,25,A/C Seater / Sleeper (2+1)
https://www.redbus.in/bus-tickets/narsaraopet-to-hyderabad,Narasaraopet to Hyderabad,KKaveri Travels,23:30,06h 30m,06:00,2.9,600,23,Non A/C Seater / Sleeper (2+1)
https://www.redbus.in/bus-tickets/narsaraopet-to-hyderabad,Narasaraopet to Hyderabad,SRI MARUTHI TRAVELS,22:45,07h 15m,06:00,2.0,499,15,Non A/C Seater / Sleeper (2+1)
https://www.redbus.in/bus-tickets/narsaraopet-to-hyderabad,Narasaraopet to Hyderabad,SBR Travels,22:50,04h 50m,03:40,2.8,799,20,NON A/C Sleeper (2+1)
https://www.redbus.in/bus-tickets/narsaraopet-to-hyderabad,Narasaraopet to Hyderabad,Lakshmi Gayatri Travels,22:50,06h 05m,04:55,2.5,999,29,NON A/C Hi-Tech (2+2)
https://www.redbus.in/bus-tickets/narsaraopet-to-hyderabad,Narasaraopet to Hyderabad,SBR Travels,22:50,04h 50m,03:40,2.8,899,19,NON A/C Sleeper (2+1)
https://www.redbus.in/bus-tickets/narsaraopet-to-hyderabad,Narasaraopet to Hyderabad,Sri Laxmi Sravanthi Siva Tours And Travels,23:00,07h 00m,06:00,2.4,599,24,Non A/C Seater / Sleeper (2+1)
https://www.redbus.in/bus-tickets/narsaraopet-to-hyderabad,Narasaraopet to Hyderabad,SRI MARUTHI TRAVELS,23:10,05h 50m,05:00,2.8,649,14,A/C Seater / Sleeper (2+1)
https://www.redbus.in/bus-tickets/narsaraopet-to-hyderabad,Narasaraopet to Hyderabad,SRI MARUTHI TRAVELS,23:10,05h 50m,05:00,1.9,499,22,Non A/C Seater / Sleeper (2+1)
https://www.redbus.in/bus-tickets/narsaraopet-to-hyderabad,Narasaraopet to Hyderabad,Kaveri Travels,23:35,05h 40m,05:15,3.8,1080,18,A/C Sleeper (2+1)
https://www.redbus.in/bus-tickets/narsaraopet-to-hyderabad,Narasaraopet to Hyderabad,V Kaveri Travels,23:20,08h 15m,07:35,2.7,600,30,Non A/C Seater / Sleeper (2+1)
https://www.redbus.in/bus-tickets/narsaraopet-to-hyderabad,Narasaraopet to Hyderabad,Kamakshi Tours And Travels,23:50,07h 30m,07:20,2.7,550,25,Non A/C Seater / Sleeper (2+1)
https://www.redbus.in/bus-tickets/narsaraopet-to-hyderabad,Narasaraopet to Hyderabad,Sri Laxmi Sravanthi Siva Tours And Travels,23:50,06h 10m,06:00,2.4,599,26,Non A/C Seater / Sleeper (2+1)
https://www.redbus.in/bus-tickets/narsaraopet-to-hyderabad,Narasaraopet to Hyderabad,Vikram sri krishna travels,22:45,06h 15m,05:00,4.1,3000,7,Non A/C Seater / Sleeper (2+1)
https://www.redbus.in/bus-tickets/narsaraopet-to-hyderabad,Narasaraopet to Hyderabad,Kundana Travels,23:00,06h 00m,05:00,3.7,2999,36,A/C Sleeper (2+1)
https://www.redbus.in/bus-tickets/narsaraopet-to-hyderabad,Narasaraopet to Hyderabad,SVT Travels,23:20,05h 40m,05:00,3.5,4000,33,A/C Seater / Sleeper (2+1)
https://www.redbus.in/bus-tickets/narsaraopet-to-hyderabad,Narasaraopet to Hyderabad,Modern Travels,23:20,06h 35m,05:55,3.8,3000,28,A/C Sleeper (2+1)
https://www.redbus.in/bus-tickets/narsaraopet-to-hyderabad,Narasaraopet to Hyderabad,KARTHIKEYA TOURS AND TRAVELS,23:40,06h 20m,06:00,3.1,1099,1,A/C Sleeper (2+1)
https://www.redbus.in/bus-tickets/narsaraopet-to-hyderabad,Narasaraopet to Hyderabad,V Kaveri Travels,23:50,05h 25m,05:15,3.7,1190,23,Volvo Multi-Axle A/C Sleeper (2+1)
https://www.redbus.in/bus-tickets/narsaraopet-to-hyderabad,Narasaraopet to Hyderabad,Poojitha Travels,23:45,06h 00m,05:45,3.5,4000,45,A/C Seater / Sleeper (2+1)
https://www.redbus.in/bus-tickets/visakhapatnam-to-kakinada,Visakhapatnam to Kakinada,Sri KVR Travels,22:00,04h 00m,02:00,4.0,499,24,Non A/C Seater / Sleeper (2+1)
https://www.redbus.in/bus-tickets/visakhapatnam-to-kakinada,Visakhapatnam to Kakinada,Sri KVR Travels,22:00,04h 00m,02:00,4.0,499,26,Non A/C Seater / Sleeper (2+1)
https://www.redbus.in/bus-tickets/visakhapatnam-to-kakinada,Visakhapatnam to Kakinada,Sai RK Travels,22:40,03h 50m,02:30,4.4,499,25,Non A/C Seater / Sleeper (2+1)
https://www.redbus.in/bus-tickets/visakhapatnam-to-kakinada,Visakhapatnam to Kakinada,Morning Star Travels,21:10,05h 15m,02:25,2.7,650,14,NON A/C Sleeper (2+1)
https://www.redbus.in/bus-tickets/visakhapatnam-to-kakinada,Visakhapatnam to Kakinada,MAHA BUS,21:30,04h 10m,01:40,3.8,990,15,A/C Sleeper (2+1)
https://www.redbus.in/bus-tickets/visakhapatnam-to-kakinada,Visakhapatnam to Kakinada,SRI VIJAYA KRISHNA TOURS and TRAVELS,22:15,05h 15m,03:30,3.4,999,26,Non A/C Seater / Sleeper (2+1)
https://www.redbus.in/bus-tickets/bangalore-to-madanapalli,Bangalore to Madanapalli,Maheswari Travels,20:30,06h 05m,02:35,4.2,399,35,Non A/C Seater / Sleeper (2+1)
https://www.redbus.in/bus-tickets/bangalore-to-madanapalli,Bangalore to Madanapalli,Maheswari Travels,20:35,05h 55m,02:30,4.2,450,19,Non A/C Seater / Sleeper (2+1)
https://www.redbus.in/bus-tickets/bangalore-to-madanapalli,Bangalore to Madanapalli,HARITHA TRAVELS,20:40,05h 20m,02:00,3.9,398,32,Non A/C Seater / Sleeper (2+1)
https://www.redbus.in/bus-tickets/bangalore-to-madanapalli,Bangalore to Madanapalli,RK Travels,21:10,04h 50m,02:00,3.5,399,26,Non A/C Seater / Sleeper (2+1)
https://www.redbus.in/bus-tickets/bangalore-to-madanapalli,Bangalore to Madanapalli,SREE RUDRA TRAVELS,21:15,04h 20m,01:35,4.4,450,35,Non A/C Seater / Sleeper (2+1)
https://www.redbus.in/bus-tickets/bangalore-to-madanapalli,Bangalore to Madanapalli,Shiva Parvathi Tours And Travels,19:00,06h 00m,01:00,4.1,500,30,A/C Seater / Sleeper (2+1)
https://www.redbus.in/bus-tickets/bangalore-to-madanapalli,Bangalore to Madanapalli,BHAIRAVA TOURS AND TRAVELS,19:15,04h 44m,23:59,3.2,499,18,Non A/C Seater / Sleeper (2+1)
https://www.redbus.in/bus-tickets/bangalore-to-madanapalli,Bangalore to Madanapalli,Amara Tours And Travels,19:30,05h 00m,00:30,4.9,749,19,A/C Seater / Sleeper (2+1)
https://www.redbus.in/bus-tickets/bangalore-to-madanapalli,Bangalore to Madanapalli,VEERA & SRI KALESWARI TRAVELS,20:00,06h 00m,02:00,4.4,500,2,Non A/C Seater / Sleeper (2+1)
https://www.redbus.in/bus-tickets/bangalore-to-madanapalli,Bangalore to Madanapalli,Sri Vengamamba Bus Transport (SVBT),20:00,03h 59m,23:59,4.3,638,19,Non A/C Seater / Sleeper (2+1)
https://www.redbus.in/bus-tickets/bangalore-to-madanapalli,Bangalore to Madanapalli,Maheswari Travels,20:15,05h 45m,02:00,4.2,499,20,Non A/C Seater / Sleeper (2+1)
https://www.redbus.in/bus-tickets/bangalore-to-madanapalli,Bangalore to Madanapalli,Sri Vengamamba Bus Transport (SVBT),20:30,04h 00m,00:30,4.3,700,15,A/C Sleeper (2+1)
https://www.redbus.in/bus-tickets/bangalore-to-madanapalli,Bangalore to Madanapalli,Sri Vengamamba Bus Transport (SVBT),20:30,04h 00m,00:30,4.3,828,15,A/C Seater / Sleeper (2+1)
https://www.redbus.in/bus-tickets/bangalore-to-madanapalli,Bangalore to Madanapalli,Sri Mukundha Travels,20:35,05h 14m,01:49,3.5,699,38,NON A/C Semi Sleeper / Sleeper (2+1)
https://www.redbus.in/bus-tickets/bangalore-to-madanapalli,Bangalore to Madanapalli,HARITHA TRAVELS,20:40,06h 05m,02:45,3.9,598,23,A/C Seater / Sleeper (2+1)
https://www.redbus.in/bus-tickets/bangalore-to-madanapalli,Bangalore to Madanapalli,Sri Vengamamba Bus Transport (SVBT),21:00,03h 30m,00:30,4.3,1292,12,A/C Sleeper (2+1)
https://www.redbus.in/bus-tickets/bangalore-to-madanapalli,Bangalore to Madanapalli,BABA TRAVELS,21:15,04h 05m,01:20,3.5,2000,36,Non A/C Seater / Sleeper (2+1)
https://www.redbus.in/bus-tickets/bangalore-to-madanapalli,Bangalore to Madanapalli,AR & BCVR Travels,21:30,04h 30m,02:00,4.0,500,34,Non A/C Seater / Sleeper (2+1)
https://www.redbus.in/bus-tickets/bangalore-to-madanapalli,Bangalore to Madanapalli,Sri Vengamamba Bus Transport (SVBT),21:45,03h 59m,01:44,4.3,600,27,Non A/C Seater / Sleeper (2+1)
https://www.redbus.in/bus-tickets/bangalore-to-madanapalli,Bangalore to Madanapalli,Sri Vinayaka Travels,19:45,06h 15m,02:00,2.2,599,11,NON A/C Sleeper (2+1)
https://www.redbus.in/bus-tickets/bangalore-to-madanapalli,Bangalore to Madanapalli,Sri Vinayaka Travels,20:10,06h 50m,03:00,2.2,750,14,A/C Sleeper (2+1)
https://www.redbus.in/bus-tickets/guwahati-to-tezpur,Guwahati to Tezpur,Mahi Travels(Under ASTC),10:50,04h 05m,14:55,3.4,352,3,Bharat Benz A/C Seater (2+2)
https://www.redbus.in/bus-tickets/guwahati-to-tezpur,Guwahati to Tezpur,ANIRUDDHA TRAVELS,11:00,05h 00m,16:00,3.0,285,40,A/C Seater Push Back (2+2)
https://www.redbus.in/bus-tickets/guwahati-to-tezpur,Guwahati to Tezpur,Mahi Travels(Under ASTC),14:20,03h 20m,17:40,4.5,377,1,A/C Seater (2+2)
https://www.redbus.in/bus-tickets/guwahati-to-tezpur,Guwahati to Tezpur,WARISPIYA TRAVELS,15:00,03h 40m,18:40,4.4,360,23,AC Seater (2+2)
https://www.redbus.in/bus-tickets/guwahati-to-tezpur,Guwahati to Tezpur,WARISPIYA TRAVELS,15:35,03h 40m,19:15,4.1,360,31,AC Seater (2+2)
https://www.redbus.in/bus-tickets/guwahati-to-tezpur,Guwahati to Tezpur,WARISPIYA TRAVELS,16:15,03h 25m,19:40,4.1,360,27,Bharat Benz A/C Seater (2+2)
https://www.redbus.in/bus-tickets/guwahati-to-tezpur,Guwahati to Tezpur,Karisma Aarna,17:00,04h 30m,21:30,4.7,351,35,A/C Seater/Sleeper (2+1)
https://www.redbus.in/bus-tickets/guwahati-to-tezpur,Guwahati to Tezpur,Yatra Travels,19:00,04h 45m,23:45,3.7,438,35,NON AC Seater/ Sleeper (2+1)
https://www.redbus.in/bus-tickets/guwahati-to-tezpur,Guwahati to Tezpur,Kalpana Travels,16:50,03h 25m,20:15,4.5,351,32,AC Seater (2+2)
https://www.redbus.in/bus-tickets/guwahati-to-tezpur,Guwahati to Tezpur,Yatra Travels,20:00,05h 30m,01:30,4.6,438,20,A/C Seater / Sleeper (2+1)
https://www.redbus.in/bus-tickets/guwahati-to-tezpur,Guwahati to Tezpur,Pranjit Travels (Under ASTC),20:30,05h 00m,01:30,4.0,450,32,A/C Seater / Sleeper (2+1)
https://www.redbus.in/bus-tickets/guwahati-to-tezpur,Guwahati to Tezpur,Yatra Travels,20:30,04h 30m,01:00,4.6,438,30,NON AC Seater/ Sleeper (2+1)
https://www.redbus.in/bus-tickets/guwahati-to-tezpur,Guwahati to Tezpur,Pranjit Travels (Under ASTC),20:45,05h 45m,02:30,3.0,500,47,A/C Seater / Sleeper (2+1)
https://www.redbus.in/bus-tickets/guwahati-to-tezpur,Guwahati to Tezpur,Yatra Travels,21:00,04h 30m,01:30,3.6,438,45,NON A/C Seater/ Sleeper (2+1)
https://www.redbus.in/bus-tickets/guwahati-to-tezpur,Guwahati to Tezpur,Pranjit Travels (Under ASTC),21:15,05h 00m,02:15,3.6,450,37,Non AC Seater (2+1)
https://www.redbus.in/bus-tickets/guwahati-to-tezpur,Guwahati to Tezpur,Pranjit Travels (Under ASTC),21:45,04h 15m,02:00,4.5,450,30,NON A/C Seater (2+1)
https://www.redbus.in/bus-tickets/guwahati-to-tezpur,Guwahati to Tezpur,Upasana Travels (Under ASTC),11:30,04h 30m,16:00,2.2,285,20,A/C Seater (2+2)
https://www.redbus.in/bus-tickets/guwahati-to-tezpur,Guwahati to Tezpur,Yatra Travels,18:00,05h 30m,23:30,2.5,438,31,NON A/C Seater (2+1)
https://www.redbus.in/bus-tickets/guwahati-to-tezpur,Guwahati to Tezpur,Brindaban Travels,17:15,04h 00m,21:15,1.6,300,35,Non AC Seater (2+2)
https://www.redbus.in/bus-tickets/guwahati-to-tezpur,Guwahati to Tezpur,DESTINY TRAVELS,17:30,05h 30m,23:00,2.1,459,32,NON A/C Seater (2+1)
https://www.redbus.in/bus-tickets/guwahati-to-tezpur,Guwahati to Tezpur,DESTINY TRAVELS,18:45,05h 00m,23:45,2.1,451,22,NON A/C Seater (2+1)
https://www.redbus.in/bus-tickets/guwahati-to-tezpur,Guwahati to Tezpur,Shopuris Travels,19:45,05h 00m,00:45,3.0,600,29,NON A/C Seater (2+1)
https://www.redbus.in/bus-tickets/guwahati-to-tezpur,Guwahati to Tezpur,Zainab Travels (Under ASTC),20:30,05h 00m,01:30,3.6,800,11,A/C Seater (2+1)
https://www.redbus.in/bus-tickets/guwahati-to-tezpur,Guwahati to Tezpur,Chartered Bus,21:00,04h 00m,01:00,3.5,756.25,41,Volvo AC Seater Pushback 2+2
https://www.redbus.in/bus-tickets/guwahati-to-tezpur,Guwahati to Tezpur,BLUE HILL TRAVELS INDIA LIMITED,20:00,05h 15m,01:15,2.0,550,30,NON A/C Seater Semi Sleeper (2+1)
https://www.redbus.in/bus-tickets/guwahati-to-tezpur,Guwahati to Tezpur,KIRAN TRAVELS,20:40,03h 50m,00:30,2.2,540,18,A/C Seater (2+1)
https://www.redbus.in/bus-tickets/guwahati-to-nagaon,Guwahati to Nagaon (Assam),Orient Transline,11:10,02h 55m,14:05,3.9,333.33,4,A/C Seater (2+1)
https://www.redbus.in/bus-tickets/guwahati-to-nagaon,Guwahati to Nagaon (Assam),Kareng Travels,11:45,03h 00m,14:45,4.2,280,28,NON A/C Seater Push Back (2+2)
https://www.redbus.in/bus-tickets/guwahati-to-nagaon,Guwahati to Nagaon (Assam),Kareng Travels,12:15,03h 00m,15:15,3.7,300,21,A/C Seater (2+1)
https://www.redbus.in/bus-tickets/guwahati-to-nagaon,Guwahati to Nagaon (Assam),Kareng,12:30,02h 10m,14:40,4.4,300,27,A/C Seater (2+1)
https://www.redbus.in/bus-tickets/guwahati-to-nagaon,Guwahati to Nagaon (Assam),Anindita Travels,12:30,03h 15m,15:45,4.1,400,21,NON A/C Seater (2+1)
https://www.redbus.in/bus-tickets/guwahati-to-nagaon,Guwahati to Nagaon (Assam),Mahi Travels(Under ASTC),14:20,01h 55m,16:15,4.3,374,4,A/C Seater (2+2)
https://www.redbus.in/bus-tickets/guwahati-to-nagaon,Guwahati to Nagaon (Assam),IQRA,20:45,03h 20m,00:05,4.1,450,33,A/C Seater (2+1)
https://www.redbus.in/bus-tickets/guwahati-to-nagaon,Guwahati to Nagaon (Assam),Mahi Travels(Under ASTC),10:50,02h 40m,13:30,2.3,302,24,Bharat Benz A/C Seater (2+2)
https://www.redbus.in/bus-tickets/guwahati-to-nagaon,Guwahati to Nagaon (Assam),DESTINY TRAVELS,17:30,03h 10m,20:40,1.3,356,18,NON A/C Seater (2+1)
https://www.redbus.in/bus-tickets/guwahati-to-nagaon,Guwahati to Nagaon (Assam),DESTINY TRAVELS,18:45,03h 15m,22:00,1.3,341,22,NON A/C Seater (2+1)
https://www.redbus.in/bus-tickets/guwahati-to-nagaon,Guwahati to Nagaon (Assam),Nishigandha(Divya Tours & Travels),21:15,02h 35m,23:50,4.1,560,29,A/C Seater / Sleeper (2+1)
https://www.redbus.in/bus-tickets/jorhat-to-north-lakhimpur,Jorhat to North Lakhimpur,Priyanka,19:00,10h 30m,05:30,4.3,600,28,Non AC Seater (2+1)
https://www.redbus.in/bus-tickets/goalpara-to-guwahati,Goalpara to Guwahati,Balaji Tours And Travels,10:45,04h 00m,14:45,1.0,162,33,NON A/C Seater (2+2)
https://www.redbus.in/bus-tickets/goalpara-to-guwahati,Goalpara to Guwahati,Balaji Tours And Travels,11:15,04h 20m,15:35,1.0,162,41,NON A/C Seater Push Back (2+2)
https://www.redbus.in/bus-tickets/north-lakhimpur-to-sibsagar,North Lakhimpur to Sibsagar (Assam),Assam State Transport Corporation (ASTC) - 173044,13:00,05h 30m,18:30,3.2,220,20,Non AC Seater (2+2)
https://www.redbus.in/bus-tickets/jorhat-to-dibrugarh,Jorhat to Dibrugarh,Atlanta Travels,11:30,03h 45m,15:15,3.9,550,34,Volvo A/C Seater (2+2)
https://www.redbus.in/bus-tickets/jorhat-to-dibrugarh,Jorhat to Dibrugarh,ANIRUDDHA TRAVELS,11:45,04h 45m,16:30,3.0,475,8,A/C Seater (2+2)
https://www.redbus.in/bus-tickets/jorhat-to-dibrugarh,Jorhat to Dibrugarh,Aroti Travels,12:15,03h 45m,16:00,4.2,380,33,Non AC Seater (2+2)
https://www.redbus.in/bus-tickets/jorhat-to-dibrugarh,Jorhat to Dibrugarh,NETWORK TRAVELS,12:45,04h 00m,16:45,3.8,500,12,A/C Seater Push Back (2+1)
https://www.redbus.in/bus-tickets/jorhat-to-dibrugarh,Jorhat to Dibrugarh,MADHURIKA TRAVELS,12:45,04h 15m,17:00,4.3,558,12,A/C Seater (2+1)
https://www.redbus.in/bus-tickets/jorhat-to-dibrugarh,Jorhat to Dibrugarh,Chartered Bus - ASTC,13:30,03h 45m,17:15,4.4,594.48,16,Volvo AC Seater Pushback 2+2
https://www.redbus.in/bus-tickets/jorhat-to-dibrugarh,Jorhat to Dibrugarh,SHIVAM TRAVELS,13:30,04h 00m,17:30,3.3,500,9,Bharat Benz A/C Seater (2+1)
https://www.redbus.in/bus-tickets/jorhat-to-dibrugarh,Jorhat to Dibrugarh,Bashudev Transline (Under ASTC),14:00,04h 00m,18:00,4.5,550,11,A/C Seater (2+1)
https://www.redbus.in/bus-tickets/jorhat-to-dibrugarh,Jorhat to Dibrugarh,Christina Travels,12:30,04h 00m,16:30,2.9,420,27,NON A/C Seater (2+2)
https://www.redbus.in/bus-tickets/jorhat-to-dibrugarh,Jorhat to Dibrugarh,Rongpur(Ayaan),15:20,02h 40m,18:00,2.4,383,16,Bharat Benz A/C Seater (2+1)
https://www.redbus.in/bus-tickets/guwahati-to-dhubri,Guwahati to Dhubri,UNICORN,15:00,06h 00m,21:00,3.3,390,32,AC Seater (2+2)
https://www.redbus.in/bus-tickets/dhubri-to-guwahati,Dhubri to Guwahati,Rizwan Travels,12:15,07h 00m,19:15,3.1,300,45,Non AC Seater (2+2)
https://www.redbus.in/bus-tickets/dhubri-to-guwahati,Dhubri to Guwahati,Rizwan Travels,12:30,07h 30m,20:00,2.3,300,45,Non AC Seater (2+2)
https://www.redbus.in/bus-tickets/guwahati-to-biswanath-charali,Guwahati to Biswanath Charali,Mahi Travels(Under ASTC),14:20,04h 50m,19:10,4.3,477,1,A/C Seater (2+2)
https://www.redbus.in/bus-tickets/guwahati-to-biswanath-charali,Guwahati to Biswanath Charali,Yatra Travels,18:00,07h 30m,01:30,4.1,481,31,NON A/C Seater (2+1)
https://www.redbus.in/bus-tickets/guwahati-to-biswanath-charali,Guwahati to Biswanath Charali,Yatra Travels,19:00,05h 30m,00:30,4.2,481,40,NON AC Seater/ Sleeper (2+1)
https://www.redbus.in/bus-tickets/guwahati-to-biswanath-charali,Guwahati to Biswanath Charali,Laxmi Travels,19:05,06h 00m,01:05,4.0,450,35,Bharat Benz A/C Seater /Sleeper (2+1)
https://www.redbus.in/bus-tickets/guwahati-to-biswanath-charali,Guwahati to Biswanath Charali,Shopuris Travels,19:45,06h 00m,01:45,3.0,600,32,NON AC Seater / Sleeper 2+1
https://www.redbus.in/bus-tickets/guwahati-to-biswanath-charali,Guwahati to Biswanath Charali,BLUE HILL TRAVELS INDIA LIMITED,20:00,06h 00m,02:00,3.5,500,18,NON A/C Seater Semi Sleeper (2+1)
https://www.redbus.in/bus-tickets/guwahati-to-biswanath-charali,Guwahati to Biswanath Charali,Yatra Travels,20:00,07h 15m,03:15,4.1,569,20,A/C Seater / Sleeper (2+1)
https://www.redbus.in/bus-tickets/guwahati-to-biswanath-charali,Guwahati to Biswanath Charali,NORTH EAST TRAVELS(UNDER ASTC),20:15,05h 15m,01:30,3.3,500,24,NON A/C Seater (2+1)
https://www.redbus.in/bus-tickets/guwahati-to-biswanath-charali,Guwahati to Biswanath Charali,Yatra Travels,20:30,05h 45m,02:15,4.5,481,31,NON AC Seater/ Sleeper (2+1)
https://www.redbus.in/bus-tickets/guwahati-to-biswanath-charali,Guwahati to Biswanath Charali,Pranjit Travels (Under ASTC),20:30,05h 45m,02:15,4.0,500,32,A/C Seater / Sleeper (2+1)
https://www.redbus.in/bus-tickets/guwahati-to-biswanath-charali,Guwahati to Biswanath Charali,Pranjit Travels (Under ASTC),20:45,06h 45m,03:30,4.3,550,45,A/C Seater / Sleeper (2+1)
https://www.redbus.in/bus-tickets/guwahati-to-biswanath-charali,Guwahati to Biswanath Charali,MAHARATHI TRANSPORT,21:15,05h 45m,03:00,3.1,350,25,Non AC Seater (2+1)
https://www.redbus.in/bus-tickets/guwahati-to-biswanath-charali,Guwahati to Biswanath Charali,Pranjit Travels (Under ASTC),21:45,05h 15m,03:00,4.4,500,31,NON A/C Seater (2+1)
https://www.redbus.in/bus-tickets/guwahati-to-biswanath-charali,Guwahati to Biswanath Charali,Mahi Travels(Under ASTC),10:50,05h 40m,16:30,2.8,448,5,Bharat Benz A/C Seater (2+2)
https://www.redbus.in/bus-tickets/guwahati-to-biswanath-charali,Guwahati to Biswanath Charali,DESTINY TRAVELS,17:30,06h 00m,23:30,1.2,488,16,NON A/C Seater (2+1)
https://www.redbus.in/bus-tickets/guwahati-to-biswanath-charali,Guwahati to Biswanath Charali,DESTINY TRAVELS,18:45,05h 35m,00:20,1.2,451,22,NON A/C Seater (2+1)
https://www.redbus.in/bus-tickets/guwahati-to-biswanath-charali,Guwahati to Biswanath Charali,PARIJAT TRAVELS(UNDER ASTC),19:35,06h 25m,02:00,2.5,400,21,NON A/C Seater (2+1)
https://www.redbus.in/bus-tickets/guwahati-to-biswanath-charali,Guwahati to Biswanath Charali,Yatra Travels,21:00,05h 10m,02:10,2.7,481,45,NON A/C Seater/ Sleeper (2+1)
https://www.redbus.in/bus-tickets/guwahati-to-biswanath-charali,Guwahati to Biswanath Charali,Pranjit Travels (Under ASTC),21:15,06h 00m,03:15,2.1,500,37,NON A/C Seater (2+1)
https://www.redbus.in/bus-tickets/guwahati-to-biswanath-charali,Guwahati to Biswanath Charali,Chartered Bus,21:00,04h 45m,01:45,3.5,756.25,41,Volvo AC Seater Pushback 2+2
https://www.redbus.in/bus-tickets/dibrugarh-to-tezpur,Dibrugarh to Tezpur,ANIRUDDHA TRAVELS,20:00,08h 00m,04:00,3.5,618,18,Non A/C Seater / Sleeper (2+1)
https://www.redbus.in/bus-tickets/dibrugarh-to-tezpur,Dibrugarh to Tezpur,SANJEEBANI TRAVELS,18:45,08h 15m,03:00,4.9,600,25,NON AC Seater / Sleeper 2+1
https://www.redbus.in/bus-tickets/dibrugarh-to-tezpur,Dibrugarh to Tezpur,KIRTI TRAVELS,19:30,09h 30m,05:00,2.4,550,18,NON A/C Seater/ Sleeper (2+1)
https://www.redbus.in/bus-tickets/dibrugarh-to-tezpur,Dibrugarh to Tezpur,Puja Transport,20:20,08h 40m,05:00,3.4,600,3,NON AC Seater / Sleeper 2+1
https://www.redbus.in/bus-tickets/dibrugarh-to-tezpur,Dibrugarh to Tezpur,Maa Laxmi,17:00,09h 00m,02:00,3.4,543,21,NON A/C Seater Push Back (2+1)
https://www.redbus.in/bus-tickets/dibrugarh-to-tezpur,Dibrugarh to Tezpur,Neha Travels,17:15,11h 45m,05:00,2.9,750,11,NON A/C Seater (2+2)
https://www.redbus.in/bus-tickets/patna-to-bettiah,Patna (Bihar) to Bettiah,V.I.P Travels,21:40,06h 00m,03:40,3.9,350,33,A/C Seater / Sleeper (2+2)
https://www.redbus.in/bus-tickets/patna-to-bettiah,Patna (Bihar) to Bettiah,Jai Hanuman Travels,22:20,06h 40m,05:00,3.2,585,54,A/C Seater / Sleeper (2+2)
https://www.redbus.in/bus-tickets/patna-to-bettiah,Patna (Bihar) to Bettiah,Om Sai Ram Bus,11:05,04h 25m,15:30,3.5,400,41,A/C Seater (2+2)
https://www.redbus.in/bus-tickets/patna-to-bettiah,Patna (Bihar) to Bettiah,Om Sai Ram Bus,11:35,04h 25m,16:00,3.5,350,41,NON A/C Seater (2+2)
https://www.redbus.in/bus-tickets/patna-to-bettiah,Patna (Bihar) to Bettiah,Om Sai Ram Bus,12:55,04h 35m,17:30,3.5,350,41,NON A/C Seater (2+2)
https://www.redbus.in/bus-tickets/patna-to-bettiah,Patna (Bihar) to Bettiah,Om Sai Ram Bus,14:10,04h 35m,18:45,3.5,400,41,A/C Seater (2+2)
https://www.redbus.in/bus-tickets/patna-to-bettiah,Patna (Bihar) to Bettiah,Om Sai Ram Bus,14:35,04h 25m,19:00,3.5,350,41,NON A/C Seater (2+2)
https://www.redbus.in/bus-tickets/patna-to-bettiah,Patna (Bihar) to Bettiah,Om Sai Ram Bus,14:50,04h 30m,19:20,3.5,400,41,A/C Seater (2+2)
https://www.redbus.in/bus-tickets/patna-to-bettiah,Patna (Bihar) to Bettiah,Om Sai Ram Bus,15:10,04h 35m,19:45,3.5,350,41,NON A/C Seater (2+2)
https://www.redbus.in/bus-tickets/patna-to-bettiah,Patna (Bihar) to Bettiah,Om Sai Ram Bus,15:20,04h 40m,20:00,3.5,400,41,A/C Seater (2+2)
https://www.redbus.in/bus-tickets/patna-to-bettiah,Patna (Bihar) to Bettiah,Om Sai Ram Bus,17:55,04h 25m,22:20,3.5,350,41,NON A/C Seater (2+2)
https://www.redbus.in/bus-tickets/patna-to-bettiah,Patna (Bihar) to Bettiah,Om Sai Ram Bus,18:10,04h 20m,22:30,3.5,400,41,A/C Seater (2+2)
https://www.redbus.in/bus-tickets/patna-to-bettiah,Patna (Bihar) to Bettiah,Om Sai Ram Bus,18:30,04h 30m,23:00,3.5,350,41,NON A/C Seater (2+2)
https://www.redbus.in/bus-tickets/patna-to-bettiah,Patna (Bihar) to Bettiah,Om Sai Ram Bus,18:45,04h 45m,23:30,3.5,400,41,A/C Seater (2+2)
https://www.redbus.in/bus-tickets/patna-to-bettiah,Patna (Bihar) to Bettiah,Jai Mata Di Tour and Travels,20:00,06h 00m,02:00,2.4,450,34,A/C Seater / Sleeper (2+2)
https://www.redbus.in/bus-tickets/patna-to-bettiah,Patna (Bihar) to Bettiah,Om Sai Ram Bus,21:05,04h 25m,01:30,3.5,400,41,A/C Seater (2+2)
https://www.redbus.in/bus-tickets/patna-to-bettiah,Patna (Bihar) to Bettiah,Om Sai Ram Bus,22:15,04h 30m,02:45,3.5,350,41,NON A/C Seater (2+2)
https://www.redbus.in/bus-tickets/patna-to-bettiah,Patna (Bihar) to Bettiah,Jai Mata Di Tour and Travels,22:40,05h 20m,04:00,2.4,405,26,A/C Seater / Sleeper (2+2)
https://www.redbus.in/bus-tickets/patna-to-bettiah,Patna (Bihar) to Bettiah,Om Sai Ram Bus,22:40,04h 40m,03:20,3.5,400,41,A/C Seater (2+2)
https://www.redbus.in/bus-tickets/patna-to-bettiah,Patna (Bihar) to Bettiah,Om Sai Ram Bus,22:55,04h 35m,03:30,3.5,350,41,NON A/C Seater (2+2)
https://www.redbus.in/bus-tickets/patna-to-motihari,Patna (Bihar) to Motihari,Bihar state road transport corporation (BSRTC) - 181063,21:20,04h 10m,01:30,3.6,230,34,Non AC Seater (2+2)
https://www.redbus.in/bus-tickets/patna-to-motihari,Patna (Bihar) to Motihari,Siddhi Vinayak (BSRTC U/T),12:15,04h 00m,16:15,2.6,220,35,Non AC Seater (2+2)
https://www.redbus.in/bus-tickets/patna-to-motihari,Patna (Bihar) to Motihari,Siddhi Vinayak (BSRTC U/T),15:30,04h 00m,19:30,1.8,220,35,Non AC Seater (2+2)
https://www.redbus.in/bus-tickets/patna-to-motihari,Patna (Bihar) to Motihari,Shree Balajee Travels And Cargo,13:00,03h 30m,16:30,1.3,1999,16,NON A/C Seater/ Sleeper (2+1)
https://www.redbus.in/bus-tickets/patna-to-motihari,Patna (Bihar) to Motihari,Shree Balajee Travels And Cargo,13:00,04h 30m,17:30,1.3,1999,48,A/C Seater / Sleeper (2+2)
https://www.redbus.in/bus-tickets/patna-to-motihari,Patna (Bihar) to Motihari,Jai Mata Di Tour and Travels,13:53,05h 27m,19:20,1.0,360,57,A/C Seater / Sleeper (2+2)
https://www.redbus.in/bus-tickets/patna-to-motihari,Patna (Bihar) to Motihari,Shree Balajee Travels And Cargo,18:01,03h 30m,21:31,1.3,2500,24,A/C Sleeper (2+1)
https://www.redbus.in/bus-tickets/patna-to-motihari,Patna (Bihar) to Motihari,Panwar Travels,18:10,03h 25m,21:35,2.6,1050,23,A/C Seater / Sleeper (2+1)
https://www.redbus.in/bus-tickets/patna-to-motihari,Patna (Bihar) to Motihari,Jai Mata Di Tour and Travels,20:00,03h 30m,23:30,1.0,450,34,A/C Seater / Sleeper (2+2)
https://www.redbus.in/bus-tickets/patna-to-motihari,Patna (Bihar) to Motihari,Jai Hanuman Travels,22:00,06h 00m,04:00,2.9,585,54,A/C Seater / Sleeper (2+2)
https://www.redbus.in/bus-tickets/patna-to-motihari,Patna (Bihar) to Motihari,Jai Hanuman Travels,22:20,04h 55m,03:15,2.3,585,54,A/C Seater / Sleeper (2+2)
https://www.redbus.in/bus-tickets/bettiah-to-patna,Bettiah to Patna (Bihar),Jai Hanuman Travels,21:30,08h 01m,05:31,3.9,495,40,A/C Seater / Sleeper (2+2)
https://www.redbus.in/bus-tickets/bettiah-to-patna,Bettiah to Patna (Bihar),Jai Mata Di Tour and Travels,12:17,05h 43m,18:00,1.1,405,18,A/C Seater/Sleeper (2+1)
https://www.redbus.in/bus-tickets/bettiah-to-patna,Bettiah to Patna (Bihar),Jai Mata Di,12:30,06h 20m,18:50,1.0,450,41,AC Seater (2+2)
https://www.redbus.in/bus-tickets/bettiah-to-patna,Bettiah to Patna (Bihar),Jai Mata Di,12:39,06h 06m,18:45,1.0,450,41,AC Seater (2+2)
https://www.redbus.in/bus-tickets/bettiah-to-patna,Bettiah to Patna (Bihar),Jai Mata Di,12:41,06h 24m,19:05,1.0,450,41,AC Seater (2+2)
https://www.redbus.in/bus-tickets/bettiah-to-patna,Bettiah to Patna (Bihar),Jai Mata Di,12:44,06h 16m,19:00,1.0,450,41,AC Seater (2+2)
https://www.redbus.in/bus-tickets/bettiah-to-patna,Bettiah to Patna (Bihar),Om Sai Ram Bus,13:00,19h 29m,08:29,3.5,350,41,NON A/C Seater (2+2)
https://www.redbus.in/bus-tickets/bettiah-to-patna,Bettiah to Patna (Bihar),Om Sai Ram Bus,14:30,05h 15m,19:45,3.5,350,41,NON A/C Seater (2+2)
https://www.redbus.in/bus-tickets/bettiah-to-patna,Bettiah to Patna (Bihar),Om Sai Ram Bus,14:40,04h 35m,19:15,3.5,400,39,A/C Seater (2+2)
https://www.redbus.in/bus-tickets/bettiah-to-patna,Bettiah to Patna (Bihar),Om Sai Ram Bus,14:45,19h 25m,10:10,3.5,350,41,NON A/C Seater (2+2)
https://www.redbus.in/bus-tickets/bettiah-to-patna,Bettiah to Patna (Bihar),Saurabh Travels,15:00,17h 45m,08:45,1.0,450,42,A/C Seater Push Back (2+2)
https://www.redbus.in/bus-tickets/bettiah-to-patna,Bettiah to Patna (Bihar),Saurabh Travels,15:00,06h 00m,21:00,1.0,450,42,A/C Seater Push Back (2+2)
https://www.redbus.in/bus-tickets/bettiah-to-patna,Bettiah to Patna (Bihar),Saurabh Travels,15:15,06h 05m,21:20,1.0,450,42,A/C Seater Push Back (2+2)
https://www.redbus.in/bus-tickets/bettiah-to-patna,Bettiah to Patna (Bihar),Saurabh Travels,15:21,06h 24m,21:45,1.0,450,42,A/C Seater Push Back (2+2)
https://www.redbus.in/bus-tickets/bettiah-to-patna,Bettiah to Patna (Bihar),Saurabh Travels,15:30,06h 45m,22:15,1.0,450,42,A/C Seater Push Back (2+2)
https://www.redbus.in/bus-tickets/bettiah-to-patna,Bettiah to Patna (Bihar),Saurabh Travels,15:37,06h 38m,22:15,1.0,450,42,A/C Seater Push Back (2+2)
https://www.redbus.in/bus-tickets/bettiah-to-patna,Bettiah to Patna (Bihar),Om Sai Ram Bus,16:00,19h 35m,11:35,3.5,350,41,NON A/C Seater (2+2)
https://www.redbus.in/bus-tickets/bettiah-to-patna,Bettiah to Patna (Bihar),Om Sai Ram Bus,17:30,19h 25m,12:55,3.5,350,41,NON A/C Seater (2+2)
https://www.redbus.in/bus-tickets/bettiah-to-patna,Bettiah to Patna (Bihar),Om Sai Ram Bus,19:00,19h 35m,14:35,3.5,350,41,NON A/C Seater (2+2)
https://www.redbus.in/bus-tickets/bettiah-to-patna,Bettiah to Patna (Bihar),Om Sai Ram Bus,19:45,19h 25m,15:10,3.5,350,41,NON A/C Seater (2+2)
https://www.redbus.in/bus-tickets/bettiah-to-patna,Bettiah to Patna (Bihar),Om Sai Ram Bus,21:30,04h 15m,01:45,3.5,350,41,NON A/C Seater (2+2)
https://www.redbus.in/bus-tickets/bettiah-to-patna,Bettiah to Patna (Bihar),Om Sai Ram Bus,21:50,03h 40m,01:30,3.5,400,41,A/C Seater (2+2)
https://www.redbus.in/bus-tickets/bettiah-to-patna,Bettiah to Patna (Bihar),Jai Mata Di Tour and Travels,22:00,07h 00m,05:00,1.8,450,38,A/C Seater / Sleeper (2+2)
https://www.redbus.in/bus-tickets/bettiah-to-patna,Bettiah to Patna (Bihar),Om Sai Ram Bus,22:10,04h 20m,02:30,3.5,350,41,NON A/C Seater (2+2)
https://www.redbus.in/bus-tickets/bettiah-to-patna,Bettiah to Patna (Bihar),Om Sai Ram Bus,22:20,19h 35m,17:55,3.5,350,41,NON A/C Seater (2+2)
https://www.redbus.in/bus-tickets/bettiah-to-patna,Bettiah to Patna (Bihar),Om Sai Ram Bus,22:25,04h 35m,03:00,3.5,400,41,A/C Seater (2+2)
https://www.redbus.in/bus-tickets/balmiki-nagar-bihar-to-patna,Balmiki Nagar (bihar) to Patna (Bihar),Jai Mata Di Tour and Travels,18:30,10h 30m,05:00,2.3,450,38,A/C Seater / Sleeper (2+2)
https://www.redbus.in/bus-tickets/patna-to-balmiki-nagar-bihar,Patna (Bihar) to Balmiki Nagar (bihar),Jai Mata Di Tour and Travels,20:00,10h 00m,06:00,1.8,450,34,A/C Seater / Sleeper (2+2)
https://www.redbus.in/bus-tickets/patna-to-balmiki-nagar-bihar,Patna (Bihar) to Balmiki Nagar (bihar),Jai Mata Di Tour and Travels,22:40,08h 20m,07:00,2.6,405,26,A/C Seater / Sleeper (2+2)
https://www.redbus.in/bus-tickets/patna-to-katihar,Patna (Bihar) to Katihar,Bihar state road transport corporation (BSRTC) - 142847,21:25,09h 05m,06:30,3.2,468,32,AC Seater (2+2)
https://www.redbus.in/bus-tickets/patna-to-katihar,Patna (Bihar) to Katihar,Sri Krishna Rath,21:00,09h 05m,06:05,1.3,720,10,A/C Seater / Sleeper (2+2)
https://www.redbus.in/bus-tickets/patna-to-katihar,Patna (Bihar) to Katihar,Sri Krishna Rath,20:00,09h 05m,05:05,1.2,675,27,A/C Seater / Sleeper (2+2)
https://www.redbus.in/bus-tickets/patna-to-katihar,Patna (Bihar) to Katihar,Sri Krishna Rath,20:45,08h 45m,05:30,1.3,899,27,A/C Seater / Sleeper (2+2)
https://www.redbus.in/bus-tickets/ranchi-to-patna,Ranchi to Patna (Bihar),Bihar state road transport corporation (BSRTC) - 153614,20:55,08h 35m,05:30,3.4,500,16,AC Seater (2+2)
https://www.redbus.in/bus-tickets/ranchi-to-patna,Ranchi to Patna (Bihar),MAA SHANTI TRAVELS,22:20,07h 35m,05:55,4.4,1215,6,A/C Sleeper (2+1)
https://www.redbus.in/bus-tickets/ranchi-to-patna,Ranchi to Patna (Bihar),MAA SHANTI TRAVELS,21:00,09h 35m,06:35,4.1,720,12,A/C Seater/Sleeper (2+1)
https://www.redbus.in/bus-tickets/ranchi-to-patna,Ranchi to Patna (Bihar),Arzoo Travels,21:00,08h 00m,05:00,3.6,600,15,Bharat Benz A/C Seater /Sleeper (2+1)
https://www.redbus.in/bus-tickets/ranchi-to-patna,Ranchi to Patna (Bihar),Divya Rath,22:10,07h 20m,05:30,4.0,1000,12,A/C Sleeper (2+1)
https://www.redbus.in/bus-tickets/ranchi-to-patna,Ranchi to Patna (Bihar),Sri Sai ( Jharkhand Paryatak),21:15,08h 45m,06:00,3.3,477,2,A/C Seater / Sleeper (2+1)
https://www.redbus.in/bus-tickets/ranchi-to-patna,Ranchi to Patna (Bihar),Sadhvi Rath,20:30,09h 00m,05:30,3.2,630,15,A/C Seater / Sleeper (2+1)
https://www.redbus.in/bus-tickets/ranchi-to-patna,Ranchi to Patna (Bihar),Mahuli Travels,21:15,09h 00m,06:15,3.8,578,13,A/C Seater/Sleeper (2+1)
https://www.redbus.in/bus-tickets/ranchi-to-patna,Ranchi to Patna (Bihar),VIJAY RATH,22:00,08h 10m,06:10,3.0,698,15,A/C Seater / Sleeper (2+1)
https://www.redbus.in/bus-tickets/ranchi-to-patna,Ranchi to Patna (Bihar),Rajdhani bus service,23:00,06h 30m,05:30,3.1,990,11,A/C Sleeper (2+1)
https://www.redbus.in/bus-tickets/ranchi-to-patna,Ranchi to Patna (Bihar),Rajdhani bus service,21:40,07h 20m,05:00,2.3,675,27,Non A/C Seater / Sleeper (2+1)
https://www.redbus.in/bus-tickets/ranchi-to-patna,Ranchi to Patna (Bihar),Rekha Luxury (Suba Travels),16:00,11h 00m,03:00,4.1,700,8,A/C Seater / Sleeper (2+1)
https://www.redbus.in/bus-tickets/ranchi-to-patna,Ranchi to Patna (Bihar),MAA SHANTI TRAVELS,22:45,07h 15m,06:00,3.8,810,35,A/C Seater / Sleeper (2+1)
https://www.redbus.in/bus-tickets/ranchi-to-patna,Ranchi to Patna (Bihar),Chandralok Travels,21:35,08h 55m,06:30,2.9,570,43,A/C Seater / Sleeper (2+1)
https://www.redbus.in/bus-tickets/ranchi-to-patna,Ranchi to Patna (Bihar),Pappu Travels (yvts),16:45,09h 55m,02:40,3.0,720,6,A/C Seater / Sleeper (2+2)
https://www.redbus.in/bus-tickets/ranchi-to-patna,Ranchi to Patna (Bihar),Maharani Express,23:15,09h 00m,08:15,1.6,900,22,Tata A/C Seater Executive Luxury (2+2)
https://www.redbus.in/bus-tickets/ranchi-to-patna,Ranchi to Patna (Bihar),Prithvi Vahan,21:30,07h 40m,05:10,4.1,851,14,Bharat Benz A/C Sleeper (2+1)
https://www.redbus.in/bus-tickets/ranchi-to-patna,Ranchi to Patna (Bihar),Maa Bhawani Travels,17:10,09h 50m,03:00,2.0,540,14,A/C Seater / Sleeper (2+1)
https://www.redbus.in/bus-tickets/ranchi-to-patna,Ranchi to Patna (Bihar),Pihu (yvts),21:55,08h 15m,06:10,3.0,650,13,A/C Seater / Sleeper (2+1)
https://www.redbus.in/bus-tickets/ranchi-to-patna,Ranchi to Patna (Bihar),Chandralok Travels,21:47,08h 13m,06:00,2.9,800,62,NON A/C Seater / Sleeper (2+2)
https://www.redbus.in/bus-tickets/ranchi-to-patna,Ranchi to Patna (Bihar),Udan Pari Dlx,17:30,08h 30m,02:00,2.7,1000,11,A/C Seater / Sleeper (2+1)
https://www.redbus.in/bus-tickets/ranchi-to-patna,Ranchi to Patna (Bihar),Tejas Maa Bhawani,18:00,09h 00m,03:00,2.2,800,4,A/C Sleeper (2+1)
https://www.redbus.in/bus-tickets/ranchi-to-patna,Ranchi to Patna (Bihar),Tejas Maa Bhawani,18:25,08h 36m,03:01,2.2,649,4,Non AC Seater (2+2)
https://www.redbus.in/bus-tickets/ranchi-to-patna,Ranchi to Patna (Bihar),Tejas Maa Bhawani,18:00,08h 35m,02:35,2.2,850,7,A/C Seater / Sleeper (2+2)
https://www.redbus.in/bus-tickets/ranchi-to-patna,Ranchi to Patna (Bihar),Jai Mata Di Tour and Travels,19:15,09h 15m,04:30,2.3,990,1,A/C Seater / Sleeper (2+2)
https://www.redbus.in/bus-tickets/ranchi-to-patna,Ranchi to Patna (Bihar),Shakti Travels,17:00,09h 00m,02:00,1.7,600,59,NON A/C Seater / Sleeper (2+2)
https://www.redbus.in/bus-tickets/ranchi-to-patna,Ranchi to Patna (Bihar),BD Parivahan,21:00,09h 00m,06:00,1.4,1000,55,A/C Seater / Sleeper (2+2)
https://www.redbus.in/bus-tickets/patna-to-purnea,Patna (Bihar) to Purnea,Bihar state road transport corporation (BSRTC) - 142847,21:25,08h 15m,05:40,3.6,468,33,AC Seater (2+2)
https://www.redbus.in/bus-tickets/patna-to-purnea,Patna (Bihar) to Purnea,Divya Rath,20:45,09h 00m,05:45,4.1,700,5,A/C Sleeper (2+1)
https://www.redbus.in/bus-tickets/patna-to-purnea,Patna (Bihar) to Purnea,MAA SHANTI TRAVELS,22:10,08h 25m,06:35,3.8,675,6,A/C Seater / Sleeper (2+1)
https://www.redbus.in/bus-tickets/patna-to-purnea,Patna (Bihar) to Purnea,AITIANA CRUISELINERS,21:15,09h 00m,06:15,3.6,600,1,A/C Seater / Sleeper (2+1)
https://www.redbus.in/bus-tickets/patna-to-purnea,Patna (Bihar) to Purnea,MAA KAMAKHYA DREAMLINER,20:30,08h 30m,05:00,3.2,495,13,A/C Seater / Sleeper (2+1)
https://www.redbus.in/bus-tickets/patna-to-purnea,Patna (Bihar) to Purnea,Shatabdi Travels,21:00,09h 00m,06:00,3.1,600,27,A/C Seater / Sleeper (2+1)
https://www.redbus.in/bus-tickets/patna-to-purnea,Patna (Bihar) to Purnea,Hawa Hawai,20:00,09h 00m,05:00,2.9,540,12,A/C Seater / Sleeper (2+1)
https://www.redbus.in/bus-tickets/patna-to-purnea,Patna (Bihar) to Purnea,Govindam Travels,20:30,09h 30m,06:00,3.5,540,50,A/C Seater / Sleeper (2+1)
https://www.redbus.in/bus-tickets/patna-to-purnea,Patna (Bihar) to Purnea,Aitiana Travels,19:00,10h 30m,05:30,3.3,300,12,NON A/C Seater / Sleeper (2+2)
https://www.redbus.in/bus-tickets/patna-to-purnea,Patna (Bihar) to Purnea,Sadhvi Rath,20:20,10h 00m,06:20,2.8,558,26,A/C Seater / Sleeper (2+1)
https://www.redbus.in/bus-tickets/patna-to-purnea,Patna (Bihar) to Purnea,Raj Bus Services,20:35,09h 00m,05:35,2.1,540,6,Bharat Benz A/C Seater /Sleeper (2+1)
https://www.redbus.in/bus-tickets/patna-to-purnea,Patna (Bihar) to Purnea,Raj Bus Services,18:25,09h 10m,03:35,2.0,555,5,Bharat Benz A/C Seater /Sleeper (2+1)
https://www.redbus.in/bus-tickets/patna-to-purnea,Patna (Bihar) to Purnea,Sri Krishna Tours and Travels,20:30,08h 50m,05:20,1.9,600,17,A/C Seater / Sleeper (2+2)
https://www.redbus.in/bus-tickets/patna-to-purnea,Patna (Bihar) to Purnea,Mahuli Travels,20:50,09h 00m,05:50,2.2,495,45,A/C Seater / Sleeper (2+1)
https://www.redbus.in/bus-tickets/patna-to-purnea,Patna (Bihar) to Purnea,Sameer Travels,20:30,09h 00m,05:30,4.8,675,1,A/C Seater / Sleeper (2+1)
https://www.redbus.in/bus-tickets/patna-to-purnea,Patna (Bihar) to Purnea,Maa Satyabhama Rath,21:00,09h 00m,06:00,4.0,700,29,A/C Seater / Sleeper (2+1)
https://www.redbus.in/bus-tickets/patna-to-purnea,Patna (Bihar) to Purnea,Shree Sai Krishna Luxury,21:15,10h 00m,07:15,3.5,600,24,A/C Seater / Sleeper (2+1)
https://www.redbus.in/bus-tickets/patna-to-purnea,Patna (Bihar) to Purnea,Raj Bus Services,19:25,09h 40m,05:05,3.0,540,11,A/C Seater / Sleeper (2+1)
https://www.redbus.in/bus-tickets/patna-to-purnea,Patna (Bihar) to Purnea,Raj Rath,20:30,09h 00m,05:30,1.9,550,14,A/C Seater / Sleeper (2+2)
https://www.redbus.in/bus-tickets/patna-to-purnea,Patna (Bihar) to Purnea,VAISHALI TRAVELS,21:30,08h 30m,06:00,1.0,550,44,A/C Seater / Sleeper (2+1)
https://www.redbus.in/bus-tickets/patna-to-purnea,Patna (Bihar) to Purnea,Sri Krishna Rath,20:00,09h 15m,05:15,1.3,450,27,A/C Seater / Sleeper (2+2)
https://www.redbus.in/bus-tickets/patna-to-purnea,Patna (Bihar) to Purnea,Aarush Krrish,21:00,09h 00m,06:00,1.4,600,36,A/C Seater / Sleeper (2+1)
https://www.redbus.in/bus-tickets/patna-to-purnea,Patna (Bihar) to Purnea,Shivam Travels,21:00,09h 30m,06:30,1.0,450,40,NON A/C Seater / Sleeper (2+2)
https://www.redbus.in/bus-tickets/patna-to-purnea,Patna (Bihar) to Purnea,Jay Jagdambay Tour And Travels,17:00,09h 30m,02:30,2.3,640,12,A/C Seater / Sleeper (2+2)
https://www.redbus.in/bus-tickets/patna-to-purnea,Patna (Bihar) to Purnea,Meera Travels (Yvts),20:30,09h 00m,05:30,2.8,600,25,A/C Seater / Sleeper (2+1)
https://www.redbus.in/bus-tickets/patna-to-purnea,Patna (Bihar) to Purnea,Sree Balaji Travels,20:00,09h 00m,05:00,2.4,500,27,A/C Seater / Sleeper (2+1)
https://www.redbus.in/bus-tickets/patna-to-purnea,Patna (Bihar) to Purnea,Sri Krishna Rath,21:00,09h 15m,06:15,2.0,500,10,A/C Seater / Sleeper (2+2)
https://www.redbus.in/bus-tickets/patna-to-purnea,Patna (Bihar) to Purnea,Sri Krishna Rath,20:45,08h 30m,05:15,2.0,500,27,A/C Seater / Sleeper (2+2)
https://www.redbus.in/bus-tickets/hazaribagh-to-patna,Hazaribagh to Patna (Bihar),Bihar state road transport corporation (BSRTC) - 153614,23:15,06h 15m,05:30,3.4,377,16,AC Seater (2+2)
https://www.redbus.in/bus-tickets/hazaribagh-to-patna,Hazaribagh to Patna (Bihar),Mahuli Travels,23:59,06h 16m,06:15,2.3,578,34,A/C Seater/Sleeper (2+1)
https://www.redbus.in/bus-tickets/hazaribagh-to-patna,Hazaribagh to Patna (Bihar),Pappu Travels (yvts),20:00,06h 40m,02:40,3.0,720,6,A/C Seater / Sleeper (2+2)
https://www.redbus.in/bus-tickets/hazaribagh-to-patna,Hazaribagh to Patna (Bihar),Rekha Luxury (Suba Travels),21:30,05h 30m,03:00,3.3,900,6,A/C Seater / Sleeper (2+1)
https://www.redbus.in/bus-tickets/hazaribagh-to-patna,Hazaribagh to Patna (Bihar),Sadhvi Rath,23:28,06h 02m,05:30,3.9,630,17,A/C Seater / Sleeper (2+1)
https://www.redbus.in/bus-tickets/hazaribagh-to-patna,Hazaribagh to Patna (Bihar),MAA SHANTI TRAVELS,23:30,07h 05m,06:35,3.9,720,22,A/C Seater/Sleeper (2+1)
https://www.redbus.in/bus-tickets/hazaribagh-to-patna,Hazaribagh to Patna (Bihar),Prithvi Vahan,23:45,05h 25m,05:10,3.2,851,12,Bharat Benz A/C Sleeper (2+1)
https://www.redbus.in/bus-tickets/hazaribagh-to-patna,Hazaribagh to Patna (Bihar),Tejas Maa Bhawani,21:00,06h 00m,03:00,2.2,800,4,A/C Sleeper (2+1)
https://www.redbus.in/bus-tickets/hazaribagh-to-patna,Hazaribagh to Patna (Bihar),Tejas Maa Bhawani,21:00,06h 01m,03:01,2.2,649,4,Non AC Seater (2+2)
https://www.redbus.in/bus-tickets/hazaribagh-to-patna,Hazaribagh to Patna (Bihar),Shakti Travels,21:00,05h 00m,02:00,1.7,600,59,NON A/C Seater / Sleeper (2+2)
https://www.redbus.in/bus-tickets/hazaribagh-to-patna,Hazaribagh to Patna (Bihar),Tejas Maa Bhawani,21:35,05h 00m,02:35,2.2,850,10,A/C Seater / Sleeper (2+2)
https://www.redbus.in/bus-tickets/hazaribagh-to-patna,Hazaribagh to Patna (Bihar),Arzoo Travels,23:30,05h 30m,05:00,1.3,600,20,Bharat Benz A/C Seater /Sleeper (2+1)
https://www.redbus.in/bus-tickets/hazaribagh-to-patna,Hazaribagh to Patna (Bihar),Rajdhani bus service,23:45,05h 15m,05:00,2.3,675,28,Non A/C Seater / Sleeper (2+1)
https://www.redbus.in/bus-tickets/hazaribagh-to-patna,Hazaribagh to Patna (Bihar),BD Parivahan,23:50,06h 10m,06:00,1.4,1000,55,A/C Seater / Sleeper (2+2)
https://www.redbus.in/bus-tickets/muzaffarpur-to-hazaribagh,Muzaffarpur (Bihar) to Hazaribagh,Bihar state road transport corporation (BSRTC) - 153594,18:00,10h 00m,04:00,3.8,484,9,AC Seater (2+2)
https://www.redbus.in/bus-tickets/muzaffarpur-to-hazaribagh,Muzaffarpur (Bihar) to Hazaribagh,Pawapuri Motors,17:30,09h 30m,03:00,2.7,750,10,A/C Seater / Sleeper (2+1)
https://www.redbus.in/bus-tickets/muzaffarpur-to-hazaribagh,Muzaffarpur (Bihar) to Hazaribagh,Tejas Maa Bhawani,18:40,09h 20m,04:00,2.2,750,4,A/C Seater / Sleeper (2+2)
https://www.redbus.in/bus-tickets/muzaffarpur-to-hazaribagh,Muzaffarpur (Bihar) to Hazaribagh,Tejas Maa Bhawani,18:45,08h 40m,03:25,2.2,1000,2,AC Sleeper (2+1)
https://www.redbus.in/bus-tickets/muzaffarpur-to-hazaribagh,Muzaffarpur (Bihar) to Hazaribagh,Tejas Maa Bhawani,18:51,09h 09m,04:00,2.2,1050,1,A/C Sleeper (2+1)
https://www.redbus.in/bus-tickets/muzaffarpur-to-hazaribagh,Muzaffarpur (Bihar) to Hazaribagh,Tejas Maa Bhawani,18:30,08h 00m,02:30,2.2,599,4,Non AC Seater (2+2)
https://www.redbus.in/bus-tickets/patna-to-ranchi,Patna (Bihar) to Ranchi,Bihar state road transport corporation (BSRTC) - 153594,20:41,09h 19m,06:00,2.6,525,8,AC Seater (2+2)
https://www.redbus.in/bus-tickets/patna-to-ranchi,Patna (Bihar) to Ranchi,MAA SHANTI TRAVELS,20:27,07h 48m,04:15,4.3,1125,16,A/C Sleeper (2+1)
https://www.redbus.in/bus-tickets/patna-to-ranchi,Patna (Bihar) to Ranchi,MAA SHANTI TRAVELS,21:25,09h 20m,06:45,4.1,765,6,A/C Seater/Sleeper (2+1)
https://www.redbus.in/bus-tickets/patna-to-ranchi,Patna (Bihar) to Ranchi,Divya Rath,20:15,08h 15m,04:30,4.3,1000,14,A/C Sleeper (2+1)
https://www.redbus.in/bus-tickets/patna-to-ranchi,Patna (Bihar) to Ranchi,Grayhound,20:30,06h 55m,03:25,4.9,1400,16,Volvo Multi-Axle A/C Sleeper (2+1)
https://www.redbus.in/bus-tickets/patna-to-ranchi,Patna (Bihar) to Ranchi,Arzoo Travels,20:30,09h 00m,05:30,3.9,600,26,Bharat Benz A/C Seater /Sleeper (2+1)
https://www.redbus.in/bus-tickets/patna-to-ranchi,Patna (Bihar) to Ranchi,Sri Sai ( Jharkhand Paryatak),20:45,08h 45m,05:30,3.7,481,8,A/C Seater / Sleeper (2+1)
https://www.redbus.in/bus-tickets/patna-to-ranchi,Patna (Bihar) to Ranchi,Mahuli Travels,21:00,09h 00m,06:00,3.3,578,34,A/C Seater/Sleeper (2+1)
https://www.redbus.in/bus-tickets/patna-to-ranchi,Patna (Bihar) to Ranchi,VIJAY RATH,19:16,09h 29m,04:45,3.4,698,28,A/C Seater / Sleeper (2+1)
https://www.redbus.in/bus-tickets/patna-to-ranchi,Patna (Bihar) to Ranchi,Sadhvi Rath,20:40,09h 00m,05:40,2.5,666,37,A/C Seater / Sleeper (2+1)
https://www.redbus.in/bus-tickets/patna-to-ranchi,Patna (Bihar) to Ranchi,MAA SHANTI TRAVELS,21:50,08h 35m,06:25,4.1,720,53,A/C Seater/Sleeper (2+1)
https://www.redbus.in/bus-tickets/patna-to-ranchi,Patna (Bihar) to Ranchi,Rajdhani bus service,20:05,07h 25m,03:30,3.4,990,5,A/C Sleeper (2+1)
https://www.redbus.in/bus-tickets/patna-to-ranchi,Patna (Bihar) to Ranchi,Rajdhani bus service,18:30,08h 45m,03:15,1.8,675,20,Non A/C Seater / Sleeper (2+1)
https://www.redbus.in/bus-tickets/patna-to-ranchi,Patna (Bihar) to Ranchi,Maa Bhawani Travels,21:45,07h 45m,05:30,1.2,540,24,A/C Seater / Sleeper (2+1)
https://www.redbus.in/bus-tickets/patna-to-ranchi,Patna (Bihar) to Ranchi,Rekha Luxury (Suba Travels),20:30,09h 00m,05:30,2.2,900,7,A/C Seater / Sleeper (2+1)
https://www.redbus.in/bus-tickets/patna-to-ranchi,Patna (Bihar) to Ranchi,MAA SHANTI TRAVELS,21:10,09h 40m,06:50,3.4,990,27,A/C Seater / Sleeper (2+1)
https://www.redbus.in/bus-tickets/patna-to-ranchi,Patna (Bihar) to Ranchi,Puja Rath,21:00,08h 40m,05:40,2.8,600,22,A/C Seater / Sleeper (2+1)
https://www.redbus.in/bus-tickets/patna-to-ranchi,Patna (Bihar) to Ranchi,Chandralok Travels,21:20,08h 50m,06:10,2.3,525,47,A/C Seater / Sleeper (2+1)
https://www.redbus.in/bus-tickets/patna-to-ranchi,Patna (Bihar) to Ranchi,Yarana Travels,18:01,08h 59m,03:00,2.2,540,17,NON AC Seater / Sleeper 2+1
https://www.redbus.in/bus-tickets/patna-to-ranchi,Patna (Bihar) to Ranchi,Maharani Express,18:00,09h 45m,03:45,2.0,900,23,Tata A/C Seater Executive Luxury (2+2)
https://www.redbus.in/bus-tickets/patna-to-ranchi,Patna (Bihar) to Ranchi,Jai Mata Di Tour and Travels,21:30,08h 30m,06:00,1.8,693,8,A/C Seater / Sleeper (2+2)
https://www.redbus.in/bus-tickets/patna-to-ranchi,Patna (Bihar) to Ranchi,Tejas Maa Bhawani,22:30,07h 30m,06:00,2.0,1050,1,A/C Sleeper (2+1)
https://www.redbus.in/bus-tickets/patna-to-ranchi,Patna (Bihar) to Ranchi,Tejas Maa Bhawani,22:35,07h 25m,06:00,1.7,799,3,A/C Seater / Sleeper (2+2)
https://www.redbus.in/bus-tickets/patna-to-ranchi,Patna (Bihar) to Ranchi,Singh Travels,18:30,09h 45m,04:15,3.7,945,9,A/C Seater / Sleeper (2+1)
https://www.redbus.in/bus-tickets/patna-to-ranchi,Patna (Bihar) to Ranchi,Pappu Travels (yvts),21:30,08h 30m,06:00,3.0,720,14,A/C Seater / Sleeper (2+2)
https://www.redbus.in/bus-tickets/patna-to-ranchi,Patna (Bihar) to Ranchi,Pihu (yvts),19:30,08h 40m,04:10,3.0,700,12,A/C Seater / Sleeper (2+1)
https://www.redbus.in/bus-tickets/patna-to-ranchi,Patna (Bihar) to Ranchi,Udan Pari Dlx,19:00,09h 00m,04:00,2.7,1000,4,A/C Seater / Sleeper (2+1)
https://www.redbus.in/bus-tickets/patna-to-ranchi,Patna (Bihar) to Ranchi,Chandralok Travels,21:35,08h 26m,06:01,2.3,900,29,A/C Seater / Sleeper (2+1)
https://www.redbus.in/bus-tickets/patna-to-ranchi,Patna (Bihar) to Ranchi,Tejas Maa Bhawani,22:29,07h 01m,05:30,1.9,699,4,Non AC Seater (2+2)
https://www.redbus.in/bus-tickets/patna-to-ranchi,Patna (Bihar) to Ranchi,Shakti Travels,21:00,07h 00m,04:00,1.7,600,59,NON A/C Seater / Sleeper (2+2)
https://www.redbus.in/bus-tickets/patna-to-ranchi,Patna (Bihar) to Ranchi,Sri Krishna Rath,20:20,08h 25m,04:45,1.3,854,17,A/C Seater/Sleeper (2+1)
https://www.redbus.in/bus-tickets/patna-to-ranchi,Patna (Bihar) to Ranchi,Sri Krishna Rath,21:15,07h 15m,04:30,1.3,500,25,A/C Seater / Sleeper (2+2)
https://www.redbus.in/bus-tickets/patna-to-ranchi,Patna (Bihar) to Ranchi,Sri Krishna Rath,21:15,07h 15m,04:30,1.3,500,21,A/C Seater / Sleeper (2+2)
https://www.redbus.in/bus-tickets/patna-to-forbesganj,Patna (Bihar) to Forbesganj,Bihar state road transport corporation (BSRTC) - 142847,21:25,06h 35m,04:00,3.8,450,33,AC Seater (2+2)
https://www.redbus.in/bus-tickets/patna-to-forbesganj,Patna (Bihar) to Forbesganj,MAA SHANTI TRAVELS,22:10,06h 15m,04:25,3.8,675,6,A/C Seater / Sleeper (2+1)
https://www.redbus.in/bus-tickets/patna-to-forbesganj,Patna (Bihar) to Forbesganj,Shatabdi Travels,21:00,07h 45m,04:45,3.5,600,29,A/C Seater / Sleeper (2+1)
https://www.redbus.in/bus-tickets/patna-to-forbesganj,Patna (Bihar) to Forbesganj,Divya Rath,20:45,07h 00m,03:45,2.2,700,10,A/C Sleeper (2+1)
https://www.redbus.in/bus-tickets/patna-to-forbesganj,Patna (Bihar) to Forbesganj,MAA SHANTI TRAVELS,22:25,06h 50m,05:15,3.7,630,16,A/C Seater / Sleeper (2+1)
https://www.redbus.in/bus-tickets/patna-to-forbesganj,Patna (Bihar) to Forbesganj,Raj Bus Services,18:25,07h 50m,02:15,3.4,555,9,Bharat Benz A/C Seater /Sleeper (2+1)
https://www.redbus.in/bus-tickets/patna-to-forbesganj,Patna (Bihar) to Forbesganj,Raj Bus Services,20:35,07h 30m,04:05,3.4,540,6,Bharat Benz A/C Seater /Sleeper (2+1)
https://www.redbus.in/bus-tickets/patna-to-forbesganj,Patna (Bihar) to Forbesganj,Krishna City and Cargo,19:00,08h 30m,03:30,3.5,400,47,A/C Seater / Sleeper (2+1)
https://www.redbus.in/bus-tickets/patna-to-forbesganj,Patna (Bihar) to Forbesganj,Mahuli Travels,20:50,07h 10m,04:00,3.3,495,47,A/C Seater / Sleeper (2+1)
https://www.redbus.in/bus-tickets/patna-to-forbesganj,Patna (Bihar) to Forbesganj,Shree Sai Krishna Luxury,21:15,08h 55m,06:10,3.4,600,31,A/C Seater / Sleeper (2+1)
https://www.redbus.in/bus-tickets/patna-to-forbesganj,Patna (Bihar) to Forbesganj,Shri Sai Krishna Luxury,21:15,07h 30m,04:45,2.3,600,51,A/C Seater / Sleeper (2+1)
https://www.redbus.in/bus-tickets/patna-to-forbesganj,Patna (Bihar) to Forbesganj,Maa Satyabhama Rath,21:00,07h 45m,04:45,2.5,700,35,A/C Seater / Sleeper (2+1)
https://www.redbus.in/bus-tickets/patna-to-forbesganj,Patna (Bihar) to Forbesganj,Aarush Krrish,21:00,07h 00m,04:00,1.5,600,37,A/C Seater / Sleeper (2+1)
https://www.redbus.in/bus-tickets/patna-to-forbesganj,Patna (Bihar) to Forbesganj,VAISHALI TRAVELS,21:30,06h 10m,03:40,1.6,550,44,A/C Seater / Sleeper (2+1)
https://www.redbus.in/bus-tickets/patna-to-forbesganj,Patna (Bihar) to Forbesganj,Sadhvi Rath,20:20,06h 45m,03:05,2.8,558,37,A/C Seater / Sleeper (2+1)
https://www.redbus.in/bus-tickets/patna-to-forbesganj,Patna (Bihar) to Forbesganj,Sri Krishna Tours and Travels,20:30,07h 40m,04:10,2.6,600,21,A/C Seater / Sleeper (2+2)
https://www.redbus.in/bus-tickets/patna-to-forbesganj,Patna (Bihar) to Forbesganj,Sri Krishna Rath,20:30,05h 25m,01:55,1.4,499,25,A/C Seater / Sleeper (2+2)
https://www.redbus.in/bus-tickets/patna-to-forbesganj,Patna (Bihar) to Forbesganj,Raj Bus Services,19:25,08h 40m,04:05,3.4,540,10,A/C Seater / Sleeper (2+1)
https://www.redbus.in/bus-tickets/patna-to-forbesganj,Patna (Bihar) to Forbesganj,Meera Travels (Yvts),20:30,08h 45m,05:15,3.0,600,49,A/C Seater / Sleeper (2+1)
https://www.redbus.in/bus-tickets/patna-to-forbesganj,Patna (Bihar) to Forbesganj,Sri Krishna Tours and Travels,20:30,07h 30m,04:00,2.6,550,47,A/C Seater / Sleeper (2+2)
https://www.redbus.in/bus-tickets/patna-to-forbesganj,Patna (Bihar) to Forbesganj,Chandralok Services,21:00,08h 00m,05:00,1.7,450,10,NON A/C Seater / Sleeper (2+2)
https://www.redbus.in/bus-tickets/patna-to-forbesganj,Patna (Bihar) to Forbesganj,Sri Krishna Rath,20:45,07h 55m,04:40,1.4,500,27,A/C Seater / Sleeper (2+2)
https://www.redbus.in/bus-tickets/patna-to-forbesganj,Patna (Bihar) to Forbesganj,Sri Krishna Rath,20:00,07h 30m,03:30,1.4,400,27,A/C Seater / Sleeper (2+2)
https://www.redbus.in/bus-tickets/patna-to-forbesganj,Patna (Bihar) to Forbesganj,Sri Krishna Rath,21:00,07h 30m,04:30,1.4,450,11,A/C Seater / Sleeper (2+2)
https://www.redbus.in/bus-tickets/patna-to-forbesganj,Patna (Bihar) to Forbesganj,Chandralok Bus Service,21:10,07h 20m,04:30,1.0,400,20,A/C Seater / Sleeper (2+2)
https://www.redbus.in/bus-tickets/patna-to-forbesganj,Patna (Bihar) to Forbesganj,Chandralok Bus Service,21:00,07h 30m,04:30,1.0,500,24,A/C Seater / Sleeper (2+2)
https://www.redbus.in/bus-tickets/muzaffarpur-to-ranchi,Muzaffarpur (Bihar) to Ranchi,Bihar state road transport corporation (BSRTC) - 153594,18:00,12h 00m,06:00,3.3,605,8,AC Seater (2+2)
https://www.redbus.in/bus-tickets/muzaffarpur-to-ranchi,Muzaffarpur (Bihar) to Ranchi,Pawapuri Motors,17:30,12h 15m,05:45,3.4,800,10,A/C Seater / Sleeper (2+1)
https://www.redbus.in/bus-tickets/muzaffarpur-to-ranchi,Muzaffarpur (Bihar) to Ranchi,Jai Mata Di Tour and Travels,19:30,10h 30m,06:00,2.3,720,8,A/C Seater / Sleeper (2+2)
https://www.redbus.in/bus-tickets/muzaffarpur-to-ranchi,Muzaffarpur (Bihar) to Ranchi,Alok Travels,17:45,11h 30m,05:15,3.5,800,14,A/C Seater/Sleeper (2+1)
https://www.redbus.in/bus-tickets/muzaffarpur-to-ranchi,Muzaffarpur (Bihar) to Ranchi,Jai Mata Di Tour and Travels,18:00,10h 45m,04:45,2.6,810,9,A/C Seater/Sleeper (2+1)
https://www.redbus.in/bus-tickets/muzaffarpur-to-ranchi,Muzaffarpur (Bihar) to Ranchi,Jai Mata Di Tour and Travels,18:15,10h 15m,04:30,1.9,720,12,A/C Seater / Sleeper (2+2)
https://www.redbus.in/bus-tickets/muzaffarpur-to-ranchi,Muzaffarpur (Bihar) to Ranchi,Pawapuri Motors,18:00,12h 00m,06:00,2.3,900,2,A/C Seater / Sleeper (2+1)
https://www.redbus.in/bus-tickets/muzaffarpur-to-ranchi,Muzaffarpur (Bihar) to Ranchi,Tejas Maa Bhawani,18:40,11h 20m,06:00,2.0,799,4,A/C Seater / Sleeper (2+2)
https://www.redbus.in/bus-tickets/muzaffarpur-to-ranchi,Muzaffarpur (Bihar) to Ranchi,Tejas Maa Bhawani,18:51,11h 09m,06:00,1.9,1050,1,A/C Sleeper (2+1)
https://www.redbus.in/bus-tickets/muzaffarpur-to-ranchi,Muzaffarpur (Bihar) to Ranchi,Tejas Maa Bhawani,18:30,11h 00m,05:30,1.9,599,4,Non AC Seater (2+2)
https://www.redbus.in/bus-tickets/patna-to-saharsa,Patna (Bihar) to Saharsa,Bihar state road transport corporation (BSRTC) - 152896,21:59,08h 01m,06:00,2.5,400,8,Non AC Seater (2+2)
https://www.redbus.in/bus-tickets/patna-to-saharsa,Patna (Bihar) to Saharsa,Tiwari Motors,20:00,09h 05m,05:05,1.9,499,44,A/C Seater / Sleeper (2+1)
https://www.redbus.in/bus-tickets/patna-to-saharsa,Patna (Bihar) to Saharsa,Rukmanti (AT),20:00,09h 00m,05:00,2.9,508,20,A/C Seater / Sleeper (2+1)
https://www.redbus.in/bus-tickets/patna-to-saharsa,Patna (Bihar) to Saharsa,Sri Krishna Rath,20:00,07h 30m,03:30,2.0,650,27,A/C Seater / Sleeper (2+2)
https://www.redbus.in/bus-tickets/patna-to-saharsa,Patna (Bihar) to Saharsa,Sri Krishna Rath,20:30,06h 00m,02:30,2.0,630,25,A/C Seater / Sleeper (2+2)
https://www.redbus.in/bus-tickets/patna-to-saharsa,Patna (Bihar) to Saharsa,Raj Rath,21:00,09h 00m,06:00,2.1,475,36,A/C Seater / Sleeper (2+2)
https://www.redbus.in/bus-tickets/patna-to-saharsa,Patna (Bihar) to Saharsa,Sri Krishna Rath,21:00,07h 30m,04:30,2.0,630,10,A/C Seater / Sleeper (2+2)
https://www.redbus.in/bus-tickets/patna-to-saharsa,Patna (Bihar) to Saharsa,Sri Krishna Rath,20:45,07h 15m,04:00,2.0,899,28,A/C Seater / Sleeper (2+2)
https://www.redbus.in/bus-tickets/patna-to-raxaul,Patna (Bihar) to Raxaul,Bihar state road transport corporation (BSRTC) - 181063,21:20,05h 40m,03:00,3.8,293,34,Non AC Seater (2+2)
https://www.redbus.in/bus-tickets/patna-to-raxaul,Patna (Bihar) to Raxaul,Jai Hanuman Travels,22:00,07h 00m,05:00,3.0,585,54,A/C Seater / Sleeper (2+2)
https://www.redbus.in/bus-tickets/patna-to-raxaul,Patna (Bihar) to Raxaul,Sree Balaji Travels,19:30,08h 00m,03:30,1.9,500,4,A/C Seater / Sleeper (2+2)
https://www.redbus.in/bus-tickets/patna-to-raxaul,Patna (Bihar) to Raxaul,Sree Balaji Travels,21:00,08h 00m,05:00,1.9,500,24,A/C Seater / Sleeper (2+2)
https://www.redbus.in/bus-tickets/patna-to-raxaul,Patna (Bihar) to Raxaul,Sree Balaji Travels,22:30,08h 00m,06:30,2.6,500,22,A/C Seater / Sleeper (2+2)
https://www.redbus.in/bus-tickets/patna-to-araria,Patna (Bihar) to Araria (Bihar),Bihar state road transport corporation (BSRTC) - 142847,21:25,07h 10m,04:35,3.5,468,32,AC Seater (2+2)
https://www.redbus.in/bus-tickets/patna-to-araria,Patna (Bihar) to Araria (Bihar),Divya Rath,20:45,08h 00m,04:45,4.2,700,6,A/C Sleeper (2+1)
https://www.redbus.in/bus-tickets/patna-to-araria,Patna (Bihar) to Araria (Bihar),MAA SHANTI TRAVELS,22:10,07h 16m,05:26,4.0,675,6,A/C Seater / Sleeper (2+1)
https://www.redbus.in/bus-tickets/patna-to-araria,Patna (Bihar) to Araria (Bihar),AITIANA CRUISELINERS,21:15,08h 15m,05:30,3.7,600,3,A/C Seater / Sleeper (2+1)
https://www.redbus.in/bus-tickets/patna-to-araria,Patna (Bihar) to Araria (Bihar),Sadhvi Rath,20:20,08h 50m,05:10,3.3,558,31,A/C Seater / Sleeper (2+1)
https://www.redbus.in/bus-tickets/patna-to-araria,Patna (Bihar) to Araria (Bihar),MAA SHANTI TRAVELS,22:25,07h 40m,06:05,4.4,630,14,A/C Seater / Sleeper (2+1)
https://www.redbus.in/bus-tickets/patna-to-araria,Patna (Bihar) to Araria (Bihar),Shatabdi Travels,21:00,08h 00m,05:00,2.9,600,26,A/C Seater / Sleeper (2+1)
https://www.redbus.in/bus-tickets/patna-to-araria,Patna (Bihar) to Araria (Bihar),Krishna City and Cargo,19:00,09h 00m,04:00,3.5,400,47,A/C Seater / Sleeper (2+1)
https://www.redbus.in/bus-tickets/patna-to-araria,Patna (Bihar) to Araria (Bihar),Maa Durga Rath,20:00,08h 00m,04:00,3.5,500,22,A/C Seater / Sleeper (2+1)
https://www.redbus.in/bus-tickets/patna-to-araria,Patna (Bihar) to Araria (Bihar),Hawa Hawai,20:00,08h 00m,04:00,2.1,540,12,A/C Seater / Sleeper (2+1)
https://www.redbus.in/bus-tickets/patna-to-araria,Patna (Bihar) to Araria (Bihar),Sri Krishna Tours and Travels,20:30,08h 25m,04:55,1.6,600,4,A/C Seater / Sleeper (2+2)
https://www.redbus.in/bus-tickets/patna-to-araria,Patna (Bihar) to Araria (Bihar),Sameer Travels,20:30,08h 00m,04:30,4.8,675,1,A/C Seater / Sleeper (2+1)
https://www.redbus.in/bus-tickets/patna-to-araria,Patna (Bihar) to Araria (Bihar),Mahuli Travels,20:50,07h 55m,04:45,3.3,495,47,A/C Seater / Sleeper (2+1)
https://www.redbus.in/bus-tickets/patna-to-araria,Patna (Bihar) to Araria (Bihar),Maa Satyabhama Rath,21:00,08h 30m,05:30,3.1,700,33,A/C Seater / Sleeper (2+1)
https://www.redbus.in/bus-tickets/patna-to-araria,Patna (Bihar) to Araria (Bihar),Shree Sai Krishna Luxury,21:15,09h 15m,06:30,2.9,600,22,A/C Seater / Sleeper (2+1)
https://www.redbus.in/bus-tickets/patna-to-araria,Patna (Bihar) to Araria (Bihar),VAISHALI TRAVELS,21:30,07h 00m,04:30,1.0,550,44,A/C Seater / Sleeper (2+1)
https://www.redbus.in/bus-tickets/patna-to-araria,Patna (Bihar) to Araria (Bihar),Sri Krishna Rath,20:30,07h 45m,04:15,1.4,499,24,A/C Seater / Sleeper (2+2)
https://www.redbus.in/bus-tickets/patna-to-araria,Patna (Bihar) to Araria (Bihar),Sree Balaji Travels,20:00,08h 30m,04:30,2.4,450,9,A/C Seater / Sleeper (2+1)
https://www.redbus.in/bus-tickets/patna-to-araria,Patna (Bihar) to Araria (Bihar),Chandralok Services,21:00,08h 30m,05:30,1.7,450,10,NON A/C Seater / Sleeper (2+2)
https://www.redbus.in/bus-tickets/patna-to-araria,Patna (Bihar) to Araria (Bihar),Sri Krishna Rath,20:45,08h 20m,05:05,1.4,500,28,A/C Seater / Sleeper (2+2)
https://www.redbus.in/bus-tickets/patna-to-araria,Patna (Bihar) to Araria (Bihar),Sri Krishna Rath,21:00,08h 50m,05:50,1.4,500,10,A/C Seater / Sleeper (2+2)
https://www.redbus.in/bus-tickets/patna-to-araria,Patna (Bihar) to Araria (Bihar),Sri Krishna Rath,20:00,08h 50m,04:50,1.4,450,62,A/C Seater / Sleeper (2+2)
https://www.redbus.in/bus-tickets/ranchi-to-muzaffarpur,Ranchi to Muzaffarpur (Bihar),Bihar state road transport corporation (BSRTC) - 153614,20:55,10h 35m,07:30,3.4,605,16,AC Seater (2+2)
https://www.redbus.in/bus-tickets/ranchi-to-muzaffarpur,Ranchi to Muzaffarpur (Bihar),Pawapuri Motors,17:00,12h 45m,05:45,1.9,900,4,A/C Seater / Sleeper (2+1)
https://www.redbus.in/bus-tickets/ranchi-to-muzaffarpur,Ranchi to Muzaffarpur (Bihar),Alok Travels,17:45,11h 30m,05:15,3.5,800,13,A/C Seater/Sleeper (2+1)
https://www.redbus.in/bus-tickets/ranchi-to-muzaffarpur,Ranchi to Muzaffarpur (Bihar),Tejas Maa Bhawani,18:00,11h 30m,05:30,3.5,850,7,A/C Seater / Sleeper (2+2)
https://www.redbus.in/bus-tickets/ranchi-to-muzaffarpur,Ranchi to Muzaffarpur (Bihar),Jai Mata Di Tour and Travels,19:15,11h 15m,06:30,2.9,720,1,A/C Seater / Sleeper (2+2)
https://www.redbus.in/bus-tickets/ranchi-to-muzaffarpur,Ranchi to Muzaffarpur (Bihar),Jai Mata Di Tour and Travels,18:45,09h 30m,04:15,1.5,900,9,A/C Seater / Sleeper (2+2)
https://www.redbus.in/bus-tickets/ranchi-to-muzaffarpur,Ranchi to Muzaffarpur (Bihar),Tejas Maa Bhawani,18:00,11h 15m,05:15,1.3,800,4,A/C Sleeper (2+1)
https://www.redbus.in/bus-tickets/ranchi-to-muzaffarpur,Ranchi to Muzaffarpur (Bihar),Tejas Maa Bhawani,18:25,11h 05m,05:30,2.4,649,4,Non AC Seater (2+2)
https://www.redbus.in/bus-tickets/hazaribagh-to-muzaffarpur,Hazaribagh to Muzaffarpur (Bihar),Bihar state road transport corporation (BSRTC) - 153614,23:15,08h 15m,07:30,3.7,484,16,AC Seater (2+2)
https://www.redbus.in/bus-tickets/hazaribagh-to-muzaffarpur,Hazaribagh to Muzaffarpur (Bihar),Pawapuri Motors,21:45,08h 00m,05:45,3.0,850,8,A/C Seater / Sleeper (2+1)
https://www.redbus.in/bus-tickets/hazaribagh-to-muzaffarpur,Hazaribagh to Muzaffarpur (Bihar),Tejas Maa Bhawani,21:35,07h 55m,05:30,2.7,850,10,A/C Seater / Sleeper (2+2)
https://www.redbus.in/bus-tickets/hazaribagh-to-muzaffarpur,Hazaribagh to Muzaffarpur (Bihar),Tejas Maa Bhawani,21:00,08h 15m,05:15,2.7,800,4,A/C Sleeper (2+1)
https://www.redbus.in/bus-tickets/hazaribagh-to-muzaffarpur,Hazaribagh to Muzaffarpur (Bihar),Tejas Maa Bhawani,21:00,08h 30m,05:30,2.7,649,4,Non AC Seater (2+2)
https://www.redbus.in/bus-tickets/patna-to-hazaribagh,Patna (Bihar) to Hazaribagh,Bihar state road transport corporation (BSRTC) - 153594,20:41,07h 19m,04:00,3.4,396,8,AC Seater (2+2)
https://www.redbus.in/bus-tickets/patna-to-hazaribagh,Patna (Bihar) to Hazaribagh,Mahuli Travels,21:00,07h 00m,04:00,3.1,578,32,A/C Seater/Sleeper (2+1)
https://www.redbus.in/bus-tickets/patna-to-hazaribagh,Patna (Bihar) to Hazaribagh,Bhawani Travels,13:25,07h 50m,21:15,2.3,400,40,NON A/C Seater Push Back (2+2)
https://www.redbus.in/bus-tickets/patna-to-hazaribagh,Patna (Bihar) to Hazaribagh,Sri Sai ( Jharkhand Paryatak),20:45,07h 30m,04:15,2.8,481,8,A/C Seater / Sleeper (2+1)
https://www.redbus.in/bus-tickets/patna-to-hazaribagh,Patna (Bihar) to Hazaribagh,Sri Krishna Rath,21:15,06h 15m,03:30,1.4,500,62,A/C Seater / Sleeper (2+2)
https://www.redbus.in/bus-tickets/patna-to-hazaribagh,Patna (Bihar) to Hazaribagh,Sri Krishna Rath,21:15,06h 15m,03:30,1.4,500,22,A/C Seater / Sleeper (2+2)
https://www.redbus.in/bus-tickets/patna-to-hazaribagh,Patna (Bihar) to Hazaribagh,Chandralok Travels,21:20,06h 42m,04:02,1.8,525,47,A/C Seater / Sleeper (2+1)
https://www.redbus.in/bus-tickets/patna-to-hazaribagh,Patna (Bihar) to Hazaribagh,Rajshri Travels,22:00,07h 00m,05:00,1.5,429,37,A/C Seater / Sleeper (2+1)
https://www.redbus.in/bus-tickets/patna-to-hazaribagh,Patna (Bihar) to Hazaribagh,Tejas Maa Bhawani,22:29,04h 01m,02:30,2.2,599,4,Non AC Seater (2+2)
https://www.redbus.in/bus-tickets/patna-to-hazaribagh,Patna (Bihar) to Hazaribagh,Rajdhani bus service,18:30,07h 00m,01:30,3.8,630,22,Non A/C Seater / Sleeper (2+1)
https://www.redbus.in/bus-tickets/patna-to-hazaribagh,Patna (Bihar) to Hazaribagh,Divya Rath,20:15,06h 45m,03:00,3.1,1000,19,A/C Sleeper (2+1)
https://www.redbus.in/bus-tickets/patna-to-hazaribagh,Patna (Bihar) to Hazaribagh,Rekha Luxury,20:20,07h 40m,04:00,3.9,900,1,A/C Seater / Sleeper (2+1)
https://www.redbus.in/bus-tickets/patna-to-hazaribagh,Patna (Bihar) to Hazaribagh,MAA SHANTI TRAVELS,20:27,06h 48m,03:15,4.7,1125,18,A/C Sleeper (2+1)
https://www.redbus.in/bus-tickets/patna-to-hazaribagh,Patna (Bihar) to Hazaribagh,Rekha Luxury (Suba Travels),20:30,07h 00m,03:30,3.9,900,9,A/C Seater / Sleeper (2+1)
https://www.redbus.in/bus-tickets/patna-to-hazaribagh,Patna (Bihar) to Hazaribagh,Sadhvi Rath,20:40,06h 00m,02:40,3.9,666,42,A/C Seater / Sleeper (2+1)
https://www.redbus.in/bus-tickets/patna-to-hazaribagh,Patna (Bihar) to Hazaribagh,MAA SHANTI TRAVELS,21:10,06h 25m,03:35,4.7,990,28,A/C Seater / Sleeper (2+1)
https://www.redbus.in/bus-tickets/patna-to-hazaribagh,Patna (Bihar) to Hazaribagh,MAA SHANTI TRAVELS,21:25,07h 25m,04:50,4.7,765,12,A/C Seater/Sleeper (2+1)
https://www.redbus.in/bus-tickets/patna-to-hazaribagh,Patna (Bihar) to Hazaribagh,Pappu Travels (yvts),21:30,06h 00m,03:30,3.0,720,15,A/C Seater / Sleeper (2+2)
https://www.redbus.in/bus-tickets/patna-to-hazaribagh,Patna (Bihar) to Hazaribagh,MAA SHANTI TRAVELS,21:50,06h 10m,04:00,4.7,720,52,A/C Seater/Sleeper (2+1)
https://www.redbus.in/bus-tickets/patna-to-hazaribagh,Patna (Bihar) to Hazaribagh,Maharani Express,18:00,06h 55m,00:55,2.1,900,23,Tata A/C Seater Executive Luxury (2+2)
https://www.redbus.in/bus-tickets/patna-to-hazaribagh,Patna (Bihar) to Hazaribagh,Sri Krishna Rath,20:20,07h 25m,03:45,1.4,854,40,A/C Seater/Sleeper (2+1)
https://www.redbus.in/bus-tickets/patna-to-hazaribagh,Patna (Bihar) to Hazaribagh,Arzoo Travels,20:30,06h 00m,02:30,2.2,600,26,Bharat Benz A/C Seater /Sleeper (2+1)
https://www.redbus.in/bus-tickets/patna-to-hazaribagh,Patna (Bihar) to Hazaribagh,Puja Rath,21:00,06h 30m,03:30,1.8,600,22,A/C Seater / Sleeper (2+1)
https://www.redbus.in/bus-tickets/patna-to-hazaribagh,Patna (Bihar) to Hazaribagh,Shakti Travels,21:00,04h 00m,01:00,1.7,600,59,NON A/C Seater / Sleeper (2+2)
https://www.redbus.in/bus-tickets/patna-to-hazaribagh,Patna (Bihar) to Hazaribagh,Tejas Maa Bhawani,22:30,05h 30m,04:00,2.2,1050,2,A/C Sleeper (2+1)
https://www.redbus.in/bus-tickets/patna-to-hazaribagh,Patna (Bihar) to Hazaribagh,Tejas Maa Bhawani,22:35,05h 25m,04:00,2.2,750,3,A/C Seater / Sleeper (2+2)
https://www.redbus.in/bus-tickets/katihar-to-patna,Katihar to Patna (Bihar),SOBHA TRAVELS (A.T),20:00,09h 00m,05:00,2.2,495,29,A/C Seater / Sleeper (2+1)
https://www.redbus.in/bus-tickets/katihar-to-patna,Katihar to Patna (Bihar),Sri Krishna Rath,23:50,08h 10m,08:00,1.0,1529,35,A/C Seater / Sleeper (2+2)
https://www.redbus.in/bus-tickets/katihar-to-patna,Katihar to Patna (Bihar),Sri Krishna Rath,23:50,08h 10m,08:00,1.0,1439,28,A/C Seater / Sleeper (2+1)
https://www.redbus.in/bus-tickets/bangalore-to-kozhikode,Bangalore to Kozhikode,MMK Travels,22:30,09h 00m,07:30,4.3,750,28,A/C Seater / Sleeper (2+1)
https://www.redbus.in/bus-tickets/bangalore-to-kozhikode,Bangalore to Kozhikode,ESTEEM TOURS & TRAVELS,21:00,09h 55m,06:55,4.5,720,5,Bharat Benz A/C Seater /Sleeper (2+1)
https://www.redbus.in/bus-tickets/bangalore-to-kozhikode,Bangalore to Kozhikode,SKS Tours & Travels,21:15,08h 30m,05:45,4.4,899,14,A/C Sleeper (2+1)
https://www.redbus.in/bus-tickets/bangalore-to-kozhikode,Bangalore to Kozhikode,DLT BUS,22:30,09h 00m,07:30,4.3,1099,17,A/C Sleeper (2+1)
https://www.redbus.in/bus-tickets/bangalore-to-kozhikode,Bangalore to Kozhikode,Highline Transports,21:40,09h 00m,06:40,4.5,819,18,VE A/C Sleeper (2+1)
https://www.redbus.in/bus-tickets/bangalore-to-kozhikode,Bangalore to Kozhikode,NS Transports,22:45,08h 30m,07:15,4.2,949,17,A/C Sleeper (2+1)
https://www.redbus.in/bus-tickets/bangalore-to-kozhikode,Bangalore to Kozhikode,NS Transports,22:15,08h 15m,06:30,4.1,649,15,NON A/C Semi Sleeper / Sleeper (2+1)
https://www.redbus.in/bus-tickets/bangalore-to-kozhikode,Bangalore to Kozhikode,SAAM BUS,21:45,09h 00m,06:45,4.1,850,17,VE A/C Sleeper (2+1)
https://www.redbus.in/bus-tickets/bangalore-to-kozhikode,Bangalore to Kozhikode,National travels and logistics,22:30,08h 45m,07:15,4.0,799,10,A/C Sleeper (2+1)
https://www.redbus.in/bus-tickets/bangalore-to-kozhikode,Bangalore to Kozhikode,PADIKKAL TRAVELS PRIVATE LIMITED,21:15,08h 40m,05:55,3.5,900,4,A/C Sleeper (2+1)
https://www.redbus.in/bus-tickets/bangalore-to-kozhikode,Bangalore to Kozhikode,Kottamala Tour And Travels,14:15,09h 15m,23:30,3.5,959,35,A/C Semi Sleeper (2+2)
https://www.redbus.in/bus-tickets/bangalore-to-kozhikode,Bangalore to Kozhikode,National travels and logistics,22:45,07h 45m,06:30,3.9,649,19,NON A/C Sleeper (2+1)
https://www.redbus.in/bus-tickets/bangalore-to-kozhikode,Bangalore to Kozhikode,NS Transports,21:45,08h 25m,06:10,3.8,649,10,NON A/C Semi Sleeper / Sleeper (2+1)
https://www.redbus.in/bus-tickets/bangalore-to-kozhikode,Bangalore to Kozhikode,Silver Line Travels,22:15,08h 30m,06:45,3.6,650,20,NON A/C Semi Sleeper / Sleeper (2+1)
https://www.redbus.in/bus-tickets/bangalore-to-kozhikode,Bangalore to Kozhikode,Sam Tourist,22:05,09h 00m,07:05,3.3,599,32,NON AC Seater / Sleeper 2+1
https://www.redbus.in/bus-tickets/bangalore-to-kozhikode,Bangalore to Kozhikode,Kyros Connect,23:00,10h 00m,09:00,3.7,599,36,Bharat Benz A/C Semi Sleeper (2+2)
https://www.redbus.in/bus-tickets/bangalore-to-kozhikode,Bangalore to Kozhikode,SAAM BUS,21:45,08h 20m,06:05,3.9,700,21,A/C Seater / Sleeper (2+1)
https://www.redbus.in/bus-tickets/bangalore-to-kozhikode,Bangalore to Kozhikode,Skylite Travels,22:00,08h 30m,06:30,4.2,800,15,A/C Sleeper (2+1)
https://www.redbus.in/bus-tickets/bangalore-to-kozhikode,Bangalore to Kozhikode,Kallada Travels (Suresh Kallada),22:00,09h 05m,07:05,3.7,999,28,A/C Sleeper (2+1)
https://www.redbus.in/bus-tickets/bangalore-to-kozhikode,Bangalore to Kozhikode,Kalpaka Travels,22:15,07h 55m,06:10,3.9,650,26,NON A/C Seater/ Sleeper (2+1)
https://www.redbus.in/bus-tickets/bangalore-to-kozhikode,Bangalore to Kozhikode,P K Travels,18:45,11h 15m,06:00,3.7,600,29,Non A/C Seater / Sleeper (2+1)
https://www.redbus.in/bus-tickets/bangalore-to-kozhikode,Bangalore to Kozhikode,SKS Tourist Corporation (REGD),21:30,08h 30m,06:00,3.5,599,18,Non A/C Seater / Sleeper (2+1)
https://www.redbus.in/bus-tickets/bangalore-to-kozhikode,Bangalore to Kozhikode,DA Transports,21:45,09h 10m,06:55,3.1,849,18,A/C Sleeper (2+1)
https://www.redbus.in/bus-tickets/bangalore-to-kozhikode,Bangalore to Kozhikode,Galaxy Tours,21:30,09h 00m,06:30,3.3,649,15,A/C Seater/Sleeper (2+1)
https://www.redbus.in/bus-tickets/bangalore-to-kozhikode,Bangalore to Kozhikode,A1 Travels,21:00,09h 45m,06:45,3.3,500,42,NON A/C Seater / Sleeper (3+1)
https://www.redbus.in/bus-tickets/bangalore-to-kozhikode,Bangalore to Kozhikode,A1 Travels,22:30,08h 00m,06:30,2.7,600,30,A/C Seater / Sleeper (2+1)
https://www.redbus.in/bus-tickets/bangalore-to-kozhikode,Bangalore to Kozhikode,A1 Travels,21:45,09h 15m,07:00,2.8,600,27,A/C Seater / Sleeper (2+1)
https://www.redbus.in/bus-tickets/bangalore-to-kozhikode,Bangalore to Kozhikode,P K Travels,22:00,08h 00m,06:00,3.8,850,16,Bharat Benz A/C Sleeper (2+1)
https://www.redbus.in/bus-tickets/bangalore-to-kozhikode,Bangalore to Kozhikode,Suraj Holidays,20:30,09h 30m,06:00,2.6,649,20,NON A/C Seater/ Sleeper (2+1)
https://www.redbus.in/bus-tickets/bangalore-to-kozhikode,Bangalore to Kozhikode,A1 Travels,21:15,10h 00m,07:15,2.1,1400,39,A/C Semi Sleeper (2+2)
https://www.redbus.in/bus-tickets/bangalore-to-kozhikode,Bangalore to Kozhikode,P K Travels,21:30,08h 30m,06:00,3.3,700,25,A/C Seater / Sleeper (2+1)
https://www.redbus.in/bus-tickets/bangalore-to-kozhikode,Bangalore to Kozhikode,SAAM BUS,21:45,08h 25m,06:10,4.0,900,14,VE A/C Sleeper (2+1)
https://www.redbus.in/bus-tickets/bangalore-to-kozhikode,Bangalore to Kozhikode,National travels and logistics,23:00,07h 45m,06:45,3.0,599,10,Non A/C Seater / Sleeper (2+1)
https://www.redbus.in/bus-tickets/bangalore-to-kozhikode,Bangalore to Kozhikode,PADIKKAL TRAVELS PRIVATE LIMITED,21:15,08h 40m,05:55,3.3,810,11,A/C Sleeper (2+1)
https://www.redbus.in/bus-tickets/bangalore-to-kozhikode,Bangalore to Kozhikode,CITI TOURS,18:30,09h 30m,04:00,2.8,750,31,VE A/C Seater / Sleeper (2+1)
https://www.redbus.in/bus-tickets/bangalore-to-kozhikode,Bangalore to Kozhikode,Suraj Holidays,21:45,09h 00m,06:45,3.4,900,21,VE A/C Sleeper (2+1)
https://www.redbus.in/bus-tickets/kozhikode-to-ernakulam,Kozhikode to Ernakulam,A1 Travels,21:00,04h 30m,01:30,3.9,750,1,NON A/C Semi Sleeper (2+2)
https://www.redbus.in/bus-tickets/kozhikode-to-ernakulam,Kozhikode to Ernakulam,CITI TOURS,22:30,05h 00m,03:30,3.4,949,13,Bharat Benz A/C Semi Sleeper (2+2)
https://www.redbus.in/bus-tickets/kozhikode-to-ernakulam,Kozhikode to Ernakulam,CGR Tranz,23:40,05h 35m,05:15,3.4,700,30,A/C Semi Sleeper (2+2)
https://www.redbus.in/bus-tickets/kozhikode-to-ernakulam,Kozhikode to Ernakulam,UFO Bus,23:55,05h 35m,05:30,4.0,799,3,Volvo Multi-Axle B9R A/c Semi Sleeper (2+2)
https://www.redbus.in/bus-tickets/kozhikode-to-ernakulam,Kozhikode to Ernakulam,UFO Bus,23:55,05h 35m,05:30,4.3,699,3,A/C Seater Push Back (2+2)
https://www.redbus.in/bus-tickets/kozhikode-to-ernakulam,Kozhikode to Ernakulam,SONIA LUXURY LINES,23:59,04h 16m,04:15,3.5,799,1,VE A/C Seater / Sleeper (2+1)
https://www.redbus.in/bus-tickets/kozhikode-to-ernakulam,Kozhikode to Ernakulam,Ameyazz Travel lounge,23:59,06h 21m,06:20,3.5,800,15,AC Seater (2+2)
https://www.redbus.in/bus-tickets/kozhikode-to-ernakulam,Kozhikode to Ernakulam,Cochin Bus,23:59,05h 31m,05:30,4.4,900,1,Bharat Benz A/C Sleeper (2+1)
https://www.redbus.in/bus-tickets/kozhikode-to-ernakulam,Kozhikode to Ernakulam,Sona Travels,23:59,05h 31m,05:30,3.2,750,36,Volvo Multi-Axle B9R A/c Semi Sleeper (2+2)
https://www.redbus.in/bus-tickets/kozhikode-to-ernakulam,Kozhikode to Ernakulam,UFO Bus,00:20,05h 10m,05:30,4.3,799,1,Volvo A/C Semi Sleeper (2+2)
https://www.redbus.in/bus-tickets/kozhikode-to-ernakulam,Kozhikode to Ernakulam,Holy Maria Travels,23:30,04h 00m,03:30,2.5,600,9,A/C Semi Sleeper (2+2)
https://www.redbus.in/bus-tickets/kozhikode-to-ernakulam,Kozhikode to Ernakulam,Kalpaka Travels 1,23:59,05h 01m,05:00,2.6,700,2,A/C Semi Sleeper (2+2)
https://www.redbus.in/bus-tickets/kozhikode-to-ernakulam,Kozhikode to Ernakulam,Galaxy Tours,21:45,04h 15m,02:00,3.2,1049,15,2+1 Air Suspension A/C Seater / Sleeper
https://www.redbus.in/bus-tickets/kozhikode-to-ernakulam,Kozhikode to Ernakulam,BLM Transports,22:00,04h 45m,02:45,4.1,1152,7,A/C Sleeper (2+1)
https://www.redbus.in/bus-tickets/kozhikode-to-ernakulam,Kozhikode to Ernakulam,EMERALD TRAVELS,22:10,04h 30m,02:40,3.0,2000,2,A/C Sleeper (2+1)
https://www.redbus.in/bus-tickets/kozhikode-to-ernakulam,Kozhikode to Ernakulam,Madhavi Travels,22:20,04h 15m,02:35,3.5,1999,1,A/C Sleeper (2+1)
https://www.redbus.in/bus-tickets/kozhikode-to-ernakulam,Kozhikode to Ernakulam,Galaxy Tours,22:30,04h 15m,02:45,3.7,1100,42,Volvo Multi-Axle B9R A/c Semi Sleeper (2+2)
https://www.redbus.in/bus-tickets/kozhikode-to-ernakulam,Kozhikode to Ernakulam,CITI TOURS,22:45,04h 15m,03:00,4.5,1000,7,Bharat Benz A/C Sleeper (2+1)
https://www.redbus.in/bus-tickets/kozhikode-to-ernakulam,Kozhikode to Ernakulam,EMERALD TRAVELS,23:00,03h 30m,02:30,3.0,1100,31,Bharat Benz A/C Seater (2+2)
https://www.redbus.in/bus-tickets/kozhikode-to-ernakulam,Kozhikode to Ernakulam,LIYAS TOURS,23:15,04h 00m,03:15,3.8,1849,2,Bharat Benz A/C Sleeper (2+1)
https://www.redbus.in/bus-tickets/kozhikode-to-ernakulam,Kozhikode to Ernakulam,Jacobs Travels,23:15,04h 45m,04:00,3.3,1199,14,A/C Sleeper (2+1)
https://www.redbus.in/bus-tickets/kozhikode-to-ernakulam,Kozhikode to Ernakulam,Madhavi Travels,23:40,05h 20m,05:00,3.9,1099,6,A/C Sleeper (2+1)
https://www.redbus.in/bus-tickets/kozhikode-to-ernakulam,Kozhikode to Ernakulam,Arya Travels,23:59,05h 31m,05:30,4.3,1245,9,A/C Sleeper (2+1)
https://www.redbus.in/bus-tickets/kozhikode-to-ernakulam,Kozhikode to Ernakulam,Madhavi Travels,23:59,05h 23m,05:22,3.5,999,11,A/C Sleeper (2+1)
https://www.redbus.in/bus-tickets/kozhikode-to-ernakulam,Kozhikode to Ernakulam,Crownline Travels,01:30,03h 59m,05:29,4.0,1350,18,A/C Sleeper (2+1)
https://www.redbus.in/bus-tickets/kozhikode-to-ernakulam,Kozhikode to Ernakulam,KP Travels,22:30,04h 30m,03:00,2.7,1299,16,Bharat Benz A/C Semi Sleeper (2+2)
https://www.redbus.in/bus-tickets/kozhikode-to-ernakulam,Kozhikode to Ernakulam,KP Travels,22:30,04h 30m,03:00,2.7,1699,2,Volvo A/C Semi Sleeper (2+2 )
https://www.redbus.in/bus-tickets/kozhikode-to-ernakulam,Kozhikode to Ernakulam,Madhavi Travels,23:30,03h 40m,03:10,2.7,1499,11,Volvo Multi-Axle I-Shift B11R Semi Sleeper (2+2)
https://www.redbus.in/bus-tickets/kozhikode-to-bangalore,Kozhikode to Bangalore,KSRTC (Kerala) - 72,19:05,09h 20m,04:25,3.5,1242,1,SWIFT-GARUDA A/C SEATER BUS
https://www.redbus.in/bus-tickets/kozhikode-to-bangalore,Kozhikode to Bangalore,DLT BUS,21:45,08h 45m,06:30,4.5,1799,15,A/C Sleeper (2+1)
https://www.redbus.in/bus-tickets/kozhikode-to-bangalore,Kozhikode to Bangalore,MMK Travels,21:30,08h 30m,06:00,4.3,1100,3,A/C Seater / Sleeper (2+1)
https://www.redbus.in/bus-tickets/kozhikode-to-bangalore,Kozhikode to Bangalore,AdFAST LINE BUS,21:15,09h 00m,06:15,4.4,1169,8,A/C Sleeper (2+1)
https://www.redbus.in/bus-tickets/kozhikode-to-bangalore,Kozhikode to Bangalore,ESTEEM TOURS & TRAVELS,20:05,09h 55m,06:00,4.5,1350,2,Bharat Benz A/C Seater /Sleeper (2+1)
https://www.redbus.in/bus-tickets/kozhikode-to-bangalore,Kozhikode to Bangalore,SKS Tours & Travels,21:00,09h 00m,06:00,4.2,1499,11,A/C Sleeper (2+1)
https://www.redbus.in/bus-tickets/kozhikode-to-bangalore,Kozhikode to Bangalore,Kyros Connect,12:15,09h 30m,21:45,4.2,1000,20,Bharat Benz A/C Semi Sleeper (2+2)
https://www.redbus.in/bus-tickets/kozhikode-to-bangalore,Kozhikode to Bangalore,NS Transports,20:00,09h 00m,05:00,4.1,1399,4,A/C Sleeper (2+1)
https://www.redbus.in/bus-tickets/kozhikode-to-bangalore,Kozhikode to Bangalore,Highline Transports,21:45,09h 55m,07:40,4.1,1248,18,VE A/C Sleeper (2+1)
https://www.redbus.in/bus-tickets/kozhikode-to-bangalore,Kozhikode to Bangalore,NS Transports,20:30,08h 35m,05:05,3.9,999,3,NON A/C Semi Sleeper / Sleeper (2+1)
https://www.redbus.in/bus-tickets/kozhikode-to-bangalore,Kozhikode to Bangalore,NS Transports,19:30,09h 00m,04:30,3.8,949,11,NON A/C Semi Sleeper / Sleeper (2+1)
https://www.redbus.in/bus-tickets/kozhikode-to-bangalore,Kozhikode to Bangalore,SAAM BUS,20:30,09h 45m,06:15,3.8,1400,2,VE A/C Sleeper (2+1)
https://www.redbus.in/bus-tickets/kozhikode-to-bangalore,Kozhikode to Bangalore,National travels and logistics,20:45,09h 30m,06:15,3.9,950,9,NON A/C Sleeper (2+1)
https://www.redbus.in/bus-tickets/kozhikode-to-bangalore,Kozhikode to Bangalore,National travels and logistics,21:00,09h 15m,06:15,3.8,1290,7,A/C Sleeper (2+1)
https://www.redbus.in/bus-tickets/kozhikode-to-bangalore,Kozhikode to Bangalore,SAAM BUS,21:15,09h 00m,06:15,3.8,1450,2,A/C Seater / Sleeper (2+1)
https://www.redbus.in/bus-tickets/kozhikode-to-bangalore,Kozhikode to Bangalore,P K Travels,21:00,09h 00m,06:00,4.0,1000,3,Non A/C Seater / Sleeper (2+1)
https://www.redbus.in/bus-tickets/kozhikode-to-bangalore,Kozhikode to Bangalore,Suraj Holidays,21:45,09h 15m,07:00,3.4,1600,19,VE A/C Sleeper (2+1)
https://www.redbus.in/bus-tickets/kozhikode-to-bangalore,Kozhikode to Bangalore,SKS Tourist Corporation (REGD),20:00,09h 00m,05:00,3.9,999,17,Non A/C Seater / Sleeper (2+1)
https://www.redbus.in/bus-tickets/kozhikode-to-bangalore,Kozhikode to Bangalore,DA Transports,21:50,08h 55m,06:45,3.6,1099,24,A/C Sleeper (2+1)
https://www.redbus.in/bus-tickets/kozhikode-to-bangalore,Kozhikode to Bangalore,CITI TOURS,00:15,09h 00m,09:15,4.0,1600,15,Bharat Benz A/C Sleeper (2+1)
https://www.redbus.in/bus-tickets/kozhikode-to-bangalore,Kozhikode to Bangalore,A1 Travels,22:30,08h 00m,06:30,3.3,1200,18,A/C Seater / Sleeper (2+1)
https://www.redbus.in/bus-tickets/kozhikode-to-bangalore,Kozhikode to Bangalore,Skylite Travels,22:00,08h 45m,06:45,2.8,1099,10,A/C Sleeper (2+1)
https://www.redbus.in/bus-tickets/kozhikode-to-bangalore,Kozhikode to Bangalore,P K Travels,21:45,09h 00m,06:45,3.0,1200,5,A/C Seater / Sleeper (2+1)
https://www.redbus.in/bus-tickets/kozhikode-to-bangalore,Kozhikode to Bangalore,Kalpaka Travels,20:15,09h 15m,05:30,3.7,1000,2,NON A/C Seater/ Sleeper (2+1)
https://www.redbus.in/bus-tickets/kozhikode-to-bangalore,Kozhikode to Bangalore,A1 Travels,21:45,08h 45m,06:30,3.4,1000,14,NON A/C Seater / Sleeper (3+1)
https://www.redbus.in/bus-tickets/kozhikode-to-bangalore,Kozhikode to Bangalore,Sam Tourist,21:00,09h 30m,06:30,2.9,899,16,NON AC Seater / Sleeper 2+1
https://www.redbus.in/bus-tickets/kozhikode-to-bangalore,Kozhikode to Bangalore,Galaxy Tours,21:00,09h 00m,06:00,3.3,1199,27,A/C Seater/Sleeper (2+1)
https://www.redbus.in/bus-tickets/kozhikode-to-bangalore,Kozhikode to Bangalore,Kallada Travels (Suresh Kallada),21:30,09h 15m,06:45,2.8,1600,13,A/C Sleeper (2+1)
https://www.redbus.in/bus-tickets/kozhikode-to-bangalore,Kozhikode to Bangalore,A1 Travels,20:00,09h 30m,05:30,2.2,1050,25,A/C Seater / Sleeper (2+1)
https://www.redbus.in/bus-tickets/kozhikode-to-bangalore,Kozhikode to Bangalore,Bharathi Travels,15:00,08h 45m,23:45,3.6,1290,23,A/C Sleeper (2+1)
https://www.redbus.in/bus-tickets/kozhikode-to-bangalore,Kozhikode to Bangalore,PADIKKAL TRAVELS PRIVATE LIMITED,20:50,08h 40m,05:30,3.7,1300,4,A/C Sleeper (2+1)
https://www.redbus.in/bus-tickets/kozhikode-to-bangalore,Kozhikode to Bangalore,Suraj Holidays,21:00,08h 55m,05:55,2.2,1050,13,NON A/C Seater/ Sleeper (2+1)
https://www.redbus.in/bus-tickets/kozhikode-to-bangalore,Kozhikode to Bangalore,SAAM BUS,21:15,08h 45m,06:00,3.3,1400,2,VE A/C Sleeper (2+1)
https://www.redbus.in/bus-tickets/kozhikode-to-bangalore,Kozhikode to Bangalore,P K Travels,20:00,09h 40m,05:40,2.4,1500,5,Bharat Benz A/C Sleeper (2+1)
https://www.redbus.in/bus-tickets/kozhikode-to-bangalore,Kozhikode to Bangalore,Kallada Travels (Suresh Kallada),13:45,09h 35m,23:20,2.5,1400,6,A/C Sleeper (2+1)
https://www.redbus.in/bus-tickets/kozhikode-to-bangalore,Kozhikode to Bangalore,National travels and logistics,20:15,09h 00m,05:15,3.9,899,12,Non A/C Seater / Sleeper (2+1)
https://www.redbus.in/bus-tickets/kozhikode-to-bangalore,Kozhikode to Bangalore,MMK Travels,22:15,08h 30m,06:45,4.8,999,12,Volvo Multi-Axle I-Shift B11R Semi Sleeper (2+2)
https://www.redbus.in/bus-tickets/kozhikode-to-bangalore,Kozhikode to Bangalore,PADIKKAL TRAVELS PRIVATE LIMITED,20:50,08h 40m,05:30,3.2,1215,11,A/C Sleeper (2+1)
https://www.redbus.in/bus-tickets/kozhikode-to-bangalore,Kozhikode to Bangalore,DA Transports,22:01,09h 44m,07:45,1.8,1099,19,A/C Sleeper (2+1)
https://www.redbus.in/bus-tickets/kozhikode-to-bangalore,Kozhikode to Bangalore,Orange Tours and Travels,14:00,09h 30m,23:30,2.7,1760,5,Bharat Benz A/C Sleeper (2+1)
https://www.redbus.in/bus-tickets/kozhikode-to-bangalore,Kozhikode to Bangalore,J J YATRA,21:00,09h 15m,06:15,1.9,895,25,A/C Seater / Sleeper (2+1)
https://www.redbus.in/bus-tickets/kozhikode-to-bangalore,Kozhikode to Bangalore,PSK Travels,14:00,09h 00m,23:00,3.3,1390,21,Volvo Multi Axle A/C Sleeper I-Shift B11R (2+1)
https://www.redbus.in/bus-tickets/kozhikode-to-bangalore,Kozhikode to Bangalore,SURAJ TRAVEL HOUSE,21:00,09h 15m,06:15,3.2,899,8,VE A/C Semi Sleeper (2+2)
https://www.redbus.in/bus-tickets/kozhikode-to-bangalore,Kozhikode to Bangalore,J J YATRA,15:00,07h 55m,22:55,1.9,1395,24,A/C Sleeper (2+1)
https://www.redbus.in/bus-tickets/ernakulam-to-kozhikode,Ernakulam to Kozhikode,Sheraton Tours and Travels,20:00,05h 45m,01:45,4.0,700,4,Bharat Benz A/C Seater /Sleeper (2+1)
https://www.redbus.in/bus-tickets/ernakulam-to-kozhikode,Ernakulam to Kozhikode,CGR Tranz,20:15,05h 55m,02:10,3.4,700,37,A/C Semi Sleeper (2+2)
https://www.redbus.in/bus-tickets/ernakulam-to-kozhikode,Ernakulam to Kozhikode,Kalpaka Travels 1,20:45,05h 45m,02:30,4.6,800,4,A/C Sleeper (2+1)
https://www.redbus.in/bus-tickets/ernakulam-to-kozhikode,Ernakulam to Kozhikode,Jacobs Travels,21:00,05h 30m,02:30,3.3,700,23,A/C Semi Sleeper (2+2)
https://www.redbus.in/bus-tickets/ernakulam-to-kozhikode,Ernakulam to Kozhikode,UFO Bus,21:15,05h 30m,02:45,4.3,899,2,A/C Sleeper (2+1)
https://www.redbus.in/bus-tickets/ernakulam-to-kozhikode,Ernakulam to Kozhikode,Cochin Bus,21:15,05h 15m,02:30,4.4,730,5,Volvo Multi-Axle B9R A/c Semi Sleeper (2+2)
https://www.redbus.in/bus-tickets/ernakulam-to-kozhikode,Ernakulam to Kozhikode,UFO Bus,21:15,05h 45m,03:00,4.4,649,27,Volvo Multi-Axle B9R A/c Semi Sleeper (2+2)
https://www.redbus.in/bus-tickets/ernakulam-to-kozhikode,Ernakulam to Kozhikode,Ameyazz Travel lounge,21:25,04h 50m,02:15,3.5,600,29,AC Seater (2+2)
https://www.redbus.in/bus-tickets/ernakulam-to-kozhikode,Ernakulam to Kozhikode,UFO Bus,21:30,05h 15m,02:45,4.2,649,24,Volvo Multi-Axle B9R A/c Semi Sleeper (2+2)
https://www.redbus.in/bus-tickets/ernakulam-to-kozhikode,Ernakulam to Kozhikode,Cochin Bus,21:30,05h 00m,02:30,4.4,900,1,A/C Sleeper (2+1)
https://www.redbus.in/bus-tickets/ernakulam-to-kozhikode,Ernakulam to Kozhikode,Madhavi Travels,21:30,04h 45m,02:15,3.6,699,16,A/C Semi Sleeper (2+2)
https://www.redbus.in/bus-tickets/ernakulam-to-kozhikode,Ernakulam to Kozhikode,Cochin Bus,21:30,05h 15m,02:45,4.4,730,2,Bharat Benz A/C Seater /Sleeper (2+1)
https://www.redbus.in/bus-tickets/ernakulam-to-kozhikode,Ernakulam to Kozhikode,PSK Travels,21:30,04h 45m,02:15,3.4,990,35,Volvo Multi-Axle A/C Semi Sleeper (2+2)
https://www.redbus.in/bus-tickets/ernakulam-to-kozhikode,Ernakulam to Kozhikode,Global Transport,21:30,05h 05m,02:35,3.1,550,29,A/C Semi Sleeper (2+2)
https://www.redbus.in/bus-tickets/ernakulam-to-kozhikode,Ernakulam to Kozhikode,Achayans Holidays,21:35,04h 40m,02:15,3.1,550,19,VE A/C Semi Sleeper (2+2)
https://www.redbus.in/bus-tickets/ernakulam-to-kozhikode,Ernakulam to Kozhikode,SONIA LUXURY LINES,21:35,04h 55m,02:30,3.5,799,13,VE A/C Seater / Sleeper (2+1)
https://www.redbus.in/bus-tickets/ernakulam-to-kozhikode,Ernakulam to Kozhikode,Arya Travels,21:45,05h 30m,03:15,3.1,995,13,A/C Sleeper (2+1)
https://www.redbus.in/bus-tickets/ernakulam-to-kozhikode,Ernakulam to Kozhikode,Madhavi Travels,22:00,04h 15m,02:15,3.9,899,1,A/C Sleeper (2+1)
https://www.redbus.in/bus-tickets/ernakulam-to-kozhikode,Ernakulam to Kozhikode,Kalpaka Travels 1,22:00,05h 00m,03:00,4.7,600,4,A/C Semi Sleeper (2+2)
https://www.redbus.in/bus-tickets/ernakulam-to-kozhikode,Ernakulam to Kozhikode,Madhavi Travels,22:10,05h 25m,03:35,4.6,749,21,A/C Semi Sleeper (2+2)
https://www.redbus.in/bus-tickets/ernakulam-to-kozhikode,Ernakulam to Kozhikode,A1 Travels,23:59,05h 31m,05:30,3.5,900,10,Bharat Benz A/C Seater /Sleeper (2+1)
https://www.redbus.in/bus-tickets/ernakulam-to-kozhikode,Ernakulam to Kozhikode,Arya Plus Connect,22:00,04h 00m,02:00,2.9,750,11,A/C Seater/Sleeper (2+1)
https://www.redbus.in/bus-tickets/ernakulam-to-kozhikode,Ernakulam to Kozhikode,EMERALD TRAVELS,22:15,05h 45m,04:00,2.4,699,41,Volvo Multi-Axle A/C Semi Sleeper (2+2)
https://www.redbus.in/bus-tickets/ernakulam-to-kozhikode,Ernakulam to Kozhikode,EMERALD TRAVELS,23:30,05h 00m,04:30,2.4,900,24,Bharat Benz A/C Semi Sleeper (2+2)
https://www.redbus.in/bus-tickets/ernakulam-to-kozhikode,Ernakulam to Kozhikode,A1 Travels,23:59,05h 01m,05:00,2.9,900,18,Bharat Benz A/C Seater /Sleeper (2+1)
https://www.redbus.in/bus-tickets/ernakulam-to-kozhikode,Ernakulam to Kozhikode,CITI TOURS,00:15,03h 45m,04:00,2.7,900,31,Bharat Benz A/C Sleeper (2+1)
https://www.redbus.in/bus-tickets/ernakulam-to-kozhikode,Ernakulam to Kozhikode,KP Travels,00:15,04h 55m,05:10,2.7,899,25,Bharat Benz A/C Semi Sleeper (2+2)
https://www.redbus.in/bus-tickets/ernakulam-to-kozhikode,Ernakulam to Kozhikode,Galaxy Tours,01:15,04h 45m,06:00,2.7,899,21,2+1 Air Suspension A/C Seater / Sleeper
https://www.redbus.in/bus-tickets/ernakulam-to-kozhikode,Ernakulam to Kozhikode,Galaxy Tours,01:15,04h 45m,06:00,1.3,899,28,A/C Semi Sleeper (2+2)
https://www.redbus.in/bus-tickets/ernakulam-to-kozhikode,Ernakulam to Kozhikode,Adrin Travels,20:00,04h 55m,00:55,4.7,1200,20,Bharat Benz A/C Seater /Sleeper (2+1)
https://www.redbus.in/bus-tickets/ernakulam-to-kozhikode,Ernakulam to Kozhikode,Crownline Travels,20:15,03h 30m,23:45,4.0,1099,23,A/C Sleeper (2+1)
https://www.redbus.in/bus-tickets/ernakulam-to-kozhikode,Ernakulam to Kozhikode,Adrin Travels,21:00,05h 00m,02:00,4.7,1000,5,A/C Seater/Sleeper (2+1)
https://www.redbus.in/bus-tickets/ernakulam-to-kozhikode,Ernakulam to Kozhikode,Madhavi Travels,21:40,04h 15m,01:55,3.5,1099,7,A/C Sleeper (2+1)
https://www.redbus.in/bus-tickets/ernakulam-to-kozhikode,Ernakulam to Kozhikode,SG Travels,21:45,04h 45m,02:30,4.9,1000,1,Bharat Benz A/C Sleeper (2+1)
https://www.redbus.in/bus-tickets/ernakulam-to-kozhikode,Ernakulam to Kozhikode,Madhavi Travels,22:00,05h 00m,03:00,3.1,1299,1,A/C Sleeper (2+1)
https://www.redbus.in/bus-tickets/ernakulam-to-kozhikode,Ernakulam to Kozhikode,A1 Travels,23:45,04h 15m,04:00,3.1,1200,8,Bharat Benz A/C Sleeper (2+1)
https://www.redbus.in/bus-tickets/ernakulam-to-kozhikode,Ernakulam to Kozhikode,Madhavi Travels,23:59,04h 31m,04:30,4.8,1499,4,A/C Sleeper (2+1)
https://www.redbus.in/bus-tickets/ernakulam-to-kozhikode,Ernakulam to Kozhikode,CITI TOURS,18:30,05h 45m,00:15,2.7,1200,18,Bharat Benz A/C Sleeper (2+1)
https://www.redbus.in/bus-tickets/ernakulam-to-kozhikode,Ernakulam to Kozhikode,Ubc travels,21:00,04h 45m,01:45,2.7,1100,15,Bharat Benz A/C Seater /Sleeper (2+1)
https://www.redbus.in/bus-tickets/ernakulam-to-kozhikode,Ernakulam to Kozhikode,Kallada Travels (Suresh Kallada),22:45,04h 15m,03:00,2.8,1300,13,A/C Sleeper (2+1)
https://www.redbus.in/bus-tickets/ernakulam-to-kozhikode,Ernakulam to Kozhikode,Kallada Travels (Suresh Kallada),23:59,04h 31m,04:30,2.8,1250,3,A/C Sleeper (2+1)
https://www.redbus.in/bus-tickets/kozhikode-to-mysore,Kozhikode to Mysore,Kyros Connect,12:15,06h 20m,18:35,4.1,599,20,Bharat Benz A/C Semi Sleeper (2+2)
https://www.redbus.in/bus-tickets/kozhikode-to-mysore,Kozhikode to Mysore,J J YATRA,21:00,06h 30m,03:30,2.5,695,27,A/C Seater / Sleeper (2+1)
https://www.redbus.in/bus-tickets/kozhikode-to-mysore,Kozhikode to Mysore,PSK Travels,14:00,07h 00m,21:00,3.4,1390,22,Volvo Multi Axle A/C Sleeper I-Shift B11R (2+1)
https://www.redbus.in/bus-tickets/kozhikode-to-mysore,Kozhikode to Mysore,Bharathi Travels,15:00,06h 00m,21:00,3.1,1290,23,A/C Sleeper (2+1)
https://www.redbus.in/bus-tickets/kozhikode-to-mysore,Kozhikode to Mysore,NS Transports,19:30,07h 00m,02:30,4.1,949,15,NON A/C Semi Sleeper / Sleeper (2+1)
https://www.redbus.in/bus-tickets/kozhikode-to-mysore,Kozhikode to Mysore,A1 Travels,20:00,08h 00m,04:00,3.8,1050,25,A/C Seater / Sleeper (2+1)
https://www.redbus.in/bus-tickets/kozhikode-to-mysore,Kozhikode to Mysore,NS Transports,20:00,06h 45m,02:45,4.1,1399,4,A/C Sleeper (2+1)
https://www.redbus.in/bus-tickets/kozhikode-to-mysore,Kozhikode to Mysore,SKS Tourist Corporation (REGD),20:00,07h 00m,03:00,3.5,999,33,Non A/C Seater / Sleeper (2+1)
https://www.redbus.in/bus-tickets/kozhikode-to-mysore,Kozhikode to Mysore,P K Travels,20:00,06h 00m,02:00,3.7,1500,5,Bharat Benz A/C Sleeper (2+1)
https://www.redbus.in/bus-tickets/kozhikode-to-mysore,Kozhikode to Mysore,ESTEEM TOURS & TRAVELS,20:05,07h 35m,03:40,4.5,1350,4,Bharat Benz A/C Seater /Sleeper (2+1)
https://www.redbus.in/bus-tickets/kozhikode-to-mysore,Kozhikode to Mysore,National travels and logistics,20:15,07h 15m,03:30,3.6,899,13,Non A/C Seater / Sleeper (2+1)
https://www.redbus.in/bus-tickets/kozhikode-to-mysore,Kozhikode to Mysore,SAAM BUS,20:30,07h 30m,04:00,3.8,1300,7,VE A/C Sleeper (2+1)
https://www.redbus.in/bus-tickets/kozhikode-to-mysore,Kozhikode to Mysore,NS Transports,20:30,06h 00m,02:30,4.1,999,3,NON A/C Semi Sleeper / Sleeper (2+1)
https://www.redbus.in/bus-tickets/kozhikode-to-mysore,Kozhikode to Mysore,National travels and logistics,20:45,07h 15m,04:00,3.6,950,16,NON A/C Sleeper (2+1)
https://www.redbus.in/bus-tickets/kozhikode-to-mysore,Kozhikode to Mysore,National travels and logistics,21:00,06h 15m,03:15,3.6,1250,11,A/C Sleeper (2+1)
https://www.redbus.in/bus-tickets/kozhikode-to-mysore,Kozhikode to Mysore,Suraj Holidays,21:00,06h 00m,03:00,3.8,1050,18,NON A/C Seater/ Sleeper (2+1)
https://www.redbus.in/bus-tickets/kozhikode-to-mysore,Kozhikode to Mysore,SKS Tours & Travels,21:00,07h 00m,04:00,4.2,1499,18,A/C Sleeper (2+1)
https://www.redbus.in/bus-tickets/kozhikode-to-mysore,Kozhikode to Mysore,Galaxy Tours,21:00,06h 30m,03:30,3.0,1199,26,A/C Seater/Sleeper (2+1)
https://www.redbus.in/bus-tickets/kozhikode-to-mysore,Kozhikode to Mysore,FAST LINE BUS,21:15,06h 45m,04:00,4.0,1169,10,A/C Sleeper (2+1)
https://www.redbus.in/bus-tickets/kozhikode-to-mysore,Kozhikode to Mysore,SAAM BUS,21:15,06h 55m,04:10,3.8,1400,13,VE A/C Sleeper (2+1)
https://www.redbus.in/bus-tickets/kozhikode-to-mysore,Kozhikode to Mysore,SAAM BUS,21:15,06h 45m,04:00,3.8,1450,3,A/C Seater / Sleeper (2+1)
https://www.redbus.in/bus-tickets/kozhikode-to-mysore,Kozhikode to Mysore,Suraj Holidays,21:45,07h 00m,04:45,4.2,1600,19,VE A/C Sleeper (2+1)
https://www.redbus.in/bus-tickets/kozhikode-to-mysore,Kozhikode to Mysore,A1 Travels,21:45,06h 15m,04:00,3.8,1000,14,NON A/C Seater / Sleeper (3+1)
https://www.redbus.in/bus-tickets/kozhikode-to-mysore,Kozhikode to Mysore,DA Transports,21:50,06h 40m,04:30,3.1,1099,24,A/C Sleeper (2+1)
https://www.redbus.in/bus-tickets/kozhikode-to-mysore,Kozhikode to Mysore,Skylite Travels,22:00,06h 00m,04:00,3.9,1099,26,A/C Sleeper (2+1)
https://www.redbus.in/bus-tickets/kozhikode-to-mysore,Kozhikode to Mysore,DA Transports,22:01,06h 39m,04:40,3.1,1099,19,A/C Sleeper (2+1)
https://www.redbus.in/bus-tickets/kozhikode-to-mysore,Kozhikode to Mysore,A1 Travels,22:30,05h 45m,04:15,3.8,1200,18,A/C Seater / Sleeper (2+1)
https://www.redbus.in/bus-tickets/kozhikode-to-mysore,Kozhikode to Mysore,CITI TOURS,00:15,06h 00m,06:15,3.2,1600,16,Bharat Benz A/C Sleeper (2+1)
https://www.redbus.in/bus-tickets/kozhikode-to-mysore,Kozhikode to Mysore,Kallada Travels (Suresh Kallada),13:45,05h 45m,19:30,1.4,1300,20,A/C Sleeper (2+1)
https://www.redbus.in/bus-tickets/kozhikode-to-mysore,Kozhikode to Mysore,Orange Tours and Travels,14:00,06h 30m,20:30,2.8,880,22,Bharat Benz A/C Sleeper (2+1)
https://www.redbus.in/bus-tickets/kozhikode-to-mysore,Kozhikode to Mysore,J J YATRA,15:00,06h 30m,21:30,2.5,1395,24,A/C Sleeper (2+1)
https://www.redbus.in/bus-tickets/kozhikode-to-mysore,Kozhikode to Mysore,PADIKKAL TRAVELS PRIVATE LIMITED,20:50,06h 00m,02:50,3.5,1300,4,A/C Sleeper (2+1)
https://www.redbus.in/bus-tickets/kozhikode-to-mysore,Kozhikode to Mysore,PADIKKAL TRAVELS PRIVATE LIMITED,20:50,06h 00m,02:50,3.5,1260,11,A/C Sleeper (2+1)
https://www.redbus.in/bus-tickets/kozhikode-to-mysore,Kozhikode to Mysore,Sam Tourist,21:00,07h 00m,04:00,2.8,899,32,NON AC Seater / Sleeper 2+1
https://www.redbus.in/bus-tickets/mysore-to-kozhikode,Mysore to Kozhikode,Cochin Bus,17:50,06h 08m,23:58,4.5,800,2,Bharat Benz A/C Sleeper (2+1)
https://www.redbus.in/bus-tickets/mysore-to-kozhikode,Mysore to Kozhikode,Suraj Holidays,23:00,07h 00m,06:00,4.3,649,22,NON A/C Seater/ Sleeper (2+1)
https://www.redbus.in/bus-tickets/mysore-to-kozhikode,Mysore to Kozhikode,NS Transports,23:57,06h 33m,06:30,4.1,649,15,NON A/C Semi Sleeper / Sleeper (2+1)
https://www.redbus.in/bus-tickets/mysore-to-kozhikode,Mysore to Kozhikode,ESTEEM TOURS & TRAVELS,23:59,06h 56m,06:55,4.5,720,6,Bharat Benz A/C Seater /Sleeper (2+1)
https://www.redbus.in/bus-tickets/mysore-to-kozhikode,Mysore to Kozhikode,NS Transports,23:59,06h 11m,06:10,4.1,649,10,NON A/C Semi Sleeper / Sleeper (2+1)
https://www.redbus.in/bus-tickets/mysore-to-kozhikode,Mysore to Kozhikode,National travels and logistics,00:40,05h 50m,06:30,3.6,649,19,NON A/C Sleeper (2+1)
https://www.redbus.in/bus-tickets/mysore-to-kozhikode,Mysore to Kozhikode,Sam Tourist,00:45,06h 20m,07:05,3.6,599,32,NON AC Seater / Sleeper 2+1
https://www.redbus.in/bus-tickets/mysore-to-kozhikode,Mysore to Kozhikode,Galaxy Tours,01:00,05h 30m,06:30,3.0,649,18,A/C Seater/Sleeper (2+1)
https://www.redbus.in/bus-tickets/mysore-to-kozhikode,Mysore to Kozhikode,Kottamala Tour And Travels,17:30,06h 00m,23:30,3.5,499,37,A/C Semi Sleeper (2+2)
https://www.redbus.in/bus-tickets/mysore-to-kozhikode,Mysore to Kozhikode,CITI TOURS,21:30,06h 30m,04:00,1.8,750,36,VE A/C Seater / Sleeper (2+1)
https://www.redbus.in/bus-tickets/mysore-to-kozhikode,Mysore to Kozhikode,A1 Travels,23:40,07h 05m,06:45,1.8,500,42,NON A/C Seater / Sleeper (3+1)
https://www.redbus.in/bus-tickets/mysore-to-kozhikode,Mysore to Kozhikode,A1 Travels,23:45,06h 45m,06:30,1.4,600,30,A/C Seater / Sleeper (2+1)
https://www.redbus.in/bus-tickets/mysore-to-kozhikode,Mysore to Kozhikode,SKS Tourist Corporation (REGD),23:55,06h 05m,06:00,2.1,599,20,Non A/C Seater / Sleeper (2+1)
https://www.redbus.in/bus-tickets/mysore-to-kozhikode,Mysore to Kozhikode,Kallada Travels (Suresh Kallada),16:30,06h 15m,22:45,3.5,900,12,A/C Sleeper (2+1)
https://www.redbus.in/bus-tickets/mysore-to-kozhikode,Mysore to Kozhikode,LIYAS TOURS,17:25,05h 50m,23:15,4.5,1749,11,Bharat Benz A/C Sleeper (2+1)
https://www.redbus.in/bus-tickets/mysore-to-kozhikode,Mysore to Kozhikode,A1 Travels,17:30,06h 00m,23:30,3.6,1600,18,Bharat Benz A/C Sleeper (2+1)
https://www.redbus.in/bus-tickets/mysore-to-kozhikode,Mysore to Kozhikode,SKS Tours & Travels,23:59,05h 41m,05:40,4.5,899,14,A/C Sleeper (2+1)
https://www.redbus.in/bus-tickets/kozhikode-to-thrissur,Kozhikode to Thrissur,Galaxy Tours,21:45,03h 00m,00:45,3.0,1049,16,2+1 Air Suspension A/C Seater / Sleeper
https://www.redbus.in/bus-tickets/kozhikode-to-thrissur,Kozhikode to Thrissur,BLM Transports,22:00,03h 00m,01:00,3.3,1098,13,A/C Sleeper (2+1)
https://www.redbus.in/bus-tickets/kozhikode-to-thrissur,Kozhikode to Thrissur,EMERALD TRAVELS,22:10,02h 20m,00:30,3.0,2000,2,A/C Sleeper (2+1)
https://www.redbus.in/bus-tickets/kozhikode-to-thrissur,Kozhikode to Thrissur,Madhavi Travels,22:20,02h 55m,01:15,4.0,1999,1,A/C Sleeper (2+1)
https://www.redbus.in/bus-tickets/kozhikode-to-thrissur,Kozhikode to Thrissur,CITI TOURS,22:30,02h 30m,01:00,3.2,949,21,Bharat Benz A/C Semi Sleeper (2+2)
https://www.redbus.in/bus-tickets/kozhikode-to-thrissur,Kozhikode to Thrissur,Galaxy Tours,22:30,03h 00m,01:30,3.0,1500,42,Volvo Multi-Axle B9R A/c Semi Sleeper (2+2)
https://www.redbus.in/bus-tickets/kozhikode-to-thrissur,Kozhikode to Thrissur,CITI TOURS,22:45,02h 45m,01:30,3.2,1000,14,Bharat Benz A/C Sleeper (2+1)
https://www.redbus.in/bus-tickets/kozhikode-to-thrissur,Kozhikode to Thrissur,Kallada Travels (Suresh Kallada),22:45,02h 25m,01:10,3.0,1150,4,A/C Sleeper (2+1)
https://www.redbus.in/bus-tickets/kozhikode-to-thrissur,Kozhikode to Thrissur,Kalpaka Travels 1,23:00,01h 30m,00:30,4.0,1500,5,A/C Sleeper (2+1)
https://www.redbus.in/bus-tickets/kozhikode-to-thrissur,Kozhikode to Thrissur,EMERALD TRAVELS,23:00,01h 35m,00:35,3.0,1100,35,Bharat Benz A/C Seater (2+2)
https://www.redbus.in/bus-tickets/kozhikode-to-thrissur,Kozhikode to Thrissur,Jacobs Travels,23:15,02h 05m,01:20,3.3,1199,14,A/C Sleeper (2+1)
https://www.redbus.in/bus-tickets/kozhikode-to-thrissur,Kozhikode to Thrissur,Madhavi Travels,23:30,02h 25m,01:55,4.0,1499,17,Volvo Multi-Axle I-Shift B11R Semi Sleeper (2+2)
https://www.redbus.in/bus-tickets/kozhikode-to-thrissur,Kozhikode to Thrissur,A1 Travels,23:30,02h 00m,01:30,3.2,1200,2,Bharat Benz A/C Sleeper (2+1)
https://www.redbus.in/bus-tickets/kozhikode-to-thrissur,Kozhikode to Thrissur,Madhavi Travels,23:40,03h 10m,02:50,4.0,1099,10,A/C Sleeper (2+1)
https://www.redbus.in/bus-tickets/kozhikode-to-thrissur,Kozhikode to Thrissur,UFO Bus,23:55,03h 35m,03:30,4.2,799,6,Volvo Multi-Axle B9R A/c Semi Sleeper (2+2)
https://www.redbus.in/bus-tickets/kozhikode-to-thrissur,Kozhikode to Thrissur,UFO Bus,23:55,03h 35m,03:30,4.2,699,17,A/C Seater Push Back (2+2)
https://www.redbus.in/bus-tickets/kozhikode-to-thrissur,Kozhikode to Thrissur,Shajees Motors,23:58,02h 52m,02:50,3.8,800,36,A/C Semi Sleeper (2+2)
https://www.redbus.in/bus-tickets/kozhikode-to-thrissur,Kozhikode to Thrissur,Cochin Bus,23:59,03h 11m,03:10,4.4,800,1,Bharat Benz A/C Sleeper (2+1)
https://www.redbus.in/bus-tickets/kozhikode-to-thrissur,Kozhikode to Thrissur,Arya Travels,23:59,03h 16m,03:15,3.1,1245,16,A/C Sleeper (2+1)
https://www.redbus.in/bus-tickets/kozhikode-to-thrissur,Kozhikode to Thrissur,Cochin Bus,23:59,03h 31m,03:30,4.4,700,49,Volvo Multi-Axle B9R A/c Semi Sleeper (2+2)
https://www.redbus.in/bus-tickets/kozhikode-to-thrissur,Kozhikode to Thrissur,Madhavi Travels,23:59,03h 36m,03:35,4.0,999,13,A/C Sleeper (2+1)
https://www.redbus.in/bus-tickets/kozhikode-to-thrissur,Kozhikode to Thrissur,SONIA LUXURY LINES,23:59,02h 31m,02:30,3.5,799,4,VE A/C Seater / Sleeper (2+1)
https://www.redbus.in/bus-tickets/kozhikode-to-thrissur,Kozhikode to Thrissur,Sona Travels,23:59,04h 31m,04:30,3.2,750,36,Volvo Multi-Axle B9R A/c Semi Sleeper (2+2)
https://www.redbus.in/bus-tickets/kozhikode-to-thrissur,Kozhikode to Thrissur,Kalpaka Travels 1,23:59,03h 41m,03:40,4.0,700,29,A/C Semi Sleeper (2+2)
https://www.redbus.in/bus-tickets/kozhikode-to-thrissur,Kozhikode to Thrissur,UFO Bus,00:20,03h 10m,03:30,4.2,799,6,Volvo A/C Semi Sleeper (2+2)
https://www.redbus.in/bus-tickets/kozhikode-to-thrissur,Kozhikode to Thrissur,Crownline Travels,01:30,03h 05m,04:35,4.0,1350,21,A/C Sleeper (2+1)
https://www.redbus.in/bus-tickets/kozhikode-to-thrissur,Kozhikode to Thrissur,KP Travels,22:30,03h 00m,01:30,2.7,1699,4,Volvo A/C Semi Sleeper (2+2 )
https://www.redbus.in/bus-tickets/kozhikode-to-thrissur,Kozhikode to Thrissur,KP Travels,22:30,03h 00m,01:30,2.7,1299,16,Bharat Benz A/C Semi Sleeper (2+2)
https://www.redbus.in/bus-tickets/thrissur-to-kozhikode,Thrissur to Kozhikode,Crownline Travels,22:15,01h 30m,23:45,4.0,1099,23,A/C Sleeper (2+1)
https://www.redbus.in/bus-tickets/thrissur-to-kozhikode,Thrissur to Kozhikode,Ubc travels,22:20,02h 25m,00:45,3.8,1100,45,A/C Seater/Sleeper (2+1)
https://www.redbus.in/bus-tickets/thrissur-to-kozhikode,Thrissur to Kozhikode,Adrin Travels,22:30,02h 25m,00:55,4.1,1200,25,Bharat Benz A/C Seater /Sleeper (2+1)
https://www.redbus.in/bus-tickets/thrissur-to-kozhikode,Thrissur to Kozhikode,Kallada Travels (Suresh Kallada),22:31,02h 54m,01:25,3.0,1500,9,A/C Sleeper (2+1)
https://www.redbus.in/bus-tickets/thrissur-to-kozhikode,Thrissur to Kozhikode,Sheraton Tours and Travels,23:00,02h 45m,01:45,4.4,700,40,Bharat Benz A/C Seater /Sleeper (2+1)
https://www.redbus.in/bus-tickets/thrissur-to-kozhikode,Thrissur to Kozhikode,Adrin Travels,23:05,02h 55m,02:00,4.1,1000,29,A/C Seater/Sleeper (2+1)
https://www.redbus.in/bus-tickets/thrissur-to-kozhikode,Thrissur to Kozhikode,Madhavi Travels,23:20,02h 55m,02:15,4.0,699,20,A/C Semi Sleeper (2+2)
https://www.redbus.in/bus-tickets/thrissur-to-kozhikode,Thrissur to Kozhikode,Ubc travels,23:20,02h 25m,01:45,3.8,1100,45,Bharat Benz A/C Seater /Sleeper (2+1)
https://www.redbus.in/bus-tickets/thrissur-to-kozhikode,Thrissur to Kozhikode,SONIA LUXURY LINES,23:20,03h 10m,02:30,3.5,799,13,VE A/C Seater / Sleeper (2+1)
https://www.redbus.in/bus-tickets/thrissur-to-kozhikode,Thrissur to Kozhikode,Madhavi Travels,23:20,02h 35m,01:55,4.0,1099,7,A/C Sleeper (2+1)
https://www.redbus.in/bus-tickets/thrissur-to-kozhikode,Thrissur to Kozhikode,Madhavi Travels,23:20,04h 15m,03:35,4.0,749,29,A/C Semi Sleeper (2+2)
https://www.redbus.in/bus-tickets/thrissur-to-kozhikode,Thrissur to Kozhikode,UFO Bus,23:25,03h 35m,03:00,4.2,649,47,Volvo Multi-Axle B9R A/c Semi Sleeper (2+2)
https://www.redbus.in/bus-tickets/thrissur-to-kozhikode,Thrissur to Kozhikode,UFO Bus,23:30,03h 15m,02:45,4.2,899,20,A/C Sleeper (2+1)
https://www.redbus.in/bus-tickets/thrissur-to-kozhikode,Thrissur to Kozhikode,Cochin Bus,23:30,03h 00m,02:30,4.4,730,6,Volvo Multi-Axle B9R A/c Semi Sleeper (2+2)
https://www.redbus.in/bus-tickets/thrissur-to-kozhikode,Thrissur to Kozhikode,Madhavi Travels,23:30,03h 30m,03:00,4.0,1299,25,A/C Sleeper (2+1)
https://www.redbus.in/bus-tickets/thrissur-to-kozhikode,Thrissur to Kozhikode,Global Transport,23:30,03h 05m,02:35,3.1,550,29,A/C Semi Sleeper (2+2)
https://www.redbus.in/bus-tickets/thrissur-to-kozhikode,Thrissur to Kozhikode,Cochin Bus,23:40,02h 50m,02:30,4.4,900,1,A/C Sleeper (2+1)
https://www.redbus.in/bus-tickets/thrissur-to-kozhikode,Thrissur to Kozhikode,Kalpaka Travels 1,23:40,02h 50m,02:30,4.0,800,28,A/C Sleeper (2+1)
https://www.redbus.in/bus-tickets/thrissur-to-kozhikode,Thrissur to Kozhikode,Madhavi Travels,23:40,02h 35m,02:15,4.0,899,20,A/C Sleeper (2+1)
https://www.redbus.in/bus-tickets/thrissur-to-kozhikode,Thrissur to Kozhikode,UFO Bus,23:40,03h 05m,02:45,4.2,649,43,Volvo Multi-Axle B9R A/c Semi Sleeper (2+2)
https://www.redbus.in/bus-tickets/thrissur-to-kozhikode,Thrissur to Kozhikode,PSK Travels,23:45,02h 30m,02:15,3.4,990,35,Volvo Multi-Axle A/C Semi Sleeper (2+2)
https://www.redbus.in/bus-tickets/thrissur-to-kozhikode,Thrissur to Kozhikode,Kallada Travels (Suresh Kallada),23:50,0-21h 0-50m,03:00,3.0,1200,5,A/C Sleeper (2+1)
https://www.redbus.in/bus-tickets/thrissur-to-kozhikode,Thrissur to Kozhikode,Cochin Bus,23:50,02h 55m,02:45,4.4,730,2,Bharat Benz A/C Seater /Sleeper (2+1)
https://www.redbus.in/bus-tickets/thrissur-to-kozhikode,Thrissur to Kozhikode,SG Travels,23:50,02h 40m,02:30,4.7,1000,4,Bharat Benz A/C Sleeper (2+1)
https://www.redbus.in/bus-tickets/thrissur-to-kozhikode,Thrissur to Kozhikode,Kalpaka Travels 1,23:55,03h 05m,03:00,4.0,600,4,A/C Semi Sleeper (2+2)
https://www.redbus.in/bus-tickets/thrissur-to-kozhikode,Thrissur to Kozhikode,Arya Travels,23:59,03h 16m,03:15,3.1,995,22,A/C Sleeper (2+1)
https://www.redbus.in/bus-tickets/thrissur-to-kozhikode,Thrissur to Kozhikode,EMERALD TRAVELS,00:00,04h 00m,04:00,3.0,699,41,Volvo Multi-Axle A/C Semi Sleeper (2+2)
https://www.redbus.in/bus-tickets/thrissur-to-kozhikode,Thrissur to Kozhikode,EMERALD TRAVELS,02:30,02h 00m,04:30,3.0,900,24,Bharat Benz A/C Semi Sleeper (2+2)
https://www.redbus.in/bus-tickets/thrissur-to-kozhikode,Thrissur to Kozhikode,Galaxy Tours,02:45,03h 15m,06:00,3.0,899,36,2+1 Air Suspension A/C Seater / Sleeper
https://www.redbus.in/bus-tickets/thrissur-to-kozhikode,Thrissur to Kozhikode,Galaxy Tours,02:45,03h 15m,06:00,3.0,899,30,A/C Semi Sleeper (2+2)
https://www.redbus.in/bus-tickets/thrissur-to-kozhikode,Thrissur to Kozhikode,Arya Plus Connect,23:45,02h 15m,02:00,2.9,750,11,A/C Seater/Sleeper (2+1)
https://www.redbus.in/bus-tickets/bangalore-to-kannur,Bangalore to Kannur (Kerala),GOLDEN TRAVEL AGENCIES,22:45,06h 00m,04:45,4.4,899,26,Volvo A/C Semi Sleeper (2+2)
https://www.redbus.in/bus-tickets/bangalore-to-kannur,Bangalore to Kannur (Kerala),Ashoka Travel and Logistics,21:45,07h 45m,05:30,4.3,1000,7,A/C Sleeper (2+1)
https://www.redbus.in/bus-tickets/bangalore-to-kannur,Bangalore to Kannur (Kerala),NS Transports,22:00,07h 55m,05:55,4.2,649,5,Non A/C Seater / Sleeper (2+1)
https://www.redbus.in/bus-tickets/bangalore-to-kannur,Bangalore to Kannur (Kerala),GOLDEN TRAVEL AGENCIES,21:30,07h 45m,05:15,4.4,899,12,A/C Sleeper (2+1)
https://www.redbus.in/bus-tickets/bangalore-to-kannur,Bangalore to Kannur (Kerala),MMK Travels,22:15,07h 15m,05:30,4.0,700,19,VE A/C Seater / Sleeper (2+1)
https://www.redbus.in/bus-tickets/bangalore-to-kannur,Bangalore to Kannur (Kerala),National travels and logistics,22:40,07h 05m,05:45,4.0,599,16,Non A/C Seater / Sleeper (2+1)
https://www.redbus.in/bus-tickets/bangalore-to-kannur,Bangalore to Kannur (Kerala),Kalpaka Travels,22:10,06h 50m,05:00,4.1,1000,10,A/C Sleeper (2+1)
https://www.redbus.in/bus-tickets/bangalore-to-kannur,Bangalore to Kannur (Kerala),Kalpaka Travels,22:00,07h 00m,05:00,4.0,699,19,NON A/C Seater/ Sleeper (2+1)
https://www.redbus.in/bus-tickets/bangalore-to-kannur,Bangalore to Kannur (Kerala),GOLDEN TRAVEL AGENCIES,22:00,06h 55m,04:55,4.0,899,8,A/C Sleeper (2+1)
https://www.redbus.in/bus-tickets/bangalore-to-kannur,Bangalore to Kannur (Kerala),Kalpaka Travels,21:45,07h 35m,05:20,3.9,699,13,NON A/C Seater/ Sleeper (2+1)
https://www.redbus.in/bus-tickets/bangalore-to-kannur,Bangalore to Kannur (Kerala),Kalpaka Travels,22:00,08h 10m,06:10,3.2,699,27,NON A/C Seater/ Sleeper (2+1)
https://www.redbus.in/bus-tickets/bangalore-to-kannur,Bangalore to Kannur (Kerala),Sugama Tourist,22:00,07h 30m,05:30,3.8,800,14,A/C Sleeper (2+1)
https://www.redbus.in/bus-tickets/bangalore-to-kannur,Bangalore to Kannur (Kerala),GOLDEN TRAVEL AGENCIES,22:30,06h 15m,04:45,3.8,799,15,NON A/C Sleeper (2+1)
https://www.redbus.in/bus-tickets/bangalore-to-kannur,Bangalore to Kannur (Kerala),Ashoka Travel and Logistics,22:00,07h 30m,05:30,3.9,550,15,NON A/C Semi Sleeper (2+2)
https://www.redbus.in/bus-tickets/bangalore-to-kannur,Bangalore to Kannur (Kerala),Ashoka Travel and Logistics,22:30,07h 15m,05:45,3.8,700,23,A/C Semi Sleeper (2+2)
https://www.redbus.in/bus-tickets/bangalore-to-kannur,Bangalore to Kannur (Kerala),DLT BUS,22:30,07h 30m,06:00,4.3,999,11,A/C Sleeper (2+1)
https://www.redbus.in/bus-tickets/bangalore-to-kannur,Bangalore to Kannur (Kerala),Sri Sugam Bus Tours and Travels,23:30,07h 15m,06:45,3.8,809,22,A/C Sleeper (2+1)
https://www.redbus.in/bus-tickets/bangalore-to-kannur,Bangalore to Kannur (Kerala),GOLDEN TRAVEL AGENCIES,22:15,06h 45m,05:00,3.3,649,31,Non A/C Seater / Sleeper (2+1)
https://www.redbus.in/bus-tickets/bangalore-to-kannur,Bangalore to Kannur (Kerala),National travels and logistics,22:30,07h 00m,05:30,3.2,799,15,Bharat Benz A/C Sleeper (2+1)
https://www.redbus.in/bus-tickets/bangalore-to-kannur,Bangalore to Kannur (Kerala),Arya Travels,22:15,07h 00m,05:15,3.1,1095,6,A/C Sleeper (2+1)
https://www.redbus.in/bus-tickets/bangalore-to-kannur,Bangalore to Kannur (Kerala),P K Travels,22:00,07h 00m,05:00,4.4,700,20,Non A/C Seater / Sleeper (2+1)
https://www.redbus.in/bus-tickets/bangalore-to-kannur,Bangalore to Kannur (Kerala),NS Transports,22:45,06h 15m,05:00,3.7,649,15,NON A/C Semi Sleeper / Sleeper (2+1)
https://www.redbus.in/bus-tickets/bangalore-to-kannur,Bangalore to Kannur (Kerala),Rukma Travels,21:30,07h 30m,05:00,3.4,749,31,A/C Seater/Sleeper (2+1)
https://www.redbus.in/bus-tickets/bangalore-to-kannur,Bangalore to Kannur (Kerala),P K Travels,22:15,07h 15m,05:30,3.1,850,20,A/C Sleeper (2+1)
https://www.redbus.in/bus-tickets/bangalore-to-kannur,Bangalore to Kannur (Kerala),Silver Line Travels,21:30,07h 30m,05:00,4.1,849,19,A/C Sleeper (2+1)
https://www.redbus.in/bus-tickets/bangalore-to-kannur,Bangalore to Kannur (Kerala),NS Transports,23:00,06h 00m,05:00,3.6,2499,36,VE A/C Sleeper (2+1)
https://www.redbus.in/bus-tickets/bangalore-to-kannur,Bangalore to Kannur (Kerala),Servosonic Travels,22:00,07h 40m,05:40,2.9,550,37,A/C Seater (2+2)
https://www.redbus.in/bus-tickets/kolkata-to-siliguri,Kolkata to Siliguri,SBSTC-KOLKATA - SILIGURI - VOLVO - 20:05 SPL FARE - SLGVOLSPL1-U/20-05,20:05,12h 00m,08:05,4.1,910,11,Volvo A/C (2+2)
https://www.redbus.in/bus-tickets/kolkata-to-siliguri,Kolkata to Siliguri,Easy Ride,20:30,12h 55m,09:25,4.7,1800,21,Volvo 9600 Multi-Axle A/C Sleeper (2+1)
https://www.redbus.in/bus-tickets/kolkata-to-siliguri,Kolkata to Siliguri,Raipur Cruiser,17:45,13h 45m,07:30,4.7,1377,19,Volvo 9600 Multi-Axle A/C Sleeper (2+1)
https://www.redbus.in/bus-tickets/kolkata-to-siliguri,Kolkata to Siliguri,AdShyamoli Paribahan Pvt Ltd,20:00,13h 00m,09:00,3.9,1960,25,Volvo 9600 Multi-Axle A/C Sleeper (2+1)
https://www.redbus.in/bus-tickets/kolkata-to-siliguri,Kolkata to Siliguri,Easy Ride,18:30,12h 55m,07:25,4.7,1800,20,Volvo 9600 Multi-Axle A/C Sleeper (2+1)
https://www.redbus.in/bus-tickets/kolkata-to-siliguri,Kolkata to Siliguri,Easy Ride,19:50,12h 55m,08:45,4.6,1800,27,Volvo 9600 Multi-Axle A/C Sleeper (2+1)
https://www.redbus.in/bus-tickets/kolkata-to-siliguri,Kolkata to Siliguri,Shyamoli Paribahan Pvt Ltd,18:00,12h 50m,06:50,4.6,1950,19,Volvo 9600 Multi-Axle A/C Sleeper (2+1)
https://www.redbus.in/bus-tickets/kolkata-to-siliguri,Kolkata to Siliguri,AdExpress Line,18:30,13h 10m,07:40,4.3,1499,14,Volvo 9600 Multi-Axle A/C Sleeper (2+1)
https://www.redbus.in/bus-tickets/kolkata-to-siliguri,Kolkata to Siliguri,Shyamoli Paribahan Pvt Ltd,19:15,13h 00m,08:15,4.6,1920,18,Volvo 9600 Multi-Axle A/C Sleeper (2+1)
https://www.redbus.in/bus-tickets/kolkata-to-siliguri,Kolkata to Siliguri,Greenline,19:00,13h 15m,08:15,4.5,1500,19,Volvo 9600 Multi-Axle A/C Sleeper (2+1)
https://www.redbus.in/bus-tickets/kolkata-to-siliguri,Kolkata to Siliguri,Rubi Paribahan  ,18:45,13h 15m,08:00,4.5,1200,29,Volvo 9600 A/C Seater/Sleeper (2+1)
https://www.redbus.in/bus-tickets/kolkata-to-siliguri,Kolkata to Siliguri,Rubi Paribahan  ,19:30,12h 00m,07:30,4.7,1200,35,Volvo Multi Axle B11R AC Seater\Sleeper (2+1)
https://www.redbus.in/bus-tickets/kolkata-to-siliguri,Kolkata to Siliguri,Greenline,18:30,13h 00m,07:30,4.5,1500,17,Volvo 9600 Multi-Axle A/C Sleeper (2+1)
https://www.redbus.in/bus-tickets/kolkata-to-siliguri,Kolkata to Siliguri,Raipur Cruiser,20:30,12h 50m,09:20,4.6,1200,44,Volvo 9600 Multi Axle Semi-Sleeper (2+2)
https://www.redbus.in/bus-tickets/kolkata-to-siliguri,Kolkata to Siliguri,Shyamoli Paribahan Pvt Ltd,18:30,13h 15m,07:45,4.3,1500,29,Volvo Multi-Axle A/C seater/sleeper (2+1)
https://www.redbus.in/bus-tickets/kolkata-to-siliguri,Kolkata to Siliguri,Easy Ride,19:15,12h 55m,08:10,4.4,1800,24,Volvo 9600 Multi-Axle A/C Sleeper (2+1)
https://www.redbus.in/bus-tickets/kolkata-to-siliguri,Kolkata to Siliguri,Raipur Cruiser,19:45,12h 45m,08:30,4.5,1200,49,Volvo 9600 Multi Axle Semi-Sleeper (2+2)
https://www.redbus.in/bus-tickets/kolkata-to-siliguri,Kolkata to Siliguri,Shyamoli Paribahan Pvt Ltd,21:00,13h 00m,10:00,4.2,1440,50,Volvo Multi-Axle A/C seater/sleeper (2+1)
https://www.redbus.in/bus-tickets/kolkata-to-siliguri,Kolkata to Siliguri,Express Line,20:00,12h 55m,08:55,4.1,1199,40,Volvo 9600 A/C Seater/Sleeper (2+1)
https://www.redbus.in/bus-tickets/kolkata-to-siliguri,Kolkata to Siliguri,Rubi Paribahan  ,19:00,12h 30m,07:30,4.2,1500,9,Volvo 9600 Multi-Axle A/C Sleeper (2+1)
https://www.redbus.in/bus-tickets/kolkata-to-siliguri,Kolkata to Siliguri,Lokenath Bus Service,18:15,12h 15m,06:30,4.1,1199,35,Volvo Multi-Axle A/C Seater/Sleeper (2+1)
https://www.redbus.in/bus-tickets/kolkata-to-siliguri,Kolkata to Siliguri,Modern Travels,19:30,12h 45m,08:15,4.1,1790,15,Bharat Benz A/C Sleeper (2+1)
https://www.redbus.in/bus-tickets/kolkata-to-siliguri,Kolkata to Siliguri,Express Line,20:30,13h 10m,09:40,4.1,1499,24,Volvo 9600 Multi-Axle A/C Sleeper (2+1)
https://www.redbus.in/bus-tickets/kolkata-to-siliguri,Kolkata to Siliguri,Aitiana Airwings,18:30,13h 00m,07:30,4.1,1499,13,Volvo Multi-Axle Sleeper A/C (2+1)
https://www.redbus.in/bus-tickets/kolkata-to-siliguri,Kolkata to Siliguri,Lokenath Bus Service,21:15,12h 00m,09:15,4.2,1199,35,Volvo A/C Seater (2+2)
https://www.redbus.in/bus-tickets/kolkata-to-siliguri,Kolkata to Siliguri,Lokenath Bus Service,20:20,12h 30m,08:50,3.9,1199,39,Volvo A/C B11R Multi Axle Semi Sleeper (2+2)
https://www.redbus.in/bus-tickets/kolkata-to-siliguri,Kolkata to Siliguri,Poulami Paribahan,17:45,12h 45m,06:30,4.1,1299,41,Volvo Multi-Axle A/C seater/sleeper (2+1)
https://www.redbus.in/bus-tickets/kolkata-to-siliguri,Kolkata to Siliguri,Aitiana Airwings,18:00,13h 30m,07:30,4.0,1200,10,Benz A/C Sleeper (2+1)
https://www.redbus.in/bus-tickets/kolkata-to-siliguri,Kolkata to Siliguri,Aitiana Airwings,19:00,12h 45m,07:45,4.3,1499,14,Volvo Multi-Axle A/C Sleeper (2+1)
https://www.redbus.in/bus-tickets/kolkata-to-siliguri,Kolkata to Siliguri,Prarthana Bus Service,17:40,14h 20m,08:00,3.4,1200,44,A/C Seater / Sleeper (2+1)
https://www.redbus.in/bus-tickets/kolkata-to-siliguri,Kolkata to Siliguri,Royal Cruiser,18:00,13h 00m,07:00,3.3,899,44,Scania Multi-Axle AC Semi Sleeper (2+2)
https://www.redbus.in/bus-tickets/kolkata-to-siliguri,Kolkata to Siliguri,Modern Travels,18:35,12h 40m,07:15,4.1,1550,17,Bharat Benz A/C Sleeper (2+1)
https://www.redbus.in/bus-tickets/kolkata-to-siliguri,Kolkata to Siliguri,Maulik Paribahan,18:30,13h 15m,07:45,2.3,900,58,A/C Seater / Sleeper (2+2)
https://www.redbus.in/bus-tickets/kolkata-to-siliguri,Kolkata to Siliguri,Aradhana Bus Service,16:45,14h 15m,07:00,2.0,750,36,NON A/C Seater / Sleeper (2+2)
https://www.redbus.in/bus-tickets/kolkata-to-siliguri,Kolkata to Siliguri,Maa Durga Bus Service (SNT),17:00,13h 00m,06:00,3.3,800,35,A/C Seater / Sleeper (2+1)
https://www.redbus.in/bus-tickets/kolkata-to-siliguri,Kolkata to Siliguri,RAYAN,18:20,12h 40m,07:00,4.2,850,36,Bharat Benz A/C Seater /Sleeper (2+1)
https://www.redbus.in/bus-tickets/kolkata-to-siliguri,Kolkata to Siliguri,Express Line,21:00,13h 10m,10:10,3.7,1199,51,Volvo 9600 Multi Axle Semi-Sleeper (2+2)
https://www.redbus.in/bus-tickets/kolkata-to-siliguri,Kolkata to Siliguri,Lokenath (Maa Tara),15:45,14h 30m,06:15,3.0,600,5,NON A/C Seater / Sleeper (2+2)
https://www.redbus.in/bus-tickets/kolkata-to-siliguri,Kolkata to Siliguri,Maa Durga Bus Service,19:00,14h 00m,09:00,2.4,600,14,NON A/C Seater / Sleeper (2+2)
https://www.redbus.in/bus-tickets/kolkata-to-siliguri,Kolkata to Siliguri,Shantanu Travels,17:00,15h 00m,08:00,2.6,600,37,NON A/C Seater / Sleeper (2+2)
https://www.redbus.in/bus-tickets/kolkata-to-siliguri,Kolkata to Siliguri,Annesha Travels,17:30,13h 30m,07:00,1.6,700,32,NON A/C Seater / Sleeper (2+2)
https://www.redbus.in/bus-tickets/siliguri-to-kolkata,Siliguri to Kolkata,SBSTC-SILIGURI - KOLKATA - VOLVO - 19:35 SPL FARE - SLGVOLSPL1-D/19-35,19:35,12h 00m,07:35,3.9,910,13,Volvo A/C (2+2)
https://www.redbus.in/bus-tickets/siliguri-to-kolkata,Siliguri to Kolkata,Easy Ride,20:30,12h 55m,09:25,4.8,1500,31,Volvo 9600 Multi-Axle A/C Sleeper (2+1)
https://www.redbus.in/bus-tickets/siliguri-to-kolkata,Siliguri to Kolkata,Easy Ride,18:30,12h 55m,07:25,4.7,1600,23,Volvo 9600 Multi-Axle A/C Sleeper (2+1)
https://www.redbus.in/bus-tickets/siliguri-to-kolkata,Siliguri to Kolkata,AdShyamoli Paribahan Pvt Ltd,20:30,13h 00m,09:30,4.2,1200,31,Volvo 9600 A/C Seater/Sleeper (2+1)
https://www.redbus.in/bus-tickets/siliguri-to-kolkata,Siliguri to Kolkata,Raipur Cruiser,18:00,12h 40m,06:40,4.6,1500,6,Volvo 9600 Multi-Axle A/C Sleeper (2+1)
https://www.redbus.in/bus-tickets/siliguri-to-kolkata,Siliguri to Kolkata,Modern Travels,19:40,12h 00m,07:40,4.6,1730,8,Bharat Benz A/C Sleeper (2+1)
https://www.redbus.in/bus-tickets/siliguri-to-kolkata,Siliguri to Kolkata,Greenline,18:30,13h 00m,07:30,4.6,1500,5,Volvo 9600 Multi-Axle A/C Sleeper (2+1)
https://www.redbus.in/bus-tickets/siliguri-to-kolkata,Siliguri to Kolkata,AdExpress Line,18:30,12h 40m,07:10,4.3,1499,10,Volvo 9600 Multi-Axle A/C Sleeper (2+1)
https://www.redbus.in/bus-tickets/siliguri-to-kolkata,Siliguri to Kolkata,Easy Ride,19:50,12h 55m,08:45,4.6,1500,41,Volvo 9600 Multi-Axle A/C Sleeper (2+1)
https://www.redbus.in/bus-tickets/siliguri-to-kolkata,Siliguri to Kolkata,Express Line,20:00,12h 30m,08:30,4.5,1199,31,Volvo 9600 A/C Seater/Sleeper (2+1)
https://www.redbus.in/bus-tickets/siliguri-to-kolkata,Siliguri to Kolkata,Express Line,18:15,12h 50m,07:05,4.6,1199,39,Volvo 9600 Multi Axle Semi-Sleeper (2+2)
https://www.redbus.in/bus-tickets/siliguri-to-kolkata,Siliguri to Kolkata,Easy Ride,20:45,12h 55m,09:40,4.7,1500,30,Volvo 9600 Multi-Axle A/C Sleeper (2+1)
https://www.redbus.in/bus-tickets/siliguri-to-kolkata,Siliguri to Kolkata,Shyamoli Paribahan Pvt Ltd,19:15,12h 50m,08:05,4.5,1648,18,Volvo 9600 Multi-Axle A/C Sleeper (2+1)
https://www.redbus.in/bus-tickets/siliguri-to-kolkata,Siliguri to Kolkata,Lokenath Bus Service,19:15,12h 30m,07:45,4.4,1499,18,Volvo 9600 Multi-Axle A/C Sleeper (2+1)
https://www.redbus.in/bus-tickets/siliguri-to-kolkata,Siliguri to Kolkata,Greenline,18:00,13h 00m,07:00,4.4,1500,19,Volvo 9600 Multi-Axle A/C Sleeper (2+1)
https://www.redbus.in/bus-tickets/siliguri-to-kolkata,Siliguri to Kolkata,Aitiana Airwings,18:00,13h 30m,07:30,4.4,1200,17,Benz A/C Sleeper (2+1)
https://www.redbus.in/bus-tickets/siliguri-to-kolkata,Siliguri to Kolkata,Rubi Paribahan  ,20:00,12h 45m,08:45,4.4,1200,24,Volvo 9600 A/C Seater/Sleeper (2+1)
https://www.redbus.in/bus-tickets/siliguri-to-kolkata,Siliguri to Kolkata,Shyamoli Paribahan Pvt Ltd,18:00,12h 05m,06:05,4.3,1648,16,Volvo 9600 Multi-Axle A/C Sleeper (2+1)
https://www.redbus.in/bus-tickets/siliguri-to-kolkata,Siliguri to Kolkata,Raipur Cruiser,18:30,12h 45m,07:15,4.5,1200,47,Volvo 9600 Multi Axle Semi-Sleeper (2+2)
https://www.redbus.in/bus-tickets/siliguri-to-kolkata,Siliguri to Kolkata,Lokenath Bus Service,18:45,12h 00m,06:45,4.2,1199,40,Volvo Multi-Axle A/C Seater/Sleeper (2+1)
https://www.redbus.in/bus-tickets/siliguri-to-kolkata,Siliguri to Kolkata,Shyamoli Paribahan Pvt Ltd,18:30,12h 50m,07:20,4.1,1200,40,Volvo Multi-Axle A/C seater/sleeper (2+1)
https://www.redbus.in/bus-tickets/siliguri-to-kolkata,Siliguri to Kolkata,Aitiana Airwings,19:00,13h 00m,08:00,4.6,1499,13,Volvo Multi-Axle A/C Sleeper (2+1)
https://www.redbus.in/bus-tickets/siliguri-to-kolkata,Siliguri to Kolkata,Rubi Paribahan  ,19:00,12h 30m,07:30,4.4,1499,10,Volvo 9600 Multi-Axle A/C Sleeper (2+1)
https://www.redbus.in/bus-tickets/siliguri-to-kolkata,Siliguri to Kolkata,Express Line,20:30,12h 20m,08:50,4.5,1549,18,Volvo 9600 Multi-Axle A/C Sleeper (2+1)
https://www.redbus.in/bus-tickets/siliguri-to-kolkata,Siliguri to Kolkata,Lokenath Bus Service,17:15,12h 45m,06:00,3.9,1199,36,Volvo A/C Seater (2+2)
https://www.redbus.in/bus-tickets/siliguri-to-kolkata,Siliguri to Kolkata,Lokenath Bus Service,20:30,12h 30m,09:00,3.7,799,29,A/C Seater / Sleeper (2+1)
https://www.redbus.in/bus-tickets/siliguri-to-kolkata,Siliguri to Kolkata,Modern Travels,18:50,12h 20m,07:10,4.2,1550,7,Bharat Benz A/C Sleeper (2+1)
https://www.redbus.in/bus-tickets/siliguri-to-kolkata,Siliguri to Kolkata,Rubi Paribahan  ,19:30,12h 45m,08:15,4.3,1199,31,Volvo Multi Axle B11R AC Seater\Sleeper (2+1)
https://www.redbus.in/bus-tickets/siliguri-to-kolkata,Siliguri to Kolkata,Poulami Paribahan,18:00,12h 45m,06:45,3.9,1299,26,Volvo Multi-Axle A/C seater/sleeper (2+1)
https://www.redbus.in/bus-tickets/siliguri-to-kolkata,Siliguri to Kolkata,Shyamoli Paribahan Pvt Ltd,20:00,12h 50m,08:50,4.4,1500,29,Volvo 9600 Multi-Axle A/C Sleeper (2+1)
https://www.redbus.in/bus-tickets/siliguri-to-kolkata,Siliguri to Kolkata,Raipur Cruiser,21:00,12h 45m,09:45,4.2,1200,42,Volvo 9600 Multi Axle Semi-Sleeper (2+2)
https://www.redbus.in/bus-tickets/siliguri-to-kolkata,Siliguri to Kolkata,Maulik Paribahan,19:00,11h 30m,06:30,2.3,1350,50,A/C Seater / Sleeper (2+2)
https://www.redbus.in/bus-tickets/siliguri-to-kolkata,Siliguri to Kolkata,Aradhana Bus Service,14:30,16h 00m,06:30,2.3,700,33,NON A/C Seater / Sleeper (2+2)
https://www.redbus.in/bus-tickets/siliguri-to-kolkata,Siliguri to Kolkata,Maa Durga Bus Service,18:30,13h 30m,08:00,3.3,600,3,NON AC Seater / Sleeper 2+1
https://www.redbus.in/bus-tickets/siliguri-to-kolkata,Siliguri to Kolkata,Annesha Travels,18:00,13h 00m,07:00,2.6,500,30,NON A/C Seater / Sleeper (2+2)
https://www.redbus.in/bus-tickets/siliguri-to-kolkata,Siliguri to Kolkata,Lokenath (Maa Tara),15:15,14h 30m,05:45,2.6,600,7,NON A/C Seater / Sleeper (2+2)
https://www.redbus.in/bus-tickets/siliguri-to-kolkata,Siliguri to Kolkata,Gopal Travels,20:00,12h 10m,08:10,1.0,1100,65,A/C Seater / Sleeper (2+2)
https://www.redbus.in/bus-tickets/kolkata-to-raiganj,Kolkata to Raiganj,Express Line,18:30,10h 50m,05:20,4.8,1499,15,Volvo 9600 Multi-Axle A/C Sleeper (2+1)
https://www.redbus.in/bus-tickets/kolkata-to-raiganj,Kolkata to Raiganj,Express Line,20:00,10h 30m,06:30,4.6,1199,51,Volvo 9600 A/C Seater/Sleeper (2+1)
https://www.redbus.in/bus-tickets/kolkata-to-raiganj,Kolkata to Raiganj,Shyamoli Paribahan Pvt Ltd,21:00,09h 00m,06:00,4.0,1440,53,Volvo Multi-Axle A/C Seater/Sleeper (2+1)
https://www.redbus.in/bus-tickets/kolkata-to-raiganj,Kolkata to Raiganj,Express Line,20:30,10h 50m,07:20,4.5,1499,25,Volvo 9600 Multi-Axle A/C Sleeper (2+1)
https://www.redbus.in/bus-tickets/kolkata-to-raiganj,Kolkata to Raiganj,Royal Cruiser,18:00,09h 00m,03:00,3.6,719,44,Scania Multi-Axle AC Semi Sleeper (2+2)
https://www.redbus.in/bus-tickets/kolkata-to-raiganj,Kolkata to Raiganj,Lokenath Bus Service,18:15,09h 15m,03:30,4.5,1199,40,Volvo Multi-Axle A/C Seater/Sleeper (2+1)
https://www.redbus.in/bus-tickets/kolkata-to-raiganj,Kolkata to Raiganj,Easy Ride,20:30,10h 10m,06:40,4.7,1800,21,Volvo 9600 Multi-Axle A/C Sleeper (2+1)
https://www.redbus.in/bus-tickets/kolkata-to-raiganj,Kolkata to Raiganj,Lokenath Bus Service,21:15,08h 30m,05:45,4.1,949,37,Volvo A/C Seater (2+2)
https://www.redbus.in/bus-tickets/kolkata-to-raiganj,Kolkata to Raiganj,Easy Ride,18:30,10h 10m,04:40,5.0,1800,25,Volvo 9600 Multi-Axle A/C Sleeper (2+1)
https://www.redbus.in/bus-tickets/kolkata-to-raiganj,Kolkata to Raiganj,Shyamoli Paribahan Pvt Ltd,18:30,09h 20m,03:50,4.3,1500,29,Volvo Multi-Axle A/C seater/sleeper (2+1)
https://www.redbus.in/bus-tickets/kolkata-to-raiganj,Kolkata to Raiganj,Shyamoli Paribahan Pvt Ltd,19:15,09h 30m,04:45,4.4,1920,19,Volvo 9600 Multi-Axle A/C Sleeper (2+1)
https://www.redbus.in/bus-tickets/kolkata-to-raiganj,Kolkata to Raiganj,Easy Ride,19:15,08h 55m,04:10,4.8,1800,24,Volvo 9600 Multi-Axle A/C Sleeper (2+1)
https://www.redbus.in/bus-tickets/kolkata-to-raiganj,Kolkata to Raiganj,Rubi Paribahan  ,19:00,09h 45m,04:45,4.0,1340,9,Volvo 9600 Multi-Axle A/C Sleeper (2+1)
https://www.redbus.in/bus-tickets/kolkata-to-raiganj,Kolkata to Raiganj,Shyamoli Paribahan Pvt Ltd,18:00,10h 50m,04:50,3.6,1950,20,Volvo 9600 Multi-Axle A/C Sleeper (2+1)
https://www.redbus.in/bus-tickets/kolkata-to-raiganj,Kolkata to Raiganj,Lokenath Bus Service,20:20,09h 15m,05:35,3.2,900,41,Volvo A/C B11R Multi Axle Semi Sleeper (2+2)
https://www.redbus.in/bus-tickets/kolkata-to-raiganj,Kolkata to Raiganj,Maulik Paribahan,18:30,09h 00m,03:30,1.0,900,50,A/C Seater / Sleeper (2+2)
https://www.redbus.in/bus-tickets/kolkata-to-raiganj,Kolkata to Raiganj,Easy Ride,19:50,10h 10m,06:00,4.8,1800,27,Volvo 9600 Multi-Axle A/C Sleeper (2+1)
https://www.redbus.in/bus-tickets/kolkata-to-raiganj,Kolkata to Raiganj,Raipur Cruiser,17:45,09h 35m,03:20,4.5,3600,19,Volvo 9600 Multi-Axle A/C Sleeper (2+1)
https://www.redbus.in/bus-tickets/kolkata-to-raiganj,Kolkata to Raiganj,Rubi Paribahan  ,19:30,09h 00m,04:30,4.0,1200,35,Volvo Multi Axle B11R AC Seater\Sleeper (2+1)
https://www.redbus.in/bus-tickets/kolkata-to-raiganj,Kolkata to Raiganj,Aitiana Airwings,19:00,09h 00m,04:00,4.0,1499,32,Volvo Multi-Axle A/C Sleeper (2+1)
https://www.redbus.in/bus-tickets/kolkata-to-raiganj,Kolkata to Raiganj,Aitiana Airwings,18:30,09h 30m,04:00,4.0,1499,25,Volvo Multi-Axle Sleeper A/C (2+1)
https://www.redbus.in/bus-tickets/kolkata-to-raiganj,Kolkata to Raiganj,Rubi Paribahan  ,18:45,10h 00m,04:45,4.0,1020,29,Volvo 9600 A/C Seater/Sleeper (2+1)
https://www.redbus.in/bus-tickets/kolkata-to-raiganj,Kolkata to Raiganj,Shyamoli Paribahan Pvt Ltd,20:00,09h 30m,05:30,3.9,1960,25,Volvo 9600 Multi-Axle A/C Sleeper (2+1)
https://www.redbus.in/bus-tickets/kolkata-to-raiganj,Kolkata to Raiganj,Modern Travels,19:30,09h 30m,05:00,3.8,1790,15,Bharat Benz A/C Sleeper (2+1)
https://www.redbus.in/bus-tickets/kolkata-to-raiganj,Kolkata to Raiganj,Modern Travels,18:35,09h 30m,04:05,3.8,1550,17,Bharat Benz A/C Sleeper (2+1)
https://www.redbus.in/bus-tickets/kolkata-to-raiganj,Kolkata to Raiganj,Poulami Paribahan,17:45,09h 45m,03:30,3.8,1299,46,Volvo Multi-Axle A/C Seater/Sleeper (2+1)
https://www.redbus.in/bus-tickets/kolkata-to-raiganj,Kolkata to Raiganj,Lokenath (Maa Tara),21:30,10h 30m,08:00,2.3,400,11,NON A/C Seater / Sleeper (2+2)
https://www.redbus.in/bus-tickets/kolkata-to-raiganj,Kolkata to Raiganj,Express Line,21:00,10h 00m,07:00,4.7,899,51,Volvo 9600 Multi Axle Semi-Sleeper (2+2)
https://www.redbus.in/bus-tickets/kolkata-to-raiganj,Kolkata to Raiganj,Aradhana Bus Service,16:45,10h 45m,03:30,2.4,750,36,NON A/C Seater / Sleeper (2+2)
https://www.redbus.in/bus-tickets/kolkata-to-raiganj,Kolkata to Raiganj,Aitiana Airwings,18:00,10h 00m,04:00,4.0,1200,16,Benz A/C Sleeper (2+1)
https://www.redbus.in/bus-tickets/kolkata-to-raiganj,Kolkata to Raiganj,Maa Durga Bus Service,19:00,11h 15m,06:15,2.7,600,14,NON A/C Seater / Sleeper (2+2)
https://www.redbus.in/bus-tickets/kolkata-to-raiganj,Kolkata to Raiganj,Lokenath (Maa Tara),15:45,11h 30m,03:15,2.5,600,12,NON A/C Seater / Sleeper (2+2)
https://www.redbus.in/bus-tickets/raiganj-to-kolkata,Raiganj to Kolkata,NBSTC-RAI-KOL-R1-19:30 - 156414,20:30,10h 00m,06:30,4.5,341,4,NON A/C Seater Push Back (2+2)
https://www.redbus.in/bus-tickets/raiganj-to-kolkata,Raiganj to Kolkata,Express Line,22:15,08h 55m,07:10,4.7,1499,13,Volvo 9600 Multi-Axle A/C Sleeper (2+1)
https://www.redbus.in/bus-tickets/raiganj-to-kolkata,Raiganj to Kolkata,Lokenath Bus Service,23:30,08h 15m,07:45,4.7,1499,18,Volvo 9600 Multi-Axle A/C Sleeper (2+1)
https://www.redbus.in/bus-tickets/raiganj-to-kolkata,Raiganj to Kolkata,Shyamoli Paribahan Pvt Ltd,22:15,09h 05m,07:20,4.6,1200,40,Volvo Multi-Axle A/C seater/sleeper (2+1)
https://www.redbus.in/bus-tickets/raiganj-to-kolkata,Raiganj to Kolkata,Lokenath Bus Service,22:45,08h 00m,06:45,4.1,1199,40,Volvo Multi-Axle A/C Seater/Sleeper (2+1)
https://www.redbus.in/bus-tickets/raiganj-to-kolkata,Raiganj to Kolkata,Lokenath Bus Service,20:50,09h 10m,06:00,4.5,900,38,Volvo A/C Seater (2+2)
https://www.redbus.in/bus-tickets/raiganj-to-kolkata,Raiganj to Kolkata,Shyamoli Paribahan Pvt Ltd,21:45,08h 20m,06:05,3.6,1648,18,Volvo 9600 Multi-Axle A/C Sleeper (2+1)
https://www.redbus.in/bus-tickets/raiganj-to-kolkata,Raiganj to Kolkata,Easy Ride,22:30,08h 55m,07:25,3.5,1600,23,Volvo 9600 Multi-Axle A/C Sleeper (2+1)
https://www.redbus.in/bus-tickets/raiganj-to-kolkata,Raiganj to Kolkata,Maulik Paribahan,22:45,07h 45m,06:30,1.1,1350,50,A/C Seater / Sleeper (2+2)
https://www.redbus.in/bus-tickets/raiganj-to-kolkata,Raiganj to Kolkata,Express Line,23:45,08h 45m,08:30,4.7,1199,36,Volvo 9600 A/C Seater/Sleeper (2+1)
https://www.redbus.in/bus-tickets/raiganj-to-kolkata,Raiganj to Kolkata,Aitiana Airwings,22:00,09h 30m,07:30,4.8,1200,18,Benz A/C Sleeper (2+1)
https://www.redbus.in/bus-tickets/raiganj-to-kolkata,Raiganj to Kolkata,Rubi Paribahan  ,23:22,08h 53m,08:15,4.8,1199,31,Volvo Multi Axle B11R AC Seater\Sleeper (2+1)
https://www.redbus.in/bus-tickets/raiganj-to-kolkata,Raiganj to Kolkata,Aitiana Airwings,22:30,09h 30m,08:00,4.8,1499,13,Volvo Multi-Axle A/C Sleeper (2+1)
https://www.redbus.in/bus-tickets/raiganj-to-kolkata,Raiganj to Kolkata,Rubi Paribahan  ,23:50,08h 55m,08:45,4.8,1000,24,Volvo 9600 A/C Seater/Sleeper (2+1)
https://www.redbus.in/bus-tickets/raiganj-to-kolkata,Raiganj to Kolkata,Express Line,22:00,09h 05m,07:05,4.7,899,40,Volvo 9600 Multi Axle Semi-Sleeper (2+2)
https://www.redbus.in/bus-tickets/raiganj-to-kolkata,Raiganj to Kolkata,Raipur Cruiser,22:00,08h 40m,06:40,4.5,4000,6,Volvo 9600 Multi-Axle A/C Sleeper (2+1)
https://www.redbus.in/bus-tickets/raiganj-to-kolkata,Raiganj to Kolkata,Lokenath Bus Service,22:45,08h 00m,06:45,4.4,899,49,A/C Seater / Sleeper (2+1)
https://www.redbus.in/bus-tickets/raiganj-to-kolkata,Raiganj to Kolkata,Shyamoli Paribahan Pvt Ltd,23:00,09h 05m,08:05,4.2,1648,18,Volvo 9600 Multi-Axle A/C Sleeper (2+1)
https://www.redbus.in/bus-tickets/raiganj-to-kolkata,Raiganj to Kolkata,Shyamoli Paribahan Pvt Ltd,23:45,09h 05m,08:50,4.2,1500,38,Volvo 9600 Multi-Axle A/C Sleeper (2+1)
https://www.redbus.in/bus-tickets/raiganj-to-kolkata,Raiganj to Kolkata,Poulami Paribahan,22:30,08h 15m,06:45,4.2,1299,27,Volvo Multi-Axle A/C seater/sleeper (2+1)
https://www.redbus.in/bus-tickets/raiganj-to-kolkata,Raiganj to Kolkata,Rubi Paribahan  ,23:30,08h 00m,07:30,4.8,1280,10,Volvo 9600 Multi-Axle A/C Sleeper (2+1)
https://www.redbus.in/bus-tickets/raiganj-to-kolkata,Raiganj to Kolkata,Easy Ride,23:50,08h 55m,08:45,3.5,1500,41,Volvo 9600 Multi-Axle A/C Sleeper (2+1)
https://www.redbus.in/bus-tickets/raiganj-to-kolkata,Raiganj to Kolkata,Lokenath (Maa Tara),19:45,11h 15m,07:00,2.6,400,11,NON A/C Seater / Sleeper (2+2)
https://www.redbus.in/bus-tickets/raiganj-to-kolkata,Raiganj to Kolkata,Aradhana Bus Service,19:15,11h 15m,06:30,2.4,700,33,NON A/C Seater / Sleeper (2+2)
https://www.redbus.in/bus-tickets/raiganj-to-kolkata,Raiganj to Kolkata,Modern Travels,23:45,07h 55m,07:40,2.2,1680,10,Bharat Benz A/C Sleeper (2+1)
https://www.redbus.in/bus-tickets/raiganj-to-kolkata,Raiganj to Kolkata,Modern Travels,23:00,08h 10m,07:10,2.2,1550,7,Bharat Benz A/C Sleeper (2+1)
https://www.redbus.in/bus-tickets/raiganj-to-kolkata,Raiganj to Kolkata,Maa Durga Bus Service,23:00,09h 00m,08:00,2.7,600,3,NON AC Seater / Sleeper 2+1
https://www.redbus.in/bus-tickets/raiganj-to-kolkata,Raiganj to Kolkata,Lokenath (Maa Tara),20:45,09h 00m,05:45,2.6,600,7,NON A/C Seater / Sleeper (2+2)
https://www.redbus.in/bus-tickets/raiganj-to-kolkata,Raiganj to Kolkata,Lokenath (Maa Tara),18:55,11h 15m,06:10,2.6,400,12,NON A/C Seater / Sleeper (2+2)
https://www.redbus.in/bus-tickets/kolkata-to-malda,Kolkata to Malda,SBSTC-KOLKATA - SILIGURI - VOLVO - 20:05 SPL FARE - SLGVOLSPL1-U/20-05,20:05,06h 43m,02:48,3.7,510,22,Volvo A/C (2+2)
https://www.redbus.in/bus-tickets/kolkata-to-malda,Kolkata to Malda,Express Line,19:45,08h 45m,04:30,4.4,849,21,Volvo 9600 A/C Seater/Sleeper (2+1)
https://www.redbus.in/bus-tickets/kolkata-to-malda,Kolkata to Malda,Royal Cruiser,18:00,08h 05m,02:05,3.9,513,44,Scania Multi-Axle AC Semi Sleeper (2+2)
https://www.redbus.in/bus-tickets/kolkata-to-malda,Kolkata to Malda,Express Line,18:30,08h 50m,03:20,4.9,1499,15,Volvo 9600 Multi-Axle A/C Sleeper (2+1)
https://www.redbus.in/bus-tickets/kolkata-to-malda,Kolkata to Malda,Shyamoli Paribahan Pvt Ltd,21:00,07h 30m,04:30,4.4,1440,51,Volvo Multi-Axle A/C seater/sleeper (2+1)
https://www.redbus.in/bus-tickets/kolkata-to-malda,Kolkata to Malda,Express Line,20:30,08h 50m,05:20,4.6,1499,25,Volvo 9600 Multi-Axle A/C Sleeper (2+1)
https://www.redbus.in/bus-tickets/kolkata-to-malda,Kolkata to Malda,Lokenath Bus Service,18:15,08h 15m,02:30,3.6,1199,40,Volvo Multi-Axle A/C Seater/Sleeper (2+1)
https://www.redbus.in/bus-tickets/kolkata-to-malda,Kolkata to Malda,Shyamoli Paribahan Pvt Ltd,19:15,08h 45m,04:00,4.9,1920,19,Volvo 9600 Multi-Axle A/C Sleeper (2+1)
https://www.redbus.in/bus-tickets/kolkata-to-malda,Kolkata to Malda,Express Line,20:00,08h 30m,04:30,4.1,1199,40,Volvo 9600 A/C Seater/Sleeper (2+1)
https://www.redbus.in/bus-tickets/kolkata-to-malda,Kolkata to Malda,Easy Ride,20:30,09h 00m,05:30,4.9,1800,21,Volvo 9600 Multi-Axle A/C Sleeper (2+1)
https://www.redbus.in/bus-tickets/kolkata-to-malda,Kolkata to Malda,Lokenath Bus Service,21:15,07h 15m,04:30,3.8,749,37,Volvo A/C Seater (2+2)
https://www.redbus.in/bus-tickets/kolkata-to-malda,Kolkata to Malda,Shyamoli Paribahan Pvt Ltd,18:30,08h 30m,03:00,4.4,1500,29,Volvo Multi-Axle A/C Seater/Sleeper (2+1)
https://www.redbus.in/bus-tickets/kolkata-to-malda,Kolkata to Malda,Shyamoli Paribahan Pvt Ltd,18:00,08h 50m,02:50,4.7,1950,20,Volvo 9600 Multi-Axle A/C Sleeper (2+1)
https://www.redbus.in/bus-tickets/kolkata-to-malda,Kolkata to Malda,Sonar Tori,19:45,09h 00m,04:45,3.7,530,25,A/C Seater / Sleeper (2+2)
https://www.redbus.in/bus-tickets/kolkata-to-malda,Kolkata to Malda,Rubi Paribahan  ,18:45,08h 30m,03:15,4.5,1020,30,Volvo 9600 A/C Seater/Sleeper (2+1)
https://www.redbus.in/bus-tickets/kolkata-to-malda,Kolkata to Malda,Rubi Paribahan  ,19:00,08h 15m,03:15,4.4,1350,9,Volvo 9600 Multi-Axle A/C Sleeper (2+1)
https://www.redbus.in/bus-tickets/kolkata-to-malda,Kolkata to Malda,Padmanabha Paribahan,20:00,07h 30m,03:30,2.7,450,43,A/C Seater / Sleeper (2+2)
https://www.redbus.in/bus-tickets/kolkata-to-malda,Kolkata to Malda,Lokenath Bus Service,20:20,08h 00m,04:20,3.4,700,41,Volvo A/C B11R Multi Axle Semi Sleeper (2+2)
https://www.redbus.in/bus-tickets/kolkata-to-malda,Kolkata to Malda,New Dolphin Travels,17:30,10h 30m,04:00,3.3,400,23,NON A/C Seater / Sleeper (2+2)
https://www.redbus.in/bus-tickets/kolkata-to-malda,Kolkata to Malda,New Dolphin Travels,19:00,08h 30m,03:30,1.8,500,57,A/C Seater / Sleeper (2+2)
https://www.redbus.in/bus-tickets/kolkata-to-malda,Kolkata to Malda,Easy Ride,19:15,07h 45m,03:00,4.9,1800,24,Volvo 9600 Multi-Axle A/C Sleeper (2+1)
https://www.redbus.in/bus-tickets/kolkata-to-malda,Kolkata to Malda,Easy Ride,19:50,09h 00m,04:50,4.9,1800,27,Volvo 9600 Multi-Axle A/C Sleeper (2+1)
https://www.redbus.in/bus-tickets/kolkata-to-malda,Kolkata to Malda,Easy Ride,18:30,09h 00m,03:30,4.9,1800,25,Volvo 9600 Multi-Axle A/C Sleeper (2+1)
https://www.redbus.in/bus-tickets/kolkata-to-malda,Kolkata to Malda,Raipur Cruiser,17:45,08h 35m,02:20,4.5,1449,19,Volvo 9600 Multi-Axle A/C Sleeper (2+1)
https://www.redbus.in/bus-tickets/kolkata-to-malda,Kolkata to Malda,Raipur Cruiser,19:45,08h 25m,04:10,4.5,1200,49,Volvo 9600 Multi Axle Semi-Sleeper (2+2)
https://www.redbus.in/bus-tickets/kolkata-to-malda,Kolkata to Malda,Raipur Cruiser,20:30,08h 30m,05:00,4.5,1200,44,Volvo 9600 Multi Axle Semi-Sleeper (2+2)
https://www.redbus.in/bus-tickets/kolkata-to-malda,Kolkata to Malda,Shyamoli Paribahan Pvt Ltd,20:00,08h 45m,04:45,4.2,1960,25,Volvo 9600 Multi-Axle A/C Sleeper (2+1)
https://www.redbus.in/bus-tickets/kolkata-to-malda,Kolkata to Malda,Rubi Paribahan  ,19:30,07h 30m,03:00,4.1,1200,36,Volvo Multi Axle B11R AC Seater\Sleeper (2+1)
https://www.redbus.in/bus-tickets/kolkata-to-malda,Kolkata to Malda,Aitiana Airwings,19:00,07h 00m,02:00,4.0,1499,29,Volvo Multi-Axle A/C Sleeper (2+1)
https://www.redbus.in/bus-tickets/kolkata-to-malda,Kolkata to Malda,Aitiana Airwings,18:30,08h 00m,02:30,4.0,1499,28,Volvo Multi-Axle Sleeper A/C (2+1)
https://www.redbus.in/bus-tickets/kolkata-to-malda,Kolkata to Malda,Modern Travels,18:35,07h 55m,02:30,3.8,1550,17,Bharat Benz A/C Sleeper (2+1)
https://www.redbus.in/bus-tickets/kolkata-to-malda,Kolkata to Malda,Poulami Paribahan,17:45,08h 00m,01:45,3.6,1299,45,Volvo Multi-Axle A/C seater/sleeper (2+1)
https://www.redbus.in/bus-tickets/kolkata-to-malda,Kolkata to Malda,Wasim Travels,22:30,09h 00m,07:30,2.7,455,12,NON A/C Seater / Sleeper (2+2)
https://www.redbus.in/bus-tickets/kolkata-to-malda,Kolkata to Malda,Lokenath (Maa Tara),21:30,08h 40m,06:10,2.3,300,11,NON A/C Seater / Sleeper (2+2)
https://www.redbus.in/bus-tickets/kolkata-to-malda,Kolkata to Malda,Wasim Travels,22:00,09h 00m,07:00,2.0,455,12,NON A/C Seater / Sleeper (2+2)
https://www.redbus.in/bus-tickets/kolkata-to-malda,Kolkata to Malda,Maa Durga Bus Service (SNT),17:00,08h 15m,01:15,2.6,800,37,A/C Seater / Sleeper (2+1)
https://www.redbus.in/bus-tickets/kolkata-to-malda,Kolkata to Malda,Express Line,21:00,08h 30m,05:30,4.4,799,51,Volvo 9600 Multi Axle Semi-Sleeper (2+2)
https://www.redbus.in/bus-tickets/kolkata-to-malda,Kolkata to Malda,Aradhana Bus Service,16:45,09h 15m,02:00,2.4,750,39,NON A/C Seater / Sleeper (2+2)
https://www.redbus.in/bus-tickets/kolkata-to-malda,Kolkata to Malda,Aitiana Airwings,18:00,09h 15m,03:15,4.0,1200,15,Benz A/C Sleeper (2+1)
https://www.redbus.in/bus-tickets/kolkata-to-malda,Kolkata to Malda,Maulik Paribahan,18:30,08h 50m,03:20,2.2,900,58,A/C Seater / Sleeper (2+2)
https://www.redbus.in/bus-tickets/kolkata-to-malda,Kolkata to Malda,Maa Durga Bus Service,19:00,10h 30m,05:30,2.7,600,16,Non AC Seater (2+2)
https://www.redbus.in/bus-tickets/kolkata-to-malda,Kolkata to Malda,Lokenath (Maa Tara),15:45,10h 00m,01:45,2.6,600,12,NON A/C Seater / Sleeper (2+2)
https://www.redbus.in/bus-tickets/kolkata-to-cooch-behar-west-bengal,Kolkata to Cooch Behar (West Bengal),NBSTC-KOL-COB-E2-3:00 pm - 171781,15:00,15h 00m,06:00,3.2,565,44,Non AC Seater (2+3)
https://www.redbus.in/bus-tickets/kolkata-to-cooch-behar-west-bengal,Kolkata to Cooch Behar (West Bengal),NBSTC-KOL-COB-R1-17:00 - 156429,17:00,15h 00m,08:00,4.0,608,14,Non AC Seater 2+2
https://www.redbus.in/bus-tickets/malda-to-kolkata,Malda to Kolkata,Express Line,22:00,07h 00m,05:00,4.5,750,11,Volvo 9600 A/C Seater/Sleeper (2+1)
https://www.redbus.in/bus-tickets/malda-to-kolkata,Malda to Kolkata,Express Line,23:30,07h 40m,07:10,4.7,1499,10,Volvo 9600 Multi-Axle A/C Sleeper (2+1)
https://www.redbus.in/bus-tickets/malda-to-kolkata,Malda to Kolkata,Lokenath Bus Service,23:55,06h 50m,06:45,4.4,1199,40,Volvo Multi-Axle A/C Seater/Sleeper (2+1)
https://www.redbus.in/bus-tickets/malda-to-kolkata,Malda to Kolkata,Padmanabha Paribahan,22:10,08h 50m,07:00,4.1,477,35,A/C Seater / Sleeper (2+2)
https://www.redbus.in/bus-tickets/malda-to-kolkata,Malda to Kolkata,Shyamoli Paribahan Pvt Ltd,23:15,06h 50m,06:05,3.9,1648,18,Volvo 9600 Multi-Axle A/C Sleeper (2+1)
https://www.redbus.in/bus-tickets/malda-to-kolkata,Malda to Kolkata,Shyamoli Paribahan Pvt Ltd,23:45,07h 35m,07:20,3.9,1200,42,Volvo Multi-Axle A/C seater/sleeper (2+1)
https://www.redbus.in/bus-tickets/malda-to-kolkata,Malda to Kolkata,New Dolphin Travels,22:45,07h 45m,06:30,3.7,330,40,NON A/C Seater / Sleeper (2+2)
https://www.redbus.in/bus-tickets/malda-to-kolkata,Malda to Kolkata,Easy Ride,23:40,07h 45m,07:25,4.9,1600,23,Volvo 9600 Multi-Axle A/C Sleeper (2+1)
https://www.redbus.in/bus-tickets/malda-to-kolkata,Malda to Kolkata,Lokenath Bus Service,22:35,07h 25m,06:00,3.8,700,37,Volvo A/C Seater (2+2)
https://www.redbus.in/bus-tickets/malda-to-kolkata,Malda to Kolkata,Sonar Tori,22:30,08h 00m,06:30,3.7,464,31,A/C Seater / Sleeper (2+2)
https://www.redbus.in/bus-tickets/malda-to-kolkata,Malda to Kolkata,Express Line,23:10,07h 55m,07:05,3.9,799,39,Volvo 9600 Multi Axle Semi-Sleeper (2+2)
https://www.redbus.in/bus-tickets/malda-to-kolkata,Malda to Kolkata,Raipur Cruiser,23:00,07h 40m,06:40,4.0,1500,6,Volvo 9600 Multi-Axle A/C Sleeper (2+1)
https://www.redbus.in/bus-tickets/malda-to-kolkata,Malda to Kolkata,Lokenath Bus Service,23:45,07h 00m,06:45,3.0,899,49,A/C Seater / Sleeper (2+1)
https://www.redbus.in/bus-tickets/malda-to-kolkata,Malda to Kolkata,Jio Dolphin Travels,21:55,07h 35m,05:30,1.9,350,27,NON A/C Seater / Sleeper (2+2)
https://www.redbus.in/bus-tickets/malda-to-kolkata,Malda to Kolkata,Aitiana Airwings,23:55,07h 35m,07:30,2.6,1200,18,Benz A/C Sleeper (2+1)
https://www.redbus.in/bus-tickets/malda-to-kolkata,Malda to Kolkata,Raipur Cruiser,22:45,08h 30m,07:15,4.0,1200,47,Volvo 9600 Multi Axle Semi-Sleeper (2+2)
https://www.redbus.in/bus-tickets/malda-to-kolkata,Malda to Kolkata,Aitiana Airwings,23:10,08h 50m,08:00,3.7,1499,13,Volvo Multi-Axle A/C Sleeper (2+1)
https://www.redbus.in/bus-tickets/malda-to-kolkata,Malda to Kolkata,Lokenath (Maa Tara),22:30,08h 30m,07:00,3.3,300,11,NON A/C Seater / Sleeper (2+2)
https://www.redbus.in/bus-tickets/malda-to-kolkata,Malda to Kolkata,Modern Travels,23:45,07h 25m,07:10,3.1,1550,7,Bharat Benz A/C Sleeper (2+1)
https://www.redbus.in/bus-tickets/malda-to-kolkata,Malda to Kolkata,Mohanta Travels,22:10,07h 50m,06:00,2.9,330,30,NON A/C Seater / Sleeper (2+2)
https://www.redbus.in/bus-tickets/malda-to-kolkata,Malda to Kolkata,Lokenath (Maa Tara),20:30,09h 30m,06:00,3.7,300,12,NON A/C Seater / Sleeper (2+2)
https://www.redbus.in/bus-tickets/malda-to-kolkata,Malda to Kolkata,Lokenath (Maa Tara),21:45,08h 30m,06:15,3.2,300,12,NON A/C Seater / Sleeper (2+2)
https://www.redbus.in/bus-tickets/malda-to-kolkata,Malda to Kolkata,Swarnali Paribahan,22:30,07h 30m,06:00,2.1,290,26,NON A/C Seater Push Back (2+2)
https://www.redbus.in/bus-tickets/malda-to-kolkata,Malda to Kolkata,Shree Krishna Travels,22:00,08h 00m,06:00,1.4,350,44,NON A/C Seater / Sleeper (2+2)
https://www.redbus.in/bus-tickets/malda-to-kolkata,Malda to Kolkata,Lokenath (Maa Tara),22:15,07h 30m,05:45,2.3,600,7,NON A/C Seater / Sleeper (2+2)
https://www.redbus.in/bus-tickets/malda-to-kolkata,Malda to Kolkata,Aradhana Bus Service,21:30,09h 00m,06:30,2.4,700,33,NON A/C Seater / Sleeper (2+2)
https://www.redbus.in/bus-tickets/malda-to-kolkata,Malda to Kolkata,Lokenath (Maa Tara),21:40,08h 30m,06:10,3.2,400,12,NON A/C Seater / Sleeper (2+2)
https://www.redbus.in/bus-tickets/malda-to-kolkata,Malda to Kolkata,Maa Durga Bus Service,23:59,08h 01m,08:00,2.7,600,3,NON AC Seater / Sleeper 2+1
https://www.redbus.in/bus-tickets/malda-to-kolkata,Malda to Kolkata,Wasim Travels,19:30,09h 30m,05:00,2.3,455,12,NON A/C Seater / Sleeper (2+2)
https://www.redbus.in/bus-tickets/cooch-behar-west-bengal-to-berhampore,Cooch Behar (West Bengal) to Berhampore (West Bengal),Upasana Transport,17:00,13h 00m,06:00,4.4,585,8,NON A/C Seater / Sleeper (2+2)
https://www.redbus.in/bus-tickets/cooch-behar-west-bengal-to-berhampore,Cooch Behar (West Bengal) to Berhampore (West Bengal),Mahaprabhu Travels,15:30,14h 00m,05:30,2.3,535,44,NON A/C Seater / Sleeper (2+2)
https://www.redbus.in/bus-tickets/kolkata-to-balurghat,Kolkata to Balurghat,NBSTC-KOL-BLG-R1-19:30 - 156420,19:45,11h 30m,07:15,3.4,367,30,NON A/C Seater Push Back (2+2)
https://www.redbus.in/bus-tickets/kolkata-to-balurghat,Kolkata to Balurghat,Express Line,19:45,10h 30m,06:15,4.3,899,21,Volvo 9600 A/C Seater/Sleeper (2+1)
https://www.redbus.in/bus-tickets/kolkata-to-balurghat,Kolkata to Balurghat,Sonar Tori,19:45,09h 45m,05:30,3.4,530,25,A/C Seater / Sleeper (2+2)
https://www.redbus.in/bus-tickets/kolkata-to-balurghat,Kolkata to Balurghat,Padmanabha Paribahan,20:00,12h 00m,08:00,3.0,450,41,A/C Seater / Sleeper (2+2)
https://www.redbus.in/bus-tickets/kolkata-to-balurghat,Kolkata to Balurghat,New Dolphin Travels,19:00,11h 30m,06:30,3.8,500,57,A/C Seater / Sleeper (2+2)
https://www.redbus.in/bus-tickets/kolkata-to-balurghat,Kolkata to Balurghat,New Dolphin Travels,17:30,13h 30m,07:00,2.8,400,23,NON A/C Seater / Sleeper (2+2)
https://www.redbus.in/bus-tickets/kolkata-to-balurghat,Kolkata to Balurghat,Jio Dolphin Travels,19:30,12h 30m,08:00,2.4,370,57,NON A/C Seater / Sleeper (2+2)
https://www.redbus.in/bus-tickets/kolkata-to-balurghat,Kolkata to Balurghat,Shree Krishna Travels,18:45,12h 45m,07:30,2.9,350,9,NON A/C Seater / Sleeper (2+2)
https://www.redbus.in/bus-tickets/berhampore-to-cooch-behar-west-bengal,Berhampore (West Bengal) to Cooch Behar (West Bengal),NBSTC-BHP-COB-R1-18:30 - 156423,18:30,12h 30m,07:00,3.7,448,23,Non AC Seater 2+2
https://www.redbus.in/bus-tickets/berhampore-to-cooch-behar-west-bengal,Berhampore (West Bengal) to Cooch Behar (West Bengal),Upasana Transport,20:40,12h 10m,08:50,2.9,585,11,NON A/C Seater / Sleeper (2+2)
https://www.redbus.in/bus-tickets/berhampore-to-cooch-behar-west-bengal,Berhampore (West Bengal) to Cooch Behar (West Bengal),Mahaprabhu Travels,19:30,13h 00m,08:30,2.1,535,20,NON A/C Seater / Sleeper (2+2)
https://www.redbus.in/bus-tickets/cooch-behar-west-bengal-to-kolkata,Cooch Behar (West Bengal) to Kolkata,NBSTC-COB-KOL-09:15AM - 171766,09:15,20h 00m,05:15,3.4,565,45,Non AC Seater (2+3)
https://www.redbus.in/bus-tickets/berhampore-to-siliguri,Berhampore (West Bengal) to Siliguri,NBSTC-BHP-COB-R1-18:30 - 156423,18:30,08h 00m,02:30,4.7,326,23,Non AC Seater 2+2
https://www.redbus.in/bus-tickets/berhampore-to-siliguri,Berhampore (West Bengal) to Siliguri,Lokenath Bus Service,23:45,06h 45m,06:30,4.4,949,35,Volvo Multi-Axle A/C Seater/Sleeper (2+1)
https://www.redbus.in/bus-tickets/berhampore-to-siliguri,Berhampore (West Bengal) to Siliguri,Aradhana Travel,22:00,08h 00m,06:00,4.0,900,34,Volvo Multi-Axle I-Shift B11R Semi Sleeper (2+2)
https://www.redbus.in/bus-tickets/berhampore-to-siliguri,Berhampore (West Bengal) to Siliguri,Aradhana Travel,20:50,09h 10m,06:00,3.7,780,29,Bharat Benz A/C Seater /Sleeper (2+1)
https://www.redbus.in/bus-tickets/berhampore-to-siliguri,Berhampore (West Bengal) to Siliguri,Upasana Transport,20:20,08h 40m,05:00,4.4,801,8,A/C Seater / Sleeper (2+1)
https://www.redbus.in/bus-tickets/berhampore-to-siliguri,Berhampore (West Bengal) to Siliguri,Upasana Transport,20:40,08h 20m,05:00,3.9,428,14,NON A/C Seater / Sleeper (2+2)
https://www.redbus.in/bus-tickets/berhampore-to-siliguri,Berhampore (West Bengal) to Siliguri,Royal Bus Service,21:30,08h 30m,06:00,2.6,360,20,NON A/C Seater / Sleeper (2+2)
https://www.redbus.in/bus-tickets/berhampore-to-siliguri,Berhampore (West Bengal) to Siliguri,Aradhana Travel,21:10,10h 20m,07:30,2.4,500,33,NON A/C Seater / Sleeper (2+2)
https://www.redbus.in/bus-tickets/berhampore-to-siliguri,Berhampore (West Bengal) to Siliguri,Aradhana Bus Service,23:15,07h 45m,07:00,2.0,750,36,NON A/C Seater / Sleeper (2+2)
https://www.redbus.in/bus-tickets/berhampore-to-siliguri,Berhampore (West Bengal) to Siliguri,Aitiana Airwings,23:45,07h 45m,07:30,4.0,900,10,Benz A/C Sleeper (2+1)
https://www.redbus.in/bus-tickets/berhampore-to-siliguri,Berhampore (West Bengal) to Siliguri,Aradhana Bus Service,20:00,09h 00m,05:00,3.6,753.25,66,A/C Seater / Sleeper (2+2)
https://www.redbus.in/bus-tickets/berhampore-to-siliguri,Berhampore (West Bengal) to Siliguri,New Maa Shivani,22:15,07h 45m,06:00,4.0,699,37,Bharat Benz A/C Seater /Sleeper (2+1)
https://www.redbus.in/bus-tickets/berhampore-to-siliguri,Berhampore (West Bengal) to Siliguri,Aradhana Bus Service,19:30,10h 00m,05:30,2.5,450,55,NON A/C Seater / Sleeper (2+2)
https://www.redbus.in/bus-tickets/berhampore-to-siliguri,Berhampore (West Bengal) to Siliguri,Maa Durga Bus Service (SNT),23:00,07h 00m,06:00,2.5,800,35,A/C Seater / Sleeper (2+1)
https://www.redbus.in/bus-tickets/berhampore-to-siliguri,Berhampore (West Bengal) to Siliguri,RAYAN,22:30,08h 00m,06:30,1.3,500,18,NON A/C Seater / Sleeper (2+2)
https://www.redbus.in/bus-tickets/berhampore-to-siliguri,Berhampore (West Bengal) to Siliguri,New Maa Shivani,21:15,07h 30m,04:45,2.6,430,42,NON A/C Seater / Sleeper (2+2)
https://www.redbus.in/bus-tickets/berhampore-to-siliguri,Berhampore (West Bengal) to Siliguri,Lokenath (Maa Tara),22:15,08h 00m,06:15,3.0,600,7,NON A/C Seater / Sleeper (2+2)
https://www.redbus.in/bus-tickets/berhampore-to-siliguri,Berhampore (West Bengal) to Siliguri,Mahaprabhu Travels,19:30,09h 30m,05:00,2.3,435,20,NON A/C Seater / Sleeper (2+2)
https://www.redbus.in/bus-tickets/kolkata-to-gangarampur,Kolkata to Gangarampur,NBSTC-KOL-BLG-R1-19:30 - 156420,19:45,10h 30m,06:15,3.7,335,30,NON A/C Seater Push Back (2+2)
https://www.redbus.in/bus-tickets/kolkata-to-gangarampur,Kolkata to Gangarampur,Express Line,19:45,10h 00m,05:45,4.2,899,22,Volvo 9600 A/C Seater/Sleeper (2+1)
https://www.redbus.in/bus-tickets/kolkata-to-gangarampur,Kolkata to Gangarampur,New Dolphin Travels,17:30,12h 00m,05:30,3.8,450,23,NON A/C Seater / Sleeper (2+2)
https://www.redbus.in/bus-tickets/kolkata-to-gangarampur,Kolkata to Gangarampur,New Dolphin Travels,19:00,10h 20m,05:20,3.5,500,57,A/C Seater / Sleeper (2+2)
https://www.redbus.in/bus-tickets/kolkata-to-gangarampur,Kolkata to Gangarampur,Renuka Travels,21:30,10h 00m,07:30,1.0,370,40,NON A/C Seater / Sleeper (2+2)
https://www.redbus.in/bus-tickets/malda-to-cooch-behar-west-bengal,Malda to Cooch Behar (West Bengal),NBSTC-BHP-COB-R1-18:30 - 156423,20:50,10h 10m,07:00,4.3,338,23,Non AC Seater 2+2
https://www.redbus.in/bus-tickets/balurghat-to-kolkata,Balurghat to Kolkata,NBSTC-BLG-KOL-R1-18:30 - 156419,18:30,11h 30m,06:00,3.7,367,17,NON A/C Seater Push Back (2+2)
https://www.redbus.in/bus-tickets/balurghat-to-kolkata,Balurghat to Kolkata,Express Line,18:50,10h 10m,05:00,4.3,800,8,Volvo 9600 A/C Seater/Sleeper (2+1)
https://www.redbus.in/bus-tickets/balurghat-to-kolkata,Balurghat to Kolkata,Sonar Tori,19:30,11h 00m,06:30,3.8,477,31,A/C Seater / Sleeper (2+2)
https://www.redbus.in/bus-tickets/balurghat-to-kolkata,Balurghat to Kolkata,Padmanabha Paribahan,19:15,11h 45m,07:00,3.6,477,35,A/C Seater / Sleeper (2+2)
https://www.redbus.in/bus-tickets/balurghat-to-kolkata,Balurghat to Kolkata,New Dolphin Travels,19:46,10h 44m,06:30,3.8,350,40,NON A/C Seater / Sleeper (2+2)
https://www.redbus.in/bus-tickets/balurghat-to-kolkata,Balurghat to Kolkata,Jio Dolphin Travels,18:30,11h 00m,05:30,3.0,350,27,NON A/C Seater / Sleeper (2+2)
https://www.redbus.in/bus-tickets/balurghat-to-kolkata,Balurghat to Kolkata,Shree Krishna Travels,18:45,11h 15m,06:00,3.7,350,42,NON A/C Seater / Sleeper (2+2)
https://www.redbus.in/bus-tickets/balurghat-to-kolkata,Balurghat to Kolkata,Mohanta Travels,19:00,11h 00m,06:00,2.7,330,30,NON A/C Seater / Sleeper (2+2)
https://www.redbus.in/bus-tickets/balurghat-to-kolkata,Balurghat to Kolkata,Swarnali Paribahan,19:00,11h 00m,06:00,1.9,290,26,NON A/C Seater Push Back (2+2)
https://www.redbus.in/bus-tickets/cooch-behar-west-bengal-to-malda,Cooch Behar (West Bengal) to Malda,UNICORN EXPRESS,14:30,10h 00m,00:30,3.4,1599,32,Bharat Benz A/C Seater /Sleeper (2+1)
https://www.redbus.in/bus-tickets/cooch-behar-west-bengal-to-malda,Cooch Behar (West Bengal) to Malda,Mahaprabhu Travels,15:30,10h 00m,01:30,2.3,435,44,NON A/C Seater / Sleeper (2+2)
https://www.redbus.in/bus-tickets/kolkata-to-jalpaiguri,Kolkata to Jalpaiguri,NBSTC-KOL-COB-E2-3:00 pm - 171781,15:00,13h 50m,04:50,3.1,485,44,Non AC Seater (2+3)
https://www.redbus.in/bus-tickets/kolkata-to-jalpaiguri,Kolkata to Jalpaiguri,NBSTC-KOL-COB-R1-17:00 - 156429,17:00,12h 45m,05:45,3.9,525,14,Non AC Seater 2+2
https://www.redbus.in/bus-tickets/delhi-to-shimla,Delhi to Shimla,Himachal Pradesh Tourism Development Corporation (HPTDC) - 145607,21:00,09h 00m,06:00,5.0,1000,23,AC Seater (2+2)
https://www.redbus.in/bus-tickets/delhi-to-shimla,Delhi to Shimla,Zingbus Plus,22:55,08h 35m,07:30,4.7,599,19,Bharat Benz A/C Semi Sleeper (2+2)
https://www.redbus.in/bus-tickets/delhi-to-shimla,Delhi to Shimla,Bedi Travels,23:00,09h 00m,08:00,4.6,475,23,Volvo A/C Semi Sleeper (2+2)
https://www.redbus.in/bus-tickets/delhi-to-shimla,Delhi to Shimla,AdOurBus India Limited,23:00,09h 00m,08:00,4.4,439,34,Bharat Benz A/C Semi Sleeper (2+2)
https://www.redbus.in/bus-tickets/delhi-to-shimla,Delhi to Shimla,Laxmi holidays,23:30,08h 30m,08:00,4.6,499,31,Scania Multi-Axle AC Semi Sleeper (2+2)
https://www.redbus.in/bus-tickets/delhi-to-shimla,Delhi to Shimla,Laxmi holidays,22:30,08h 50m,07:20,4.6,585,37,Scania Multi-Axle AC Semi Sleeper (2+2)
https://www.redbus.in/bus-tickets/delhi-to-shimla,Delhi to Shimla,Ram Dalal Holidays,23:00,08h 40m,07:40,4.5,550,27,Mercedes Multi-Axle Semi Sleeper (2+2)
https://www.redbus.in/bus-tickets/delhi-to-shimla,Delhi to Shimla,Laxmi holidays,23:25,08h 20m,07:45,4.5,550,27,Volvo A/C Semi Sleeper (2+2)
https://www.redbus.in/bus-tickets/delhi-to-shimla,Delhi to Shimla,Laxmi holidays,22:50,08h 30m,07:20,4.4,585,44,Scania Multi-Axle AC Semi Sleeper (2+2)
https://www.redbus.in/bus-tickets/delhi-to-shimla,Delhi to Shimla,SHRI RAM TRANSPORT COMPANY,21:50,09h 20m,07:10,3.5,2000,41,Volvo A/C Semi Sleeper (2+2)
https://www.redbus.in/bus-tickets/delhi-to-shimla,Delhi to Shimla,City Land Travels,22:30,07h 30m,06:00,4.0,1159,25,Volvo A/C Semi Sleeper (2+2)
https://www.redbus.in/bus-tickets/delhi-to-shimla,Delhi to Shimla,Zingbus Plus,23:30,08h 45m,08:15,4.3,500,26,Bharat Benz A/C Semi Sleeper (2+2)
https://www.redbus.in/bus-tickets/delhi-to-shimla,Delhi to Shimla,Deltin Travels Pvt Ltd,23:10,07h 30m,06:40,4.1,500,21,Scania Multi-Axle AC Semi Sleeper (2+2)
https://www.redbus.in/bus-tickets/delhi-to-shimla,Delhi to Shimla,Ram Dalal Holidays,21:50,09h 20m,07:10,3.8,550,13,Volvo A/C Semi Sleeper (2+2)
https://www.redbus.in/bus-tickets/delhi-to-shimla,Delhi to Shimla,Deltin Travels Pvt Ltd,23:05,07h 30m,06:35,4.3,500,26,Scania Multi-Axle AC Semi Sleeper (2+2)
https://www.redbus.in/bus-tickets/delhi-to-shimla,Delhi to Shimla,City Land Travels,23:55,07h 30m,07:25,3.7,1159,41,Volvo Multi-Axle I-Shift B11R Semi Sleeper (2+2)
https://www.redbus.in/bus-tickets/delhi-to-shimla,Delhi to Shimla,FlixBus,22:00,09h 40m,07:40,4.4,508.04,37,A/C Seater (2+2)
https://www.redbus.in/bus-tickets/delhi-to-shimla,Delhi to Shimla,FlixBus,23:15,09h 40m,08:55,3.6,668.75,35,AC Seater (2+2)
https://www.redbus.in/bus-tickets/delhi-to-shimla,Delhi to Shimla,Royal Safari India Travels,23:00,09h 05m,08:05,2.5,856,32,A/C Seater Push Back (2+2)
https://www.redbus.in/bus-tickets/delhi-to-shimla,Delhi to Shimla,Mr. Bus,23:30,07h 30m,07:00,2.0,889,38,VE A/C Semi Sleeper (2+2)
https://www.redbus.in/bus-tickets/delhi-to-shimla,Delhi to Shimla,Raj travels Jhunjhunu,22:55,08h 05m,07:00,1.3,1378,41,Volvo A/C Semi Sleeper (2+2)
https://www.redbus.in/bus-tickets/delhi-to-shimla,Delhi to Shimla,Mr. Bus,22:30,07h 30m,06:00,1.0,788,37,Volvo A/C Seater (2+2)
https://www.redbus.in/bus-tickets/delhi-to-shimla,Delhi to Shimla,FlixBus,23:15,09h 10m,08:25,3.4,569.64,44,A/C Seater (2+2)
https://www.redbus.in/bus-tickets/delhi-to-shimla,Delhi to Shimla,Royal Travels Hills,22:30,08h 30m,07:00,2.5,1299,34,Bharat Benz A/C Seater (2+2)
https://www.redbus.in/bus-tickets/chandigarh-to-hamirpur-himachal-pradesh,Chandigarh to Hamirpur (Himachal Pradesh),HRTC - 1515,13:20,06h 55m,20:15,2.7,373,37,Ordinary 3+2 Non AC Seater
https://www.redbus.in/bus-tickets/chandigarh-to-hamirpur-himachal-pradesh,Chandigarh to Hamirpur (Himachal Pradesh),HRTC - 1529,13:56,05h 09m,19:05,4.1,364,37,Ordinary 3+2 Non AC Seater
https://www.redbus.in/bus-tickets/chandigarh-to-hamirpur-himachal-pradesh,Chandigarh to Hamirpur (Himachal Pradesh),HRTC - 1516,15:00,03h 50m,18:50,4.2,340,27,A/C Executive (2+3)
https://www.redbus.in/bus-tickets/chandigarh-to-hamirpur-himachal-pradesh,Chandigarh to Hamirpur (Himachal Pradesh),HRTC - 1468,15:30,05h 50m,21:20,3.8,302,37,Ordinary 3+2 Non AC Seater
https://www.redbus.in/bus-tickets/chandigarh-to-hamirpur-himachal-pradesh,Chandigarh to Hamirpur (Himachal Pradesh),HRTC - 1546,16:25,04h 50m,21:15,3.6,334,26,Ordinary 3+2 Non AC Seater
https://www.redbus.in/bus-tickets/chandigarh-to-hamirpur-himachal-pradesh,Chandigarh to Hamirpur (Himachal Pradesh),HRTC - 9235,16:40,05h 20m,22:00,4.1,399,44,A/C Executive (2+3)
https://www.redbus.in/bus-tickets/chandigarh-to-hamirpur-himachal-pradesh,Chandigarh to Hamirpur (Himachal Pradesh),HRTC - 401670,18:00,04h 00m,22:00,3.7,310,37,Ordinary 3+2 Non AC Seater
https://www.redbus.in/bus-tickets/chandigarh-to-hamirpur-himachal-pradesh,Chandigarh to Hamirpur (Himachal Pradesh),HRTC - 1549,18:15,06h 45m,01:00,3.8,362,37,Ordinary 3+2 Non AC Seater
https://www.redbus.in/bus-tickets/hamirpur-himachal-pradesh-to-chandigarh,Hamirpur (Himachal Pradesh) to Chandigarh,Laxmi holidays,20:20,04h 10m,00:30,3.8,1331,3,Volvo A/C Semi Sleeper (2+2)
https://www.redbus.in/bus-tickets/hamirpur-himachal-pradesh-to-chandigarh,Hamirpur (Himachal Pradesh) to Chandigarh,Ram Dalal Holidays,21:15,04h 05m,01:20,4.6,1410,8,Volvo A/C Semi Sleeper (2+2)
https://www.redbus.in/bus-tickets/hamirpur-himachal-pradesh-to-chandigarh,Hamirpur (Himachal Pradesh) to Chandigarh,Northern Travels,21:45,03h 45m,01:30,3.3,920,14,Volvo A/C Semi Sleeper (2+2)
https://www.redbus.in/bus-tickets/hamirpur-himachal-pradesh-to-chandigarh,Hamirpur (Himachal Pradesh) to Chandigarh,Ram Dalal Holidays,22:00,04h 20m,02:20,5.0,1520,19,Volvo A/C Semi Sleeper (2+2)
https://www.redbus.in/bus-tickets/hamirpur-himachal-pradesh-to-chandigarh,Hamirpur (Himachal Pradesh) to Chandigarh,Bedi Travels,22:05,04h 00m,02:05,4.8,1140,9,Volvo A/C Semi Sleeper (2+2)
https://www.redbus.in/bus-tickets/hamirpur-himachal-pradesh-to-chandigarh,Hamirpur (Himachal Pradesh) to Chandigarh,Laxmi holidays,22:05,04h 35m,02:40,4.9,1099,8,Volvo A/C Semi Sleeper (2+2)
https://www.redbus.in/bus-tickets/hamirpur-himachal-pradesh-to-chandigarh,Hamirpur (Himachal Pradesh) to Chandigarh,Himalayan Nomad Ktc,22:25,03h 20m,01:45,4.1,1134,14,Volvo A/C Semi Sleeper (2+2)
https://www.redbus.in/bus-tickets/hamirpur-himachal-pradesh-to-chandigarh,Hamirpur (Himachal Pradesh) to Chandigarh,Northern Travels,22:40,04h 05m,02:45,3.3,1170,14,Volvo A/C Semi Sleeper (2+2)
https://www.redbus.in/bus-tickets/shimla-to-delhi,Shimla to Delhi,RSRTC - 192348,16:30,10h 00m,02:30,3.3,1117,29,Super Luxury Volvo AC Seater Pushback 2+2
https://www.redbus.in/bus-tickets/shimla-to-delhi,Shimla to Delhi,Bedi Travels,21:30,08h 00m,05:30,4.8,922,17,Volvo A/C Semi Sleeper (2+2)
https://www.redbus.in/bus-tickets/shimla-to-delhi,Shimla to Delhi,Zingbus Plus,20:30,08h 35m,05:05,4.6,996,18,Bharat Benz A/C Semi Sleeper (2+2)
https://www.redbus.in/bus-tickets/shimla-to-delhi,Shimla to Delhi,Ram Dalal Holidays,22:00,08h 40m,06:40,4.5,780,27,Mercedes Multi-Axle Semi Sleeper (2+2)
https://www.redbus.in/bus-tickets/shimla-to-delhi,Shimla to Delhi,Laxmi holidays,20:30,08h 15m,04:45,4.5,999,38,Scania Multi-Axle AC Semi Sleeper (2+2)
https://www.redbus.in/bus-tickets/shimla-to-delhi,Shimla to Delhi,Mr. Bus,22:30,07h 00m,05:30,3.5,1188,34,Volvo A/C Semi Sleeper (2+2)
https://www.redbus.in/bus-tickets/shimla-to-delhi,Shimla to Delhi,City Land Travels,22:30,07h 00m,05:30,4.3,619,26,Volvo A/C Semi Sleeper (2+2)
https://www.redbus.in/bus-tickets/shimla-to-delhi,Shimla to Delhi,Zingbus Plus,21:30,08h 45m,06:15,4.7,738,31,Bharat Benz A/C Semi Sleeper (2+2)
https://www.redbus.in/bus-tickets/shimla-to-delhi,Shimla to Delhi,SHRI RAM TRANSPORT COMPANY,21:30,07h 30m,05:00,3.5,2000,41,Volvo A/C Semi Sleeper (2+2)
https://www.redbus.in/bus-tickets/shimla-to-delhi,Shimla to Delhi,FlixBus,21:30,08h 50m,06:20,3.8,570.54,32,A/C Seater (2+2)
https://www.redbus.in/bus-tickets/shimla-to-delhi,Shimla to Delhi,City Land Travels,22:00,07h 00m,05:00,4.1,619,26,Volvo A/C Semi Sleeper (2+2)
https://www.redbus.in/bus-tickets/shimla-to-delhi,Shimla to Delhi,Deltin Travels Pvt Ltd,21:20,07h 30m,04:50,4.5,850,34,Scania Multi-Axle AC Semi Sleeper (2+2)
https://www.redbus.in/bus-tickets/shimla-to-delhi,Shimla to Delhi,Laxmi holidays,22:30,08h 30m,07:00,4.3,719,36,Scania Multi-Axle AC Semi Sleeper (2+2)
https://www.redbus.in/bus-tickets/shimla-to-delhi,Shimla to Delhi,Ram Dalal Holidays,21:30,07h 30m,05:00,4.2,600,22,Volvo A/C Semi Sleeper (2+2)
https://www.redbus.in/bus-tickets/shimla-to-delhi,Shimla to Delhi,FlixBus,21:00,08h 50m,05:50,4.7,731.25,17,A/C Seater (2+2)
https://www.redbus.in/bus-tickets/shimla-to-delhi,Shimla to Delhi,OurBus India Limited,21:30,08h 30m,06:00,4.8,615,19,Bharat Benz A/C Semi Sleeper (2+2)
https://www.redbus.in/bus-tickets/shimla-to-delhi,Shimla to Delhi,Royal Travels Hills,22:00,08h 00m,06:00,2.7,499,30,Bharat Benz A/C Semi Sleeper (2+2)
https://www.redbus.in/bus-tickets/shimla-to-delhi,Shimla to Delhi,Raj travels Jhunjhunu,22:00,08h 05m,06:05,3.1,1399,39,Volvo A/C Semi Sleeper (2+2)
https://www.redbus.in/bus-tickets/delhi-to-chandigarh,Delhi to Chandigarh,NueGo,12:00,05h 25m,17:25,4.1,618,5,Electric A/C Seater (2+2)
https://www.redbus.in/bus-tickets/delhi-to-chandigarh,Delhi to Chandigarh,NueGo,13:00,05h 45m,18:45,4.1,608,6,Electric A/C Seater/Sleeper (2+1)
https://www.redbus.in/bus-tickets/delhi-to-chandigarh,Delhi to Chandigarh,Orbit Aviation Pvt Ltd,13:30,05h 25m,18:55,3.4,524,29,Mercedes Multi-Axle Semi Sleeper (2+2)
https://www.redbus.in/bus-tickets/delhi-to-chandigarh,Delhi to Chandigarh,AdKhurana Bus Service,22:05,06h 00m,04:05,3.8,1249,45,Volvo A/C Semi Sleeper (2+2 )
https://www.redbus.in/bus-tickets/delhi-to-chandigarh,Delhi to Chandigarh,NueGo,14:30,05h 25m,19:55,3.8,428,28,Electric A/C Seater (2+2)
https://www.redbus.in/bus-tickets/delhi-to-chandigarh,Delhi to Chandigarh,NueGo,15:30,05h 05m,20:35,4.0,475,28,Electric A/C Seater (2+2)
https://www.redbus.in/bus-tickets/delhi-to-chandigarh,Delhi to Chandigarh,FlixBus,16:00,05h 55m,21:55,3.8,301.79,16,AC Seater (2+2)
https://www.redbus.in/bus-tickets/delhi-to-chandigarh,Delhi to Chandigarh,City Land Travels,16:30,05h 45m,22:15,3.2,493,33,Volvo A/C Semi Sleeper (2+2)
https://www.redbus.in/bus-tickets/delhi-to-chandigarh,Delhi to Chandigarh,NueGo,16:30,05h 25m,21:55,4.1,371,29,Electric A/C Seater (2+2)
https://www.redbus.in/bus-tickets/delhi-to-chandigarh,Delhi to Chandigarh,Laxmi holidays,17:00,05h 40m,22:40,4.6,400,29,Bharat Benz A/C Seater /Sleeper (2+1)
https://www.redbus.in/bus-tickets/delhi-to-chandigarh,Delhi to Chandigarh,Ram Dalal Holidays,17:00,05h 35m,22:35,4.3,499,31,Bharat Benz A/C Seater /Sleeper (2+1)
https://www.redbus.in/bus-tickets/delhi-to-chandigarh,Delhi to Chandigarh,Laxmi holidays,17:00,05h 30m,22:30,4.7,500,25,Volvo 9600 A/C Semi Sleeper (2+2)
https://www.redbus.in/bus-tickets/delhi-to-chandigarh,Delhi to Chandigarh,Holiday Appeal Private Limited,17:00,05h 15m,22:15,3.0,599,24,Volvo A/C Semi Sleeper (2+2)
https://www.redbus.in/bus-tickets/delhi-to-chandigarh,Delhi to Chandigarh,Zingbus Plus,17:20,06h 15m,23:35,4.7,434,9,Volvo A/C Semi Sleeper (2+2)
https://www.redbus.in/bus-tickets/delhi-to-chandigarh,Delhi to Chandigarh,NueGo,17:30,05h 05m,22:35,3.8,371,32,Electric A/C Seater (2+2)
https://www.redbus.in/bus-tickets/delhi-to-chandigarh,Delhi to Chandigarh,Lavish Travels,17:40,06h 25m,00:05,3.0,554,39,A/C Seater / Sleeper (2+2)
https://www.redbus.in/bus-tickets/delhi-to-chandigarh,Delhi to Chandigarh,Ram Dalal Holidays,17:50,05h 28m,23:18,3.7,399,26,Bharat Benz A/C Sleeper (2+1)
https://www.redbus.in/bus-tickets/delhi-to-chandigarh,Delhi to Chandigarh,Laxmi holidays,18:00,05h 30m,23:30,4.2,699,30,Bharat Benz A/C Sleeper (2+1)
https://www.redbus.in/bus-tickets/delhi-to-chandigarh,Delhi to Chandigarh,Subh Yatri Holidays,18:00,06h 15m,00:15,3.4,629,31,Volvo A/C Semi Sleeper (2+2)
https://www.redbus.in/bus-tickets/delhi-to-chandigarh,Delhi to Chandigarh,IntrCity SmartBus,18:00,08h 05m,02:05,4.4,514,26,A/C Seater / Sleeper (2+1)
https://www.redbus.in/bus-tickets/delhi-to-chandigarh,Delhi to Chandigarh,IntrCity SmartBus,18:00,05h 30m,23:30,3.3,349,36,VE A/C Seater / Sleeper (2+1)
https://www.redbus.in/bus-tickets/delhi-to-chandigarh,Delhi to Chandigarh,Laxmi holidays,18:00,05h 30m,23:30,4.6,499,26,Volvo 9600 A/C Semi Sleeper (2+2)
https://www.redbus.in/bus-tickets/delhi-to-chandigarh,Delhi to Chandigarh,Jamna Travels (Delhi),18:30,05h 29m,23:59,3.9,599,24,A/C Seater / Sleeper (2+2)
https://www.redbus.in/bus-tickets/delhi-to-chandigarh,Delhi to Chandigarh,Laxmi holidays,18:30,05h 15m,23:45,4.5,500,19,Volvo 9600 A/C Semi Sleeper (2+2)
https://www.redbus.in/bus-tickets/delhi-to-chandigarh,Delhi to Chandigarh,IntrCity SmartBus,18:30,05h 28m,23:58,4.7,409,33,VE A/C Seater / Sleeper (2+1)
https://www.redbus.in/bus-tickets/delhi-to-chandigarh,Delhi to Chandigarh,Ram Dalal Holidays,18:30,05h 28m,23:58,3.9,399,29,Bharat Benz A/C Sleeper (2+1)
https://www.redbus.in/bus-tickets/delhi-to-chandigarh,Delhi to Chandigarh,Laxmi holidays,18:30,05h 15m,23:45,4.6,500,27,Volvo 9600 A/C Semi Sleeper (2+2)
https://www.redbus.in/bus-tickets/delhi-to-chandigarh,Delhi to Chandigarh,Ram Dalal Holidays,18:45,04h 40m,23:25,3.8,500,38,Bharat Benz A/C Semi Sleeper (2+2)
https://www.redbus.in/bus-tickets/delhi-to-chandigarh,Delhi to Chandigarh,Zingbus Plus,18:45,05h 50m,00:35,4.7,724,22,Volvo 9600 A/C Semi Sleeper (2+2)
https://www.redbus.in/bus-tickets/delhi-to-chandigarh,Delhi to Chandigarh,Holiday Appeal Private Limited,19:00,04h 59m,23:59,5.0,699,38,Volvo A/C Semi Sleeper (2+2)
https://www.redbus.in/bus-tickets/delhi-to-chandigarh,Delhi to Chandigarh,Deltin Travels Pvt Ltd,19:00,05h 30m,00:30,4.2,500,25,Bharat Benz A/C Seater /Sleeper (2+1)
https://www.redbus.in/bus-tickets/delhi-to-chandigarh,Delhi to Chandigarh,Subh Yatri Holidays,19:00,05h 45m,00:45,3.4,630,31,Volvo A/C Semi Sleeper (2+2)
https://www.redbus.in/bus-tickets/delhi-to-chandigarh,Delhi to Chandigarh,NueGo,19:00,05h 15m,00:15,4.1,339,42,Electric A/C Seater (2+2)
https://www.redbus.in/bus-tickets/delhi-to-chandigarh,Delhi to Chandigarh,Laxmi holidays,19:00,05h 15m,00:15,4.6,499,36,Volvo 9600 A/C Semi Sleeper (2+2)
https://www.redbus.in/bus-tickets/delhi-to-chandigarh,Delhi to Chandigarh,Ram Dalal Holidays,19:00,05h 30m,00:30,4.5,399,33,Bharat Benz A/C Sleeper (2+1)
https://www.redbus.in/bus-tickets/delhi-to-chandigarh,Delhi to Chandigarh,Laxmi holidays,19:00,04h 55m,23:55,4.6,500,9,Volvo 9600 A/C Semi Sleeper (2+2)
https://www.redbus.in/bus-tickets/delhi-to-chandigarh,Delhi to Chandigarh,King Luxuries,19:10,06h 50m,02:00,4.5,594,31,Bharat Benz A/C Sleeper (2+1)
https://www.redbus.in/bus-tickets/delhi-to-chandigarh,Delhi to Chandigarh,Zingbus Plus,19:45,05h 00m,00:45,4.7,672,19,Volvo A/C Semi Sleeper (2+2)
https://www.redbus.in/bus-tickets/delhi-to-chandigarh,Delhi to Chandigarh,PAL Travel Lines,19:15,04h 30m,23:45,3.3,584,13,Volvo A/C Semi Sleeper (2+2)
https://www.redbus.in/bus-tickets/delhi-to-chandigarh,Delhi to Chandigarh,City Land Travels,19:25,05h 40m,01:05,4.5,540,29,Volvo A/C B11R Multi Axle Semi Sleeper (2+2)
https://www.redbus.in/bus-tickets/delhi-to-chandigarh,Delhi to Chandigarh,Laxmi holidays,19:30,05h 10m,00:40,4.5,450,21,Volvo A/C Semi Sleeper (2+2)
https://www.redbus.in/bus-tickets/delhi-to-chandigarh,Delhi to Chandigarh,VT Bus,19:30,05h 10m,00:40,3.8,600,36,A/C Semi Sleeper (2+2)
https://www.redbus.in/bus-tickets/delhi-to-chandigarh,Delhi to Chandigarh,Zingbus Plus,20:30,05h 40m,02:10,4.4,599,29,Volvo 9600 A/C Semi Sleeper (2+2)
https://www.redbus.in/bus-tickets/delhi-to-chandigarh,Delhi to Chandigarh,IntrCity SmartBus,19:30,05h 35m,01:05,4.4,450,33,A/C Seater / Sleeper (2+1)
https://www.redbus.in/bus-tickets/delhi-to-chandigarh,Delhi to Chandigarh,Laxmi holidays,19:30,05h 40m,01:10,4.4,499,25,Bharat Benz A/C Seater /Sleeper (2+1)
https://www.redbus.in/bus-tickets/delhi-to-chandigarh,Delhi to Chandigarh,Laxmi holidays,19:30,05h 00m,00:30,4.2,500,39,Scania Multi-Axle AC Semi Sleeper (2+2)
https://www.redbus.in/bus-tickets/delhi-to-chandigarh,Delhi to Chandigarh,Ram Dalal Holidays,20:00,06h 05m,02:05,3.3,600,23,Volvo 9600 A/C Semi Sleeper (2+2)
https://www.redbus.in/bus-tickets/delhi-to-chandigarh,Delhi to Chandigarh,Deltin Travels Pvt Ltd,20:00,05h 00m,01:00,4.2,600,31,VE A/C Seater / Sleeper (2+1)
https://www.redbus.in/bus-tickets/delhi-to-chandigarh,Delhi to Chandigarh,Zingbus Plus,20:00,05h 40m,01:40,4.7,436,22,Volvo 9600 A/C Semi Sleeper (2+2)
https://www.redbus.in/bus-tickets/delhi-to-chandigarh,Delhi to Chandigarh,SIDDHI VINAYAK TRAVELS,20:00,05h 35m,01:35,3.3,550,50,Volvo A/C B11R Multi Axle Semi Sleeper (2+2)
https://www.redbus.in/bus-tickets/delhi-to-chandigarh,Delhi to Chandigarh,Gola Bus Service,20:00,05h 30m,01:30,4.5,409,37,A/C Seater/Sleeper (2+1)
https://www.redbus.in/bus-tickets/delhi-to-chandigarh,Delhi to Chandigarh,Northern Travels,20:00,03h 15m,23:15,3.3,500,35,Volvo A/C Semi Sleeper (2+2)
https://www.redbus.in/bus-tickets/delhi-to-chandigarh,Delhi to Chandigarh,Zingbus Plus,21:00,05h 00m,02:00,4.6,426,24,Volvo 9600 A/C Semi Sleeper (2+2)
https://www.redbus.in/bus-tickets/delhi-to-chandigarh,Delhi to Chandigarh,Laxmi holidays,20:00,05h 00m,01:00,4.8,548,18,Volvo A/C Semi Sleeper (2+2)
https://www.redbus.in/bus-tickets/delhi-to-chandigarh,Delhi to Chandigarh,VT Bus,20:00,05h 30m,01:30,3.8,600,39,Scania Multi-Axle AC Semi Sleeper (2+2)
https://www.redbus.in/bus-tickets/delhi-to-chandigarh,Delhi to Chandigarh,Northern Travels,20:00,05h 20m,01:20,3.3,510,9,Volvo A/C Semi Sleeper (2+2)
https://www.redbus.in/bus-tickets/delhi-to-chandigarh,Delhi to Chandigarh,Laxmi holidays,20:00,04h 50m,00:50,4.7,499,29,Volvo A/C Semi Sleeper (2+2)
https://www.redbus.in/bus-tickets/delhi-to-chandigarh,Delhi to Chandigarh,Zingbus Plus,21:15,05h 35m,02:50,4.8,500,37,Scania Multi-Axle AC Semi Sleeper (2+2)
https://www.redbus.in/bus-tickets/delhi-to-chandigarh,Delhi to Chandigarh,Laxmi holidays,20:00,05h 10m,01:10,4.3,499,16,Volvo 9600 A/C Semi Sleeper (2+2)
https://www.redbus.in/bus-tickets/delhi-to-chandigarh,Delhi to Chandigarh,NueGo,20:00,05h 15m,01:15,4.1,339,40,Electric A/C Seater (2+2)
https://www.redbus.in/bus-tickets/delhi-to-chandigarh,Delhi to Chandigarh,Ram Dalal Holidays,20:00,05h 15m,01:15,4.7,524,8,Volvo 9600 A/C Semi Sleeper (2+2)
https://www.redbus.in/bus-tickets/delhi-to-chandigarh,Delhi to Chandigarh,Bedi Travels,20:15,05h 10m,01:25,4.8,456,17,Volvo 9600 A/C Semi Sleeper (2+2)
https://www.redbus.in/bus-tickets/delhi-to-chandigarh,Delhi to Chandigarh,Kashi Bus,20:15,04h 45m,01:00,3.9,500,28,Scania Multi-Axle AC Semi Sleeper (2+2)
https://www.redbus.in/bus-tickets/delhi-to-chandigarh,Delhi to Chandigarh,Yash Holidays,20:15,04h 47m,01:02,3.5,500,45,Bharat Benz A/C Semi Sleeper (2+2)
https://www.redbus.in/bus-tickets/delhi-to-chandigarh,Delhi to Chandigarh,Ram Dalal Holidays,20:15,05h 35m,01:50,5.0,499,31,Bharat Benz A/C Sleeper (2+1)
https://www.redbus.in/bus-tickets/delhi-to-chandigarh,Delhi to Chandigarh,Zingbus Plus,20:45,05h 40m,02:25,4.6,599,19,Volvo 9600 A/C Semi Sleeper (2+2)
https://www.redbus.in/bus-tickets/delhi-to-chandigarh,Delhi to Chandigarh,Vacation Express,20:15,05h 20m,01:35,3.5,500,37,Volvo 9600 Multi Axle Semi-Sleeper (2+2)
https://www.redbus.in/bus-tickets/delhi-to-chandigarh,Delhi to Chandigarh,New Walia Travels,20:15,05h 05m,01:20,4.8,550,23,Volvo 9600 A/C Semi Sleeper (2+2)
https://www.redbus.in/bus-tickets/delhi-to-chandigarh,Delhi to Chandigarh,BIR BILLING TRAVELS,20:20,04h 50m,01:10,4.3,700,7,Volvo A/C Semi Sleeper (2+2)
https://www.redbus.in/bus-tickets/delhi-to-chandigarh,Delhi to Chandigarh,Awadh Travels,20:25,05h 20m,01:45,3.1,655,38,A/C Sleeper (2+2)
https://www.redbus.in/bus-tickets/delhi-to-chandigarh,Delhi to Chandigarh,ReoBus Pro,20:25,05h 15m,01:40,4.6,597,35,Volvo 9600 Multi Axle Semi-Sleeper (2+2)
https://www.redbus.in/bus-tickets/delhi-to-chandigarh,Delhi to Chandigarh,Zingbus Plus,23:30,05h 00m,04:30,4.6,405,26,Bharat Benz A/C Semi Sleeper (2+2)
https://www.redbus.in/bus-tickets/delhi-to-chandigarh,Delhi to Chandigarh,Laxmi holidays,20:30,05h 50m,02:20,4.6,499,44,Bharat Benz A/C Seater /Sleeper (2+1)
https://www.redbus.in/bus-tickets/delhi-to-chandigarh,Delhi to Chandigarh,Laxmi holidays,20:30,05h 05m,01:35,4.7,500,38,Scania Multi-Axle AC Semi Sleeper (2+2)
https://www.redbus.in/bus-tickets/delhi-to-chandigarh,Delhi to Chandigarh,Lavish Travels,20:30,06h 00m,02:30,3.0,647,48,A/C Seater / Sleeper (2+2)
https://www.redbus.in/bus-tickets/delhi-to-chandigarh,Delhi to Chandigarh,Zingbus Plus,21:45,05h 20m,03:05,4.7,434,28,Volvo A/C Semi Sleeper (2+2)
https://www.redbus.in/bus-tickets/delhi-to-chandigarh,Delhi to Chandigarh,CAPITAL HOLIDAYS,20:30,06h 00m,02:30,3.0,550,52,A/C Seater / Sleeper (2+2)
https://www.redbus.in/bus-tickets/delhi-to-chandigarh,Delhi to Chandigarh,Laxmi holidays,20:30,05h 00m,01:30,4.7,550,23,Volvo 9600 Multi Axle Semi-Sleeper (2+2)
https://www.redbus.in/bus-tickets/delhi-to-chandigarh,Delhi to Chandigarh,City Land Travels,20:30,05h 20m,01:50,4.5,619,28,A/C Seater/Sleeper (2+1)
https://www.redbus.in/bus-tickets/delhi-to-chandigarh,Delhi to Chandigarh,Laxmi holidays,20:30,05h 00m,01:30,4.7,499,31,Volvo A/C Semi Sleeper (2+2)
https://www.redbus.in/bus-tickets/delhi-to-chandigarh,Delhi to Chandigarh,PAL Travel Lines,20:35,04h 30m,01:05,3.3,584,31,Scania A/C Semi Sleeper (2+2)
https://www.redbus.in/bus-tickets/delhi-to-chandigarh,Delhi to Chandigarh,IntrCity SmartBus,20:45,05h 45m,02:30,4.4,419,30,Bharat Benz A/C Seater /Sleeper (2+1)
https://www.redbus.in/bus-tickets/delhi-to-chandigarh,Delhi to Chandigarh,Raghukul Holidays,21:00,05h 35m,02:35,4.2,540,22,Volvo A/C Semi Sleeper (2+2)
https://www.redbus.in/bus-tickets/delhi-to-chandigarh,Delhi to Chandigarh,Northern Travels,21:00,05h 15m,02:15,3.3,650,15,Volvo A/C Semi Sleeper (2+2)
https://www.redbus.in/bus-tickets/delhi-to-chandigarh,Delhi to Chandigarh,Laxmi holidays,21:00,04h 50m,01:50,4.5,539,39,Bharat Benz A/C Semi Sleeper (2+2)
https://www.redbus.in/bus-tickets/delhi-to-chandigarh,Delhi to Chandigarh,New Himalaya Travels,21:00,05h 10m,02:10,4.5,600,31,Volvo A/C Semi Sleeper (2+2)
https://www.redbus.in/bus-tickets/delhi-to-chandigarh,Delhi to Chandigarh,Laxmi holidays,21:00,05h 00m,02:00,4.4,400,20,Volvo 9600 A/C Semi Sleeper (2+2)
https://www.redbus.in/bus-tickets/delhi-to-chandigarh,Delhi to Chandigarh,Laxmi holidays,21:00,05h 30m,02:30,4.5,400,13,Volvo 9600 A/C Semi Sleeper (2+2)
https://www.redbus.in/bus-tickets/delhi-to-chandigarh,Delhi to Chandigarh,Ram Dalal Holidays,21:00,05h 00m,02:00,3.8,499,28,Bharat Benz A/C Sleeper (2+1)
https://www.redbus.in/bus-tickets/delhi-to-chandigarh,Delhi to Chandigarh,Vamika Travels,21:00,05h 30m,02:30,3.3,499,31,A/C Seater / Sleeper (2+2)
https://www.redbus.in/bus-tickets/delhi-to-chandigarh,Delhi to Chandigarh,Bedi Travels,21:00,04h 45m,01:45,4.7,732,21,Volvo 9600 Multi Axle Semi-Sleeper (2+2)
https://www.redbus.in/bus-tickets/delhi-to-chandigarh,Delhi to Chandigarh,Zingbus Plus,21:40,04h 55m,02:35,4.5,431,33,Volvo Multi-Axle A/C Semisleeper (2+2)
https://www.redbus.in/bus-tickets/delhi-to-chandigarh,Delhi to Chandigarh,Himalayan Nomad Ktc,21:00,04h 40m,01:40,4.1,531,1,Volvo A/C Semi Sleeper (2+2)
https://www.redbus.in/bus-tickets/delhi-to-chandigarh,Delhi to Chandigarh,SHARMA EXPRESS,21:15,06h 15m,03:30,3.5,450,48,A/C Seater / Sleeper (2+2)
https://www.redbus.in/bus-tickets/delhi-to-chandigarh,Delhi to Chandigarh,Big Bus,21:15,05h 00m,02:15,3.3,500,42,A/C Seater / Sleeper (2+2)
https://www.redbus.in/bus-tickets/delhi-to-chandigarh,Delhi to Chandigarh,Ram Dalal Holidays,21:20,04h 40m,02:00,4.9,700,11,Volvo A/C Semi Sleeper (2+2)
https://www.redbus.in/bus-tickets/delhi-to-chandigarh,Delhi to Chandigarh,Laxmi holidays,21:20,05h 20m,02:40,4.5,629,49,Scania Multi-Axle AC Semi Sleeper (2+2)
https://www.redbus.in/bus-tickets/delhi-to-chandigarh,Delhi to Chandigarh,City Land Travels,21:25,06h 00m,03:25,3.7,583,37,Volvo A/C B11R Multi Axle Semi Sleeper (2+2)
https://www.redbus.in/bus-tickets/delhi-to-chandigarh,Delhi to Chandigarh,Zingbus Plus,23:15,05h 25m,04:40,4.6,434,16,Volvo 9600 A/C Semi Sleeper (2+2)
https://www.redbus.in/bus-tickets/delhi-to-chandigarh,Delhi to Chandigarh,RS Yadav Smart Bus,21:30,05h 40m,03:10,4.3,599,40,VE A/C Semi Sleeper (2+2)
https://www.redbus.in/bus-tickets/delhi-to-chandigarh,Delhi to Chandigarh,IntrCity SmartBus,21:30,05h 15m,02:45,4.7,599,22,Volvo 9600 A/C Semi Sleeper (2+2)
https://www.redbus.in/bus-tickets/delhi-to-chandigarh,Delhi to Chandigarh,Ashok Bus Service,21:30,05h 15m,02:45,4.1,719,36,A/C Seater / Sleeper (2+2)
https://www.redbus.in/bus-tickets/delhi-to-chandigarh,Delhi to Chandigarh,Deltin Travels Pvt Ltd,21:30,04h 29m,01:59,4.2,600,28,Scania Multi-Axle AC Semi Sleeper (2+2)
https://www.redbus.in/bus-tickets/delhi-to-chandigarh,Delhi to Chandigarh,Northern Travels,21:30,04h 45m,02:15,3.3,500,41,Volvo A/C Semi Sleeper (2+2)
https://www.redbus.in/bus-tickets/delhi-to-chandigarh,Delhi to Chandigarh,Laxmi holidays,21:30,05h 00m,02:30,4.1,539,20,Volvo A/C Semi Sleeper (2+2)
https://www.redbus.in/bus-tickets/delhi-to-chandigarh,Delhi to Chandigarh,Laxmi holidays,21:30,04h 55m,02:25,4.7,500,35,Volvo 9600 A/C Semi Sleeper (2+2)
https://www.redbus.in/bus-tickets/delhi-to-chandigarh,Delhi to Chandigarh,Zingbus Plus,21:30,05h 30m,03:00,4.3,658,28,Volvo 9600 A/C Semi Sleeper (2+2)
https://www.redbus.in/bus-tickets/delhi-to-chandigarh,Delhi to Chandigarh,IntrCity SmartBus,21:30,05h 15m,02:45,4.4,663,24,VE A/C Sleeper (2+1)
https://www.redbus.in/bus-tickets/delhi-to-chandigarh,Delhi to Chandigarh,Northern Travels,21:30,04h 30m,02:00,3.3,620,14,Volvo A/C Semi Sleeper (2+2)
https://www.redbus.in/bus-tickets/delhi-to-chandigarh,Delhi to Chandigarh,PAL Travel Lines,21:30,04h 45m,02:15,3.3,649,35,Volvo A/C Semi Sleeper (2+2)
https://www.redbus.in/bus-tickets/delhi-to-chandigarh,Delhi to Chandigarh,Zingbus Plus,21:35,05h 10m,02:45,4.8,670,18,A/C Sleeper (2+1)
https://www.redbus.in/bus-tickets/delhi-to-chandigarh,Delhi to Chandigarh,Goel Tourist (Regd),21:40,05h 40m,03:20,3.0,500,37,A/C Seater / Sleeper (2+2)
https://www.redbus.in/bus-tickets/delhi-to-chandigarh,Delhi to Chandigarh,Laxmi holidays,21:40,05h 10m,02:50,4.5,500,30,Volvo 9600 A/C Semi Sleeper (2+2)
https://www.redbus.in/bus-tickets/delhi-to-chandigarh,Delhi to Chandigarh,IntrCity SmartBus,21:45,05h 35m,03:20,4.3,429,40,Bharat Benz A/C Seater /Sleeper (2+1)
https://www.redbus.in/bus-tickets/delhi-to-chandigarh,Delhi to Chandigarh,Bedi Travels,21:45,04h 45m,02:30,4.4,456,21,Volvo 9600 A/C Semi Sleeper (2+2)
https://www.redbus.in/bus-tickets/delhi-to-chandigarh,Delhi to Chandigarh,Vacation Express,21:45,05h 20m,03:05,3.5,500,39,Volvo 9600 Multi Axle Semi-Sleeper (2+2)
https://www.redbus.in/bus-tickets/delhi-to-chandigarh,Delhi to Chandigarh,Ram Dalal Holidays,21:45,04h 30m,02:15,3.5,699,12,Volvo A/C Semi Sleeper (2+2)
https://www.redbus.in/bus-tickets/delhi-to-chandigarh,Delhi to Chandigarh,Northern Travels,21:50,03h 35m,01:25,3.3,500,49,Scania Multi-Axle AC Semi Sleeper (2+2)
https://www.redbus.in/bus-tickets/delhi-to-chandigarh,Delhi to Chandigarh,Ram Dalal Holidays,21:50,06h 25m,04:15,3.1,550,13,Volvo A/C Semi Sleeper (2+2)
https://www.redbus.in/bus-tickets/delhi-to-chandigarh,Delhi to Chandigarh,Laxmi holidays,22:00,05h 00m,03:00,4.7,599,51,Volvo Multi-Axle A/C Semi Sleeper (2+2)
https://www.redbus.in/bus-tickets/delhi-to-chandigarh,Delhi to Chandigarh,Laxmi holidays,22:00,04h 40m,02:40,4.8,699,25,Volvo A/C Semi Sleeper (2+2)
https://www.redbus.in/bus-tickets/delhi-to-chandigarh,Delhi to Chandigarh,Ram Dalal Holidays,22:00,05h 00m,03:00,4.7,600,26,Volvo 9600 Multi Axle Semi-Sleeper (2+2)
https://www.redbus.in/bus-tickets/delhi-to-chandigarh,Delhi to Chandigarh,Shub Yatra Holidays,22:00,05h 30m,03:30,3.1,629,39,A/C Sleeper (2+2)
https://www.redbus.in/bus-tickets/delhi-to-chandigarh,Delhi to Chandigarh,Zingbus Plus,22:00,05h 25m,03:25,5.0,756,17,Volvo 9600 A/C Semi Sleeper (2+2)
https://www.redbus.in/bus-tickets/delhi-to-chandigarh,Delhi to Chandigarh,Laxmi holidays,22:00,05h 20m,03:20,4.7,719,29,Volvo 9600 Multi Axle Semi-Sleeper (2+2)
https://www.redbus.in/bus-tickets/delhi-to-chandigarh,Delhi to Chandigarh,RS Yadav Smart Bus,22:00,05h 39m,03:39,4.3,699,33,Volvo 9600 A/C Semi Sleeper (2+2)
https://www.redbus.in/bus-tickets/delhi-to-chandigarh,Delhi to Chandigarh,NueGo,22:00,05h 15m,03:15,3.7,428,36,Electric A/C Seater/Sleeper (2+1)
https://www.redbus.in/bus-tickets/delhi-to-chandigarh,Delhi to Chandigarh,Ram Dalal Holidays,22:00,06h 05m,04:05,3.9,499,37,Bharat Benz A/C Sleeper (2+1)
https://www.redbus.in/bus-tickets/delhi-to-chandigarh,Delhi to Chandigarh,IntrCity SmartBus,22:00,05h 15m,03:15,5.0,599,25,Volvo 9600 A/C Semi Sleeper (2+2)
https://www.redbus.in/bus-tickets/delhi-to-chandigarh,Delhi to Chandigarh,RK Holiday,22:00,05h 00m,03:00,3.1,470,30,A/C Seater / Sleeper (2+2)
https://www.redbus.in/bus-tickets/delhi-to-chandigarh,Delhi to Chandigarh,IntrCity SmartBus,22:00,06h 25m,04:25,4.6,449,36,Bharat Benz A/C Seater /Sleeper (2+1)
https://www.redbus.in/bus-tickets/delhi-to-chandigarh,Delhi to Chandigarh,Everest Holidays,22:00,05h 15m,03:15,3.0,710,35,Volvo A/C Semi Sleeper (2+2)
https://www.redbus.in/bus-tickets/delhi-to-chandigarh,Delhi to Chandigarh,Yolo Bus,22:00,04h 42m,02:42,4.7,550,30,Bharat Benz A/C Semi Sleeper (2+2)
https://www.redbus.in/bus-tickets/delhi-to-chandigarh,Delhi to Chandigarh,VT Bus,22:05,04h 55m,03:00,3.8,600,41,Scania Multi-Axle AC Semi Sleeper (2+2)
https://www.redbus.in/bus-tickets/delhi-to-chandigarh,Delhi to Chandigarh,ReoBus Pro,22:25,05h 00m,03:25,4.6,597,43,Volvo 9600 Multi Axle Semi-Sleeper (2+2)
https://www.redbus.in/bus-tickets/delhi-to-chandigarh,Delhi to Chandigarh,Northern Travels,22:25,03h 35m,02:00,3.3,500,49,Scania Multi-Axle AC Semi Sleeper (2+2)
https://www.redbus.in/bus-tickets/delhi-to-chandigarh,Delhi to Chandigarh,Ram Dalal Holidays,22:30,04h 30m,03:00,5.0,630,20,Volvo 9600 A/C Semi Sleeper (2+2)
https://www.redbus.in/bus-tickets/delhi-to-chandigarh,Delhi to Chandigarh,Laxmi holidays,22:30,05h 05m,03:35,4.4,530,37,Scania Multi-Axle AC Semi Sleeper (2+2)
https://www.redbus.in/bus-tickets/delhi-to-chandigarh,Delhi to Chandigarh,Laxmi holidays,22:30,04h 55m,03:25,4.8,699,24,Volvo 9600 A/C Semi Sleeper (2+2)
https://www.redbus.in/bus-tickets/delhi-to-chandigarh,Delhi to Chandigarh,Deltin Travels Pvt Ltd,22:30,04h 40m,03:10,4.1,570,25,Volvo 9600 A/C Semi Sleeper (2+2)
https://www.redbus.in/bus-tickets/delhi-to-chandigarh,Delhi to Chandigarh,City Land Travels,23:55,04h 20m,04:15,3.8,583,39,Scania Multi-Axle AC Semi Sleeper (2+2)
https://www.redbus.in/bus-tickets/delhi-to-chandigarh,Delhi to Chandigarh,Laxmi holidays,22:30,05h 15m,03:45,4.7,499,37,Bharat Benz A/C Seater /Sleeper (2+1)
https://www.redbus.in/bus-tickets/delhi-to-chandigarh,Delhi to Chandigarh,Muskan Tour And Travels private Limited,22:40,04h 10m,02:50,4.2,699,36,Volvo Multi-Axle I-Shift B11R Semi Sleeper (2+2)
https://www.redbus.in/bus-tickets/delhi-to-chandigarh,Delhi to Chandigarh,Laxmi holidays,22:40,05h 10m,03:50,4.6,500,42,Scania Multi-Axle AC Semi Sleeper (2+2)
https://www.redbus.in/bus-tickets/delhi-to-chandigarh,Delhi to Chandigarh,Laxmi holidays,22:45,05h 10m,03:55,3.1,400,1,Bharat Benz A/C Seater /Sleeper (2+1)
https://www.redbus.in/bus-tickets/delhi-to-chandigarh,Delhi to Chandigarh,Vacation Express,22:45,05h 20m,04:05,3.5,500,31,Volvo 9600 Multi Axle Semi-Sleeper (2+2)
https://www.redbus.in/bus-tickets/delhi-to-chandigarh,Delhi to Chandigarh,FlixBus,19:45,05h 55m,01:40,4.2,891.96,45,Bharat Benz A/C Seater (2+2)
https://www.redbus.in/bus-tickets/delhi-to-chandigarh,Delhi to Chandigarh,FlixBus,23:15,05h 40m,04:55,4.2,793.75,49,A/C Seater (2+2)
https://www.redbus.in/bus-tickets/delhi-to-chandigarh,Delhi to Chandigarh,Laxmi holidays,22:50,04h 45m,03:35,4.9,529,44,Scania Multi-Axle AC Semi Sleeper (2+2)
https://www.redbus.in/bus-tickets/delhi-to-chandigarh,Delhi to Chandigarh,Zingbus Plus,22:55,05h 00m,03:55,4.6,599,19,Bharat Benz A/C Semi Sleeper (2+2)
https://www.redbus.in/bus-tickets/delhi-to-chandigarh,Delhi to Chandigarh,Laxmi holidays,23:00,05h 10m,04:10,4.7,599,49,Volvo 9600 Multi Axle Semi-Sleeper (2+2)
https://www.redbus.in/bus-tickets/delhi-to-chandigarh,Delhi to Chandigarh,Ram Dalal Holidays,23:00,05h 45m,04:45,4.8,600,27,Mercedes Multi-Axle Semi Sleeper (2+2)
https://www.redbus.in/bus-tickets/delhi-to-chandigarh,Delhi to Chandigarh,Bedi Travels,23:00,04h 50m,03:50,4.0,475,23,Volvo A/C Semi Sleeper (2+2)
https://www.redbus.in/bus-tickets/delhi-to-chandigarh,Delhi to Chandigarh,Ram Dalal Holidays,23:00,06h 05m,05:05,4.4,550,25,Bharat Benz A/C Sleeper (2+1)
https://www.redbus.in/bus-tickets/delhi-to-chandigarh,Delhi to Chandigarh,NueGo,23:00,05h 35m,04:35,4.2,580,25,Electric A/C Seater (2+2)
https://www.redbus.in/bus-tickets/delhi-to-chandigarh,Delhi to Chandigarh,Laxmi holidays,23:00,05h 10m,04:10,4.2,449,39,Bharat Benz A/C Seater /Sleeper (2+1)
https://www.redbus.in/bus-tickets/delhi-to-chandigarh,Delhi to Chandigarh,OurBus India Limited,23:00,06h 00m,05:00,4.1,439,35,Bharat Benz A/C Semi Sleeper (2+2)
https://www.redbus.in/bus-tickets/delhi-to-chandigarh,Delhi to Chandigarh,Ram Dalal Holidays,23:00,05h 35m,04:35,3.5,600,32,Volvo A/C Semi Sleeper (2+2)
https://www.redbus.in/bus-tickets/delhi-to-chandigarh,Delhi to Chandigarh,IntrCity SmartBus,23:00,05h 15m,04:15,5.0,599,32,Volvo A/C Semi Sleeper (2+2)
https://www.redbus.in/bus-tickets/delhi-to-chandigarh,Delhi to Chandigarh,Deltin Travels Pvt Ltd,23:05,04h 30m,03:35,4.2,500,26,Scania Multi-Axle AC Semi Sleeper (2+2)
https://www.redbus.in/bus-tickets/delhi-to-chandigarh,Delhi to Chandigarh,Deltin Travels Pvt Ltd,23:10,04h 30m,03:40,3.3,500,21,Scania Multi-Axle AC Semi Sleeper (2+2)
https://www.redbus.in/bus-tickets/delhi-to-chandigarh,Delhi to Chandigarh,Yolo Bus,23:14,04h 42m,03:56,3.9,710,29,Bharat Benz A/C Semi Sleeper (2+2)
https://www.redbus.in/bus-tickets/delhi-to-chandigarh,Delhi to Chandigarh,Deltin Travels Pvt Ltd,23:20,05h 10m,04:30,4.8,550,31,Scania Multi-Axle AC Semi Sleeper (2+2)
https://www.redbus.in/bus-tickets/delhi-to-chandigarh,Delhi to Chandigarh,Northern Travels,23:20,05h 00m,04:20,3.3,500,47,Scania Multi-Axle AC Semi Sleeper (2+2)
https://www.redbus.in/bus-tickets/delhi-to-chandigarh,Delhi to Chandigarh,ReoBus Pro,23:25,05h 05m,04:30,5.0,597,42,Volvo 9600 Multi Axle Semi-Sleeper (2+2)
https://www.redbus.in/bus-tickets/delhi-to-chandigarh,Delhi to Chandigarh,Laxmi holidays,23:25,04h 50m,04:15,4.5,550,29,Volvo A/C Semi Sleeper (2+2)
https://www.redbus.in/bus-tickets/delhi-to-chandigarh,Delhi to Chandigarh,Laxmi holidays,23:30,05h 10m,04:40,4.9,499,37,Volvo 9600 A/C Semi Sleeper (2+2)
https://www.redbus.in/bus-tickets/delhi-to-chandigarh,Delhi to Chandigarh,Laxmi holidays,23:30,05h 10m,04:40,4.6,399,34,Scania Multi-Axle AC Semi Sleeper (2+2)
https://www.redbus.in/bus-tickets/delhi-to-chandigarh,Delhi to Chandigarh,NueGo,23:40,05h 25m,05:05,3.8,724,18,Electric A/C Semi Sleeper (2+2)
https://www.redbus.in/bus-tickets/delhi-to-chandigarh,Delhi to Chandigarh,VT Bus,23:40,05h 20m,05:00,3.8,700,45,Scania Multi-Axle AC Semi Sleeper (2+2)
https://www.redbus.in/bus-tickets/delhi-to-chandigarh,Delhi to Chandigarh,Laxmi holidays,23:50,05h 00m,04:50,4.9,719,36,Volvo 9600 A/C Semi Sleeper (2+2)
https://www.redbus.in/bus-tickets/delhi-to-chandigarh,Delhi to Chandigarh,Deltin Travels Pvt Ltd,23:50,05h 19m,05:09,4.9,630,23,Volvo 9600 Multi Axle Semi-Sleeper (2+2)
https://www.redbus.in/bus-tickets/delhi-to-chandigarh,Delhi to Chandigarh,NueGo,23:55,05h 15m,05:10,3.8,428,26,Electric A/C Seater/Sleeper (2+1)
https://www.redbus.in/bus-tickets/delhi-to-chandigarh,Delhi to Chandigarh,Ravina Travels (Regd),12:30,05h 45m,18:15,2.9,599,28,A/C Sleeper (2+1)
https://www.redbus.in/bus-tickets/delhi-to-chandigarh,Delhi to Chandigarh,CAPITAL HOLIDAYS,17:00,06h 00m,23:00,1.0,550,52,A/C Seater / Sleeper (2+2)
https://www.redbus.in/bus-tickets/delhi-to-chandigarh,Delhi to Chandigarh,Goel Tourist (Regd),17:30,05h 45m,23:15,2.5,400,22,A/C Seater / Sleeper (2+2)
https://www.redbus.in/bus-tickets/delhi-to-chandigarh,Delhi to Chandigarh,Holiday Appeal Private Limited,18:00,05h 15m,23:15,2.5,699,28,Volvo A/C Semi Sleeper (2+2)
https://www.redbus.in/bus-tickets/delhi-to-chandigarh,Delhi to Chandigarh,Perfect Holiday,18:20,05h 30m,23:50,2.8,636,42,VE A/C Sleeper (2+2)
https://www.redbus.in/bus-tickets/delhi-to-chandigarh,Delhi to Chandigarh,JSM Travels,18:30,28h 00m,22:30,3.5,550,41,Volvo A/C Semi Sleeper (2+2)
https://www.redbus.in/bus-tickets/delhi-to-chandigarh,Delhi to Chandigarh,Travel hub,18:45,07h 05m,01:50,2.3,495,27,Volvo A/C Semi Sleeper (2+2)
https://www.redbus.in/bus-tickets/delhi-to-chandigarh,Delhi to Chandigarh,Himalayan Nomad Ktc,19:00,05h 30m,00:30,2.5,675,5,Volvo A/C Semi Sleeper (2+2)
https://www.redbus.in/bus-tickets/delhi-to-chandigarh,Delhi to Chandigarh,JSR HOLIDAYS,19:00,04h 59m,23:59,2.6,568,29,Volvo A/C Semi Sleeper (2+2)
https://www.redbus.in/bus-tickets/delhi-to-chandigarh,Delhi to Chandigarh,JN HOLIDAYS,19:30,04h 29m,23:59,1.4,550,26,Volvo Multi-Axle I-Shift B11R Semi Sleeper (2+2)
https://www.redbus.in/bus-tickets/delhi-to-chandigarh,Delhi to Chandigarh,Maheshwaram Travels,19:40,05h 30m,01:10,2.2,547,32,A/C Seater / Sleeper (2+2)
https://www.redbus.in/bus-tickets/delhi-to-chandigarh,Delhi to Chandigarh,G.T.SHolidays,20:05,04h 55m,01:00,2.6,539,38,Bharat Benz A/C Semi Sleeper (2+2)
https://www.redbus.in/bus-tickets/delhi-to-chandigarh,Delhi to Chandigarh,Ram Dalal Holidays,20:30,04h 40m,01:10,2.9,450,38,Volvo A/C Semi Sleeper (2+2)
https://www.redbus.in/bus-tickets/delhi-to-chandigarh,Delhi to Chandigarh,Deltin Travels Pvt Ltd,20:30,05h 25m,01:55,2.2,600,20,Volvo 9600 A/C Semi Sleeper (2+2)
https://www.redbus.in/bus-tickets/delhi-to-chandigarh,Delhi to Chandigarh,Travel Zap India Pvt LTD.,20:30,03h 29m,23:59,2.5,499,32,Volvo A/C Semi Sleeper (2+2)
https://www.redbus.in/bus-tickets/delhi-to-chandigarh,Delhi to Chandigarh,SHAH HOLIDAY TRAVEL,20:45,06h 30m,03:15,2.8,599,37,Bharat Benz A/C Seater / Sleeper (2+2)
https://www.redbus.in/bus-tickets/delhi-to-chandigarh,Delhi to Chandigarh,Himalayan Nomad Ktc,20:45,04h 40m,01:25,1.9,396,5,Volvo A/C Semi Sleeper (2+2)
https://www.redbus.in/bus-tickets/delhi-to-chandigarh,Delhi to Chandigarh,Smart Airbus,21:00,03h 15m,00:15,2.3,735,41,Scania Multi-Axle AC Semi Sleeper (2+2)
https://www.redbus.in/bus-tickets/delhi-to-chandigarh,Delhi to Chandigarh,Travel hub,21:00,06h 35m,03:35,2.3,494,12,Volvo A/C Semi Sleeper (2+2)
https://www.redbus.in/bus-tickets/delhi-to-chandigarh,Delhi to Chandigarh,Travel hub,21:30,05h 35m,03:05,2.3,477,15,Volvo A/C Semi Sleeper (2+2)
https://www.redbus.in/bus-tickets/delhi-to-chandigarh,Delhi to Chandigarh,Just Bus,21:54,04h 49m,02:43,2.7,300,36,A/C Seater / Sleeper (2+1)
https://www.redbus.in/bus-tickets/delhi-to-chandigarh,Delhi to Chandigarh,Travel Point,22:00,05h 45m,03:45,4.9,723,40,A/C Seater / Sleeper (2+2)
https://www.redbus.in/bus-tickets/delhi-to-chandigarh,Delhi to Chandigarh,Indo Canadian Transport Company,16:30,08h 15m,00:45,4.9,3300,51,Mercedes A/C Semi Sleeper (2+2)
https://www.redbus.in/bus-tickets/delhi-to-chandigarh,Delhi to Chandigarh,FlixBus,17:00,06h 05m,23:05,3.0,789,32,Bharat Benz A/C Sleeper (2+1)
https://www.redbus.in/bus-tickets/delhi-to-chandigarh,Delhi to Chandigarh,KVS Holidays,17:00,05h 30m,22:30,3.6,1599,29,A/C Seater / Sleeper (2+2)
https://www.redbus.in/bus-tickets/delhi-to-chandigarh,Delhi to Chandigarh,Lucky Bus Service,17:30,06h 15m,23:45,3.1,764,32,VE A/C Sleeper (2+2)
https://www.redbus.in/bus-tickets/delhi-to-chandigarh,Delhi to Chandigarh,FlixBus,17:30,06h 35m,00:05,3.3,837.5,37,Bharat Benz A/C Seater (2+2)
https://www.redbus.in/bus-tickets/delhi-to-chandigarh,Delhi to Chandigarh,Big Bus,17:35,05h 25m,23:00,3.9,899,44,A/C Seater / Sleeper (2+2)
https://www.redbus.in/bus-tickets/delhi-to-chandigarh,Delhi to Chandigarh,FlixBus,18:00,06h 40m,00:40,4.8,793.75,41,Volvo 9600 A/C Seater (2+2)
https://www.redbus.in/bus-tickets/delhi-to-chandigarh,Delhi to Chandigarh,FlixBus,18:00,06h 50m,00:50,4.3,793.75,42,AC Seater (2+2)
https://www.redbus.in/bus-tickets/delhi-to-chandigarh,Delhi to Chandigarh,Laxmi holidays,18:30,05h 20m,23:50,3.6,810,25,Volvo 9600 Multi-Axle A/C Sleeper (2+1)
https://www.redbus.in/bus-tickets/delhi-to-chandigarh,Delhi to Chandigarh,Lucky Bus Service,18:30,06h 30m,01:00,3.9,1979,32,Volvo A/C Sleeper (2+2)
https://www.redbus.in/bus-tickets/delhi-to-chandigarh,Delhi to Chandigarh,Hari Das Tour &Travels,18:35,05h 45m,00:20,3.1,849,29,Bharat Benz A/C Seater /Sleeper (2+1)
https://www.redbus.in/bus-tickets/delhi-to-chandigarh,Delhi to Chandigarh,RK Holiday,18:40,05h 15m,23:55,3.9,759,31,A/C Seater / Sleeper (2+2)
https://www.redbus.in/bus-tickets/delhi-to-chandigarh,Delhi to Chandigarh,BSS Cool Cool Travels,19:00,05h 20m,00:20,3.3,1599,8,A/C Seater / Sleeper (2+2)
https://www.redbus.in/bus-tickets/delhi-to-chandigarh,Delhi to Chandigarh,PAL Travel Lines,19:10,04h 59m,00:09,3.8,1124,28,Bharat Benz A/C Semi Sleeper (2+2)
https://www.redbus.in/bus-tickets/delhi-to-chandigarh,Delhi to Chandigarh,Cab India Travels,19:20,05h 50m,01:10,3.5,1299,32,Volvo A/C Semi Sleeper (2+2)
https://www.redbus.in/bus-tickets/delhi-to-chandigarh,Delhi to Chandigarh,MAHARANI HOLIDAYS,19:20,04h 39m,23:59,4.2,854,40,Volvo Multi-Axle A/C Seater (2+2)
https://www.redbus.in/bus-tickets/delhi-to-chandigarh,Delhi to Chandigarh,FlixBus,19:30,06h 05m,01:35,3.5,882.14,18,Volvo 9600 A/C Seater (2+2)
https://www.redbus.in/bus-tickets/delhi-to-chandigarh,Delhi to Chandigarh,MAHARANI HOLIDAYS,19:30,06h 00m,01:30,4.9,3599,37,Volvo Multi-Axle A/C Seater (2+2)
https://www.redbus.in/bus-tickets/delhi-to-chandigarh,Delhi to Chandigarh,Indo Canadian Transport Company,19:30,08h 15m,03:45,3.1,3300,51,Mercedes A/C Semi Sleeper (2+2)
https://www.redbus.in/bus-tickets/delhi-to-chandigarh,Delhi to Chandigarh,HIMALAYAN HOLIDAYS,19:30,04h 29m,23:59,4.7,1042,21,Scania A/C Semi Sleeper (2+2)
https://www.redbus.in/bus-tickets/delhi-to-chandigarh,Delhi to Chandigarh,Ram Dalal Holidays,19:30,05h 00m,00:30,3.6,800,31,Volvo 9600 Multi Axle Semi-Sleeper (2+2)
https://www.redbus.in/bus-tickets/delhi-to-chandigarh,Delhi to Chandigarh,Lucky Bus Service,19:30,05h 25m,00:55,4.5,764,32,VE A/C Sleeper (2+2)
https://www.redbus.in/bus-tickets/delhi-to-chandigarh,Delhi to Chandigarh,Holiday Appeal Private Limited,19:30,05h 30m,01:00,4.4,899,29,Volvo A/C Semi Sleeper (2+2)
https://www.redbus.in/bus-tickets/delhi-to-chandigarh,Delhi to Chandigarh,Ram Dalal Holidays,19:30,04h 40m,00:10,4.2,1499,47,Bharat Benz A/C Seater (2+2)
https://www.redbus.in/bus-tickets/delhi-to-chandigarh,Delhi to Chandigarh,FlixBus,19:45,06h 20m,02:05,3.9,891.96,31,Bharat Benz A/C Seater (2+2)
https://www.redbus.in/bus-tickets/delhi-to-chandigarh,Delhi to Chandigarh,City Land Travels,19:55,04h 45m,00:40,3.8,1170,25,Volvo A/C Semi Sleeper (2+2)
https://www.redbus.in/bus-tickets/delhi-to-chandigarh,Delhi to Chandigarh,A N Holidays,20:00,05h 00m,01:00,4.5,759,33,Bharat Benz A/C Semi Sleeper (2+2)
https://www.redbus.in/bus-tickets/delhi-to-chandigarh,Delhi to Chandigarh,New Himalaya Travels,20:00,05h 00m,01:00,4.4,840,4,Volvo A/C Semi Sleeper (2+2)
https://www.redbus.in/bus-tickets/delhi-to-chandigarh,Delhi to Chandigarh,Malana Travels,20:00,05h 30m,01:30,3.5,759,29,Volvo A/C Semi Sleeper (2+2)
https://www.redbus.in/bus-tickets/delhi-to-chandigarh,Delhi to Chandigarh,Yash Holidays,20:25,05h 10m,01:35,4.4,999,35,Bharat Benz A/C Semi Sleeper (2+2)
https://www.redbus.in/bus-tickets/delhi-to-chandigarh,Delhi to Chandigarh,Malana Travels,20:25,05h 20m,01:45,3.0,759,28,Bharat Benz A/C Semi Sleeper (2+2)
https://www.redbus.in/bus-tickets/delhi-to-chandigarh,Delhi to Chandigarh,Lavish Travels,20:30,06h 00m,02:30,3.7,2775,48,A/C Seater / Sleeper (2+2)
https://www.redbus.in/bus-tickets/delhi-to-chandigarh,Delhi to Chandigarh,City Land Travels,20:30,05h 00m,01:30,4.9,1249,31,Volvo A/C Semi Sleeper (2+2)
https://www.redbus.in/bus-tickets/delhi-to-chandigarh,Delhi to Chandigarh,FlixBus,20:30,05h 50m,02:20,4.8,838.39,28,Volvo 9600 A/C Seater (2+2)
https://www.redbus.in/bus-tickets/delhi-to-chandigarh,Delhi to Chandigarh,Ram Dalal Holidays,20:50,05h 25m,02:15,3.0,800,34,Volvo 9600 Multi Axle Semi-Sleeper (2+2)
https://www.redbus.in/bus-tickets/delhi-to-chandigarh,Delhi to Chandigarh,KVS Holidays,21:00,05h 30m,02:30,4.9,1599,36,A/C Sleeper (2+2)
https://www.redbus.in/bus-tickets/delhi-to-chandigarh,Delhi to Chandigarh,Indo Canadian Transport Company,21:00,08h 15m,05:15,4.4,3300,48,A/C Semi Sleeper (2+2)
https://www.redbus.in/bus-tickets/delhi-to-chandigarh,Delhi to Chandigarh,FlixBus,21:00,06h 20m,03:20,3.7,789,13,Bharat Benz A/C Sleeper (2+1)
https://www.redbus.in/bus-tickets/delhi-to-chandigarh,Delhi to Chandigarh,Jorawar Transport Company,21:15,05h 45m,03:00,3.0,899,53,Mercedes Multi-Axle Semi Sleeper (2+2)
https://www.redbus.in/bus-tickets/delhi-to-chandigarh,Delhi to Chandigarh,Ashok Travels,21:15,05h 00m,02:15,3.8,899,34,A/C Seater / Sleeper (2+2)
https://www.redbus.in/bus-tickets/delhi-to-chandigarh,Delhi to Chandigarh,VT Bus,21:15,04h 30m,01:45,3.8,2700,49,Scania Multi-Axle AC Semi Sleeper (2+2)
https://www.redbus.in/bus-tickets/delhi-to-chandigarh,Delhi to Chandigarh,KISSAN TRAVELS PILANI,21:20,05h 22m,02:42,3.8,849,42,Bharat Benz A/C Seater /Sleeper (2+1)
https://www.redbus.in/bus-tickets/delhi-to-chandigarh,Delhi to Chandigarh,Gajraj bus service,21:25,05h 05m,02:30,4.8,1000,36,Volvo 9600 A/C Sleeper (2+1)
https://www.redbus.in/bus-tickets/delhi-to-chandigarh,Delhi to Chandigarh,Laxmi holidays,21:30,05h 00m,02:30,4.2,810,31,Volvo 9600 Multi-Axle A/C Sleeper (2+1)
https://www.redbus.in/bus-tickets/delhi-to-chandigarh,Delhi to Chandigarh,FlixBus,21:30,05h 30m,03:00,4.4,865.18,39,Volvo 9600 A/C Seater (2+2)
https://www.redbus.in/bus-tickets/delhi-to-chandigarh,Delhi to Chandigarh,Ram Dalal Holidays,21:30,05h 30m,03:00,4.4,2200,42,Volvo 9600 Multi-Axle A/C Sleeper (2+1)
https://www.redbus.in/bus-tickets/delhi-to-chandigarh,Delhi to Chandigarh,Malana Travels,21:30,04h 30m,02:00,4.0,854,21,Volvo 9600 Multi Axle Semi-Sleeper (2+2)
https://www.redbus.in/bus-tickets/delhi-to-chandigarh,Delhi to Chandigarh,Bedi Travels,21:30,04h 45m,02:15,3.4,865,13,Volvo A/C Semi Sleeper (2+2)
https://www.redbus.in/bus-tickets/delhi-to-chandigarh,Delhi to Chandigarh,Om Sidh Express,21:30,05h 20m,02:50,3.6,1400,41,Volvo A/C Semi Sleeper (2+2)
https://www.redbus.in/bus-tickets/delhi-to-chandigarh,Delhi to Chandigarh,Lucky Bus Service,21:30,05h 25m,02:55,4.5,764,30,A/C Sleeper (2+2)
https://www.redbus.in/bus-tickets/delhi-to-chandigarh,Delhi to Chandigarh,New Himalaya Travels,22:00,05h 10m,03:10,3.9,1749,34,Volvo A/C Semi Sleeper (2+2)
https://www.redbus.in/bus-tickets/delhi-to-chandigarh,Delhi to Chandigarh,BSS Cool Cool Travels,22:00,04h 45m,02:45,4.2,1099,14,A/C Seater / Sleeper (2+2)
https://www.redbus.in/bus-tickets/delhi-to-chandigarh,Delhi to Chandigarh,FlixBus,22:00,06h 10m,04:10,4.2,766.96,37,A/C Seater (2+2)
https://www.redbus.in/bus-tickets/delhi-to-chandigarh,Delhi to Chandigarh,FlixBus,22:10,06h 20m,04:30,4.4,811.61,42,Volvo 9600 A/C Semi Sleeper (2+2)
https://www.redbus.in/bus-tickets/delhi-to-chandigarh,Delhi to Chandigarh,zingbus Maxx,22:15,05h 20m,03:35,4.4,1200,7,Volvo 9600 Multi Axle Semi-Sleeper (2+2)
https://www.redbus.in/bus-tickets/delhi-to-chandigarh,Delhi to Chandigarh,City Land Travels,22:20,05h 00m,03:20,3.6,1249,32,Volvo A/C Semi Sleeper (2+2)
https://www.redbus.in/bus-tickets/delhi-to-chandigarh,Delhi to Chandigarh,Lucky Bus Service,22:30,05h 25m,03:55,4.4,764,32,VE A/C Sleeper (2+2)
https://www.redbus.in/bus-tickets/delhi-to-chandigarh,Delhi to Chandigarh,City Land Travels,22:30,04h 00m,02:30,4.6,1159,27,Volvo A/C Semi Sleeper (2+2)
https://www.redbus.in/bus-tickets/delhi-to-chandigarh,Delhi to Chandigarh,zingbus Maxx,23:00,05h 50m,04:50,4.9,1200,10,Volvo 9600 Multi Axle Semi-Sleeper (2+2)
https://www.redbus.in/bus-tickets/delhi-to-chandigarh,Delhi to Chandigarh,FlixBus,23:00,05h 55m,04:55,5.0,865.18,43,Bharat Benz A/C Seater (2+2)
https://www.redbus.in/bus-tickets/delhi-to-chandigarh,Delhi to Chandigarh,FlixBus,23:15,06h 10m,05:25,4.9,793.75,35,AC Seater (2+2)
https://www.redbus.in/bus-tickets/delhi-to-chandigarh,Delhi to Chandigarh,Indo Canadian Transport Company,23:30,08h 15m,07:45,3.8,3300,47,Mercedes A/C Semi Sleeper (2+2)
https://www.redbus.in/bus-tickets/delhi-to-chandigarh,Delhi to Chandigarh,City Land Travels,23:55,04h 20m,04:15,3.5,1159,41,Volvo Multi-Axle I-Shift B11R Semi Sleeper (2+2)
https://www.redbus.in/bus-tickets/delhi-to-chandigarh,Delhi to Chandigarh,Mr. Bus,16:30,05h 45m,22:15,2.8,888,27,Volvo A/C Semi Sleeper (2+2)
https://www.redbus.in/bus-tickets/delhi-to-chandigarh,Delhi to Chandigarh,Ashok Bus Service,18:20,05h 35m,23:55,2.7,1349,39,VE A/C Seater / Sleeper (2+1)
https://www.redbus.in/bus-tickets/delhi-to-chandigarh,Delhi to Chandigarh,Supreme Travels,18:30,04h 00m,22:30,1.0,1259,23,Volvo A/C (2+2)
https://www.redbus.in/bus-tickets/delhi-to-chandigarh,Delhi to Chandigarh,Metahills holidays,18:30,03h 21m,21:51,2.8,1299,41,Scania A/C Semi Sleeper (2+2)
https://www.redbus.in/bus-tickets/delhi-to-chandigarh,Delhi to Chandigarh,Tomar Travels,18:45,05h 50m,00:35,2.7,1100,40,Volvo A/C (2+2)
https://www.redbus.in/bus-tickets/delhi-to-chandigarh,Delhi to Chandigarh,Metahills holidays,19:00,03h 21m,22:21,2.7,1099,49,Scania Multi-Axle AC Semi Sleeper (2+2)
https://www.redbus.in/bus-tickets/delhi-to-chandigarh,Delhi to Chandigarh,FLY BUS INDIA,19:00,05h 05m,00:05,3.5,809,41,Volvo A/C Semi Sleeper (2+2)
https://www.redbus.in/bus-tickets/delhi-to-chandigarh,Delhi to Chandigarh,TANISHQ HOLIDAYS TOUR,19:30,04h 00m,23:30,2.2,850,41,Volvo A/C Semi Sleeper (2+2)
https://www.redbus.in/bus-tickets/delhi-to-chandigarh,Delhi to Chandigarh,Mr. Bus,19:30,05h 45m,01:15,2.8,888,33,Volvo A/C Semi Sleeper (2+2)
https://www.redbus.in/bus-tickets/delhi-to-chandigarh,Delhi to Chandigarh,Heera Himachal Holidays,19:30,05h 45m,01:15,2.6,949,39,A/C Seater (2+2)
https://www.redbus.in/bus-tickets/delhi-to-chandigarh,Delhi to Chandigarh,SHRI BALAJII TRAVELS,20:00,05h 45m,01:45,2.2,3333,41,Volvo A/C Semi Sleeper (2+2)
https://www.redbus.in/bus-tickets/delhi-to-chandigarh,Delhi to Chandigarh,JN HOLIDAYS,20:00,04h 29m,00:29,3.5,2299,41,Volvo A/C Semi Sleeper (2+2)
https://www.redbus.in/bus-tickets/delhi-to-chandigarh,Delhi to Chandigarh,Heera Himachal Holidays,20:30,06h 30m,03:00,2.7,1049,30,Volvo A/C Semi Sleeper (2+2)
https://www.redbus.in/bus-tickets/delhi-to-chandigarh,Delhi to Chandigarh,SHRI RAM TRANSPORT COMPANY,20:45,05h 45m,02:30,2.7,2000,41,Volvo A/C Semi Sleeper (2+2)
https://www.redbus.in/bus-tickets/delhi-to-chandigarh,Delhi to Chandigarh,FLY BUS INDIA,21:00,05h 05m,02:05,2.8,809,41,Volvo A/C Semi Sleeper (2+2)
https://www.redbus.in/bus-tickets/delhi-to-chandigarh,Delhi to Chandigarh,Holiday Appeal Private Limited,21:00,02h 59m,23:59,1.9,999,27,Volvo A/C Semi Sleeper (2+2)
https://www.redbus.in/bus-tickets/delhi-to-chandigarh,Delhi to Chandigarh,Royal Safari India Travels,21:00,06h 30m,03:30,3.5,1199,30,A/C Seater Push Back (2+2)
https://www.redbus.in/bus-tickets/delhi-to-chandigarh,Delhi to Chandigarh,Smart Airbus,21:10,03h 05m,00:15,2.3,774,36,Scania Multi-Axle AC Semi Sleeper (2+2)
https://www.redbus.in/bus-tickets/delhi-to-chandigarh,Delhi to Chandigarh,Indo Canadian Transport Company,21:15,05h 00m,02:15,2.3,799,53,Mercedes Benz Multi-Axle Semi Sleeper (2+2)
https://www.redbus.in/bus-tickets/delhi-to-chandigarh,Delhi to Chandigarh,FlixBus,21:15,05h 25m,02:40,3.5,838.39,33,Volvo 9600 A/C Seater (2+2)
https://www.redbus.in/bus-tickets/delhi-to-chandigarh,Delhi to Chandigarh,Travel hub,21:30,06h 35m,04:05,1.7,2294,45,Volvo A/C Semi Sleeper (2+2)
https://www.redbus.in/bus-tickets/delhi-to-chandigarh,Delhi to Chandigarh,SHRI RAM TRANSPORT COMPANY,21:45,04h 45m,02:30,3.5,2000,53,Volvo 9600 Multi Axle Semi-Sleeper (2+2)
https://www.redbus.in/bus-tickets/delhi-to-chandigarh,Delhi to Chandigarh,Apex Bus Travels,21:45,04h 30m,02:15,3.5,1439,38,A/C Seater / Sleeper (2+2)
https://www.redbus.in/bus-tickets/delhi-to-chandigarh,Delhi to Chandigarh,SHRI RAM TRANSPORT COMPANY,21:50,06h 10m,04:00,3.5,2000,41,Volvo A/C Semi Sleeper (2+2)
https://www.redbus.in/bus-tickets/delhi-to-chandigarh,Delhi to Chandigarh,Mr. Bus,22:30,04h 15m,02:45,2.9,788,37,Volvo A/C Seater (2+2)
https://www.redbus.in/bus-tickets/delhi-to-chandigarh,Delhi to Chandigarh,Mr. Bus,22:30,05h 45m,04:15,2.8,889,31,Volvo A/C Semi Sleeper (2+2)
https://www.redbus.in/bus-tickets/delhi-to-chandigarh,Delhi to Chandigarh,Fateh Tour And Travels,22:35,05h 10m,03:45,3.5,899,42,A/C Seater / Sleeper (2+2)
https://www.redbus.in/bus-tickets/delhi-to-chandigarh,Delhi to Chandigarh,Royal Safari India Travels,23:00,05h 30m,04:30,1.7,856,32,A/C Seater Push Back (2+2)
https://www.redbus.in/bus-tickets/delhi-to-chandigarh,Delhi to Chandigarh,JSR HOLIDAYS,23:00,04h 05m,03:05,3.5,4375,45,Bharat Benz A/C Semi Sleeper (2+2)
https://www.redbus.in/bus-tickets/chamba-himachal-pradesh-to-chandigarh,Chamba (Himachal Pradesh) to Chandigarh,HRTC - 1003,14:30,11h 50m,02:20,4.6,661,37,Ordinary 3+2 Non AC Seater
https://www.redbus.in/bus-tickets/chamba-himachal-pradesh-to-chandigarh,Chamba (Himachal Pradesh) to Chandigarh,HRTC - 1002,15:00,12h 15m,03:15,4.8,637,37,Ordinary 3+2 Non AC Seater
https://www.redbus.in/bus-tickets/chamba-himachal-pradesh-to-chandigarh,Chamba (Himachal Pradesh) to Chandigarh,HRTC - 1024,16:20,11h 55m,04:15,2.2,692,29,A/C Executive (2+3)
https://www.redbus.in/bus-tickets/chamba-himachal-pradesh-to-chandigarh,Chamba (Himachal Pradesh) to Chandigarh,HRTC - 1001,17:15,10h 45m,04:00,2.7,692,37,A/C Executive (2+3)
https://www.redbus.in/bus-tickets/chamba-himachal-pradesh-to-chandigarh,Chamba (Himachal Pradesh) to Chandigarh,HRTC - 1007,19:00,10h 40m,05:40,3.6,637,37,Ordinary 3+2 Non AC Seater
https://www.redbus.in/bus-tickets/chamba-himachal-pradesh-to-chandigarh,Chamba (Himachal Pradesh) to Chandigarh,HRTC - 1028,20:15,11h 00m,07:15,4.0,673,22,A/C Executive (2+3)
https://www.redbus.in/bus-tickets/shimla-to-chandigarh,Shimla to Chandigarh,RSRTC - 192348,16:30,04h 45m,21:15,4.5,432,32,Super Luxury Volvo AC Seater Pushback 2+2
https://www.redbus.in/bus-tickets/shimla-to-chandigarh,Shimla to Chandigarh,FlixBus,21:00,04h 25m,01:25,4.2,597.32,19,A/C Seater (2+2)
https://www.redbus.in/bus-tickets/shimla-to-chandigarh,Shimla to Chandigarh,Deltin Travels Pvt Ltd,21:20,02h 39m,23:59,4.5,850,34,Scania Multi-Axle AC Semi Sleeper (2+2)
https://www.redbus.in/bus-tickets/shimla-to-chandigarh,Shimla to Chandigarh,Ram Dalal Holidays,21:30,03h 00m,00:30,4.9,600,22,Volvo A/C Semi Sleeper (2+2)
https://www.redbus.in/bus-tickets/shimla-to-chandigarh,Shimla to Chandigarh,Zingbus Plus,21:30,03h 15m,00:45,4.1,638,34,Bharat Benz A/C Semi Sleeper (2+2)
https://www.redbus.in/bus-tickets/shimla-to-chandigarh,Shimla to Chandigarh,OurBus India Limited,21:30,03h 00m,00:30,4.1,463,22,Bharat Benz A/C Semi Sleeper (2+2)
https://www.redbus.in/bus-tickets/shimla-to-chandigarh,Shimla to Chandigarh,FlixBus,21:30,04h 25m,01:55,4.2,597.32,38,A/C Seater (2+2)
https://www.redbus.in/bus-tickets/shimla-to-chandigarh,Shimla to Chandigarh,Ram Dalal Holidays,22:00,03h 45m,01:45,4.8,480,27,Mercedes Multi-Axle Semi Sleeper (2+2)
https://www.redbus.in/bus-tickets/shimla-to-chandigarh,Shimla to Chandigarh,City Land Travels,22:00,03h 00m,01:00,3.7,619,26,Volvo A/C Semi Sleeper (2+2)
https://www.redbus.in/bus-tickets/shimla-to-chandigarh,Shimla to Chandigarh,Laxmi holidays,22:30,03h 10m,01:40,4.6,571,33,Scania Multi-Axle AC Semi Sleeper (2+2)
https://www.redbus.in/bus-tickets/shimla-to-chandigarh,Shimla to Chandigarh,City Land Travels,22:30,02h 50m,01:20,2.8,619,28,Volvo A/C Semi Sleeper (2+2)
https://www.redbus.in/bus-tickets/shimla-to-chandigarh,Shimla to Chandigarh,Zingbus Plus,20:30,03h 15m,23:45,4.7,996,21,Bharat Benz A/C Semi Sleeper (2+2)
https://www.redbus.in/bus-tickets/shimla-to-chandigarh,Shimla to Chandigarh,Laxmi holidays,20:30,03h 05m,23:35,4.4,899,40,Scania Multi-Axle AC Semi Sleeper (2+2)
https://www.redbus.in/bus-tickets/shimla-to-chandigarh,Shimla to Chandigarh,Bedi Travels,21:30,03h 25m,00:55,4.8,922,17,Volvo A/C Semi Sleeper (2+2)
https://www.redbus.in/bus-tickets/shimla-to-chandigarh,Shimla to Chandigarh,Royal Safari India Travels,14:00,03h 55m,17:55,2.8,1028,30,A/C Seater Push Back (2+2)
https://www.redbus.in/bus-tickets/shimla-to-chandigarh,Shimla to Chandigarh,SHRI RAM TRANSPORT COMPANY,21:30,02h 50m,00:20,3.5,2000,41,Volvo A/C Semi Sleeper (2+2)
https://www.redbus.in/bus-tickets/shimla-to-chandigarh,Shimla to Chandigarh,Mr. Bus,22:30,02h 50m,01:20,3.5,1188,34,Volvo A/C Semi Sleeper (2+2)
https://www.redbus.in/bus-tickets/dharamshala-to-chandigarh,Dharamshala (Himachal Pradesh) to Chandigarh,Laxmi holidays,18:00,06h 20m,00:20,4.8,1199,20,Volvo 9600 A/C Semi Sleeper (2+2)
https://www.redbus.in/bus-tickets/dharamshala-to-chandigarh,Dharamshala (Himachal Pradesh) to Chandigarh,Laxmi holidays,18:30,05h 25m,23:55,4.4,946,23,VE A/C Semi Sleeper (2+2)
https://www.redbus.in/bus-tickets/dharamshala-to-chandigarh,Dharamshala (Himachal Pradesh) to Chandigarh,Bedi Travels,19:00,06h 00m,01:00,4.9,1175,17,Volvo 9600 Multi Axle Semi-Sleeper (2+2)
https://www.redbus.in/bus-tickets/dharamshala-to-chandigarh,Dharamshala (Himachal Pradesh) to Chandigarh,Laxmi holidays,19:00,06h 20m,01:20,5.0,1199,27,Volvo Multi-Axle A/C Semi Sleeper (2+2)
https://www.redbus.in/bus-tickets/dharamshala-to-chandigarh,Dharamshala (Himachal Pradesh) to Chandigarh,Raghukul Holidays,19:05,06h 10m,01:15,4.2,990,21,Volvo A/C Semi Sleeper (2+2)
https://www.redbus.in/bus-tickets/dharamshala-to-chandigarh,Dharamshala (Himachal Pradesh) to Chandigarh,A N Holidays,19:30,05h 40m,01:10,3.8,807,19,Bharat Benz A/C Semi Sleeper (2+2)
https://www.redbus.in/bus-tickets/dharamshala-to-chandigarh,Dharamshala (Himachal Pradesh) to Chandigarh,Zingbus Plus,19:30,05h 15m,00:45,4.5,1198,15,Volvo A/C Semi Sleeper (2+2)
https://www.redbus.in/bus-tickets/dharamshala-to-chandigarh,Dharamshala (Himachal Pradesh) to Chandigarh,Ram Dalal Holidays,19:30,06h 10m,01:40,4.9,1180,20,Volvo 9600 Multi Axle Semi-Sleeper (2+2)
https://www.redbus.in/bus-tickets/dharamshala-to-chandigarh,Dharamshala (Himachal Pradesh) to Chandigarh,Zingbus Plus,21:40,04h 55m,02:35,4.6,872,30,Volvo Multi-Axle A/C Semisleeper (2+2)
https://www.redbus.in/bus-tickets/dharamshala-to-chandigarh,Dharamshala (Himachal Pradesh) to Chandigarh,New Himalaya Travels,19:34,05h 41m,01:15,4.5,1080,14,Volvo A/C Semi Sleeper (2+2)
https://www.redbus.in/bus-tickets/dharamshala-to-chandigarh,Dharamshala (Himachal Pradesh) to Chandigarh,FlixBus,20:00,06h 10m,02:10,4.4,1284.82,5,Volvo 9600 A/C Seater (2+2)
https://www.redbus.in/bus-tickets/dharamshala-to-chandigarh,Dharamshala (Himachal Pradesh) to Chandigarh,Laxmi holidays,20:00,06h 00m,02:00,4.7,1099,14,Volvo 9600 Multi Axle Semi-Sleeper (2+2)
https://www.redbus.in/bus-tickets/dharamshala-to-chandigarh,Dharamshala (Himachal Pradesh) to Chandigarh,A N Holidays,20:00,05h 15m,01:15,3.8,949,33,Volvo A/C Semi Sleeper (2+2)
https://www.redbus.in/bus-tickets/dharamshala-to-chandigarh,Dharamshala (Himachal Pradesh) to Chandigarh,New Walia Travels,20:10,05h 20m,01:30,5.0,1100,23,Volvo 9600 A/C Semi Sleeper (2+2)
https://www.redbus.in/bus-tickets/dharamshala-to-chandigarh,Dharamshala (Himachal Pradesh) to Chandigarh,New Himalaya Travels,20:34,05h 41m,02:15,4.5,899,36,Volvo A/C Semi Sleeper (2+2)
https://www.redbus.in/bus-tickets/dharamshala-to-chandigarh,Dharamshala (Himachal Pradesh) to Chandigarh,Ram Dalal Holidays,20:38,05h 12m,01:50,5.0,1260,30,Volvo 9600 Multi Axle Semi-Sleeper (2+2)
https://www.redbus.in/bus-tickets/dharamshala-to-chandigarh,Dharamshala (Himachal Pradesh) to Chandigarh,Triptara tour & Travel,20:38,05h 12m,01:50,4.3,849,33,Scania Multi-Axle AC Semi Sleeper (2+2)
https://www.redbus.in/bus-tickets/dharamshala-to-chandigarh,Dharamshala (Himachal Pradesh) to Chandigarh,Laxmi holidays,21:00,05h 35m,02:35,4.2,1100,10,Volvo 9600 A/C Semi Sleeper (2+2)
https://www.redbus.in/bus-tickets/dharamshala-to-chandigarh,Dharamshala (Himachal Pradesh) to Chandigarh,Bedi Travels,21:15,05h 30m,02:45,4.8,1188,17,Volvo 9600 A/C Semi Sleeper (2+2)
https://www.redbus.in/bus-tickets/dharamshala-to-chandigarh,Dharamshala (Himachal Pradesh) to Chandigarh,Ram Dalal Holidays,21:30,06h 10m,03:40,4.2,900,22,Volvo 9600 A/C Semi Sleeper (2+2)
https://www.redbus.in/bus-tickets/dharamshala-to-chandigarh,Dharamshala (Himachal Pradesh) to Chandigarh,FlixBus,19:15,06h 05m,01:20,4.7,1641.96,2,Volvo 9600 A/C Seater (2+2)
https://www.redbus.in/bus-tickets/dharamshala-to-chandigarh,Dharamshala (Himachal Pradesh) to Chandigarh,Laxmi holidays,21:50,05h 30m,03:20,4.9,1449,14,Volvo 9600 A/C Semi Sleeper (2+2)
https://www.redbus.in/bus-tickets/dharamshala-to-chandigarh,Dharamshala (Himachal Pradesh) to Chandigarh,SHRI RAM TRANSPORT COMPANY,20:38,05h 00m,01:38,3.5,2000,53,Volvo 9600 Multi Axle Semi-Sleeper (2+2)
https://www.redbus.in/bus-tickets/delhi-to-hamirpur-himachal-pradesh,Delhi to Hamirpur (Himachal Pradesh),Ram Dalal Holidays,21:20,08h 35m,05:55,4.8,700,11,Volvo A/C Semi Sleeper (2+2)
https://www.redbus.in/bus-tickets/delhi-to-hamirpur-himachal-pradesh,Delhi to Hamirpur (Himachal Pradesh),Bedi Travels,21:30,08h 45m,06:15,4.8,836,13,Volvo A/C Semi Sleeper (2+2)
https://www.redbus.in/bus-tickets/delhi-to-hamirpur-himachal-pradesh,Delhi to Hamirpur (Himachal Pradesh),Ram Dalal Holidays,21:45,08h 10m,05:55,4.8,699,12,Volvo A/C Semi Sleeper (2+2)
https://www.redbus.in/bus-tickets/delhi-to-hamirpur-himachal-pradesh,Delhi to Hamirpur (Himachal Pradesh),Laxmi holidays,20:00,08h 30m,04:30,4.5,548,18,Volvo A/C Semi Sleeper (2+2)
https://www.redbus.in/bus-tickets/delhi-to-hamirpur-himachal-pradesh,Delhi to Hamirpur (Himachal Pradesh),Northern Travels,21:30,08h 10m,05:40,4.4,610,14,Volvo A/C Semi Sleeper (2+2)
https://www.redbus.in/bus-tickets/delhi-to-hamirpur-himachal-pradesh,Delhi to Hamirpur (Himachal Pradesh),Laxmi holidays,22:00,08h 30m,06:30,4.4,799,25,Volvo A/C Semi Sleeper (2+2)
https://www.redbus.in/bus-tickets/delhi-to-hamirpur-himachal-pradesh,Delhi to Hamirpur (Himachal Pradesh),Himalayan Nomad Ktc,20:45,08h 20m,05:05,4.4,675,3,Volvo A/C Semi Sleeper (2+2)
https://www.redbus.in/bus-tickets/delhi-to-hamirpur-himachal-pradesh,Delhi to Hamirpur (Himachal Pradesh),Himalayan Nomad Ktc,21:00,08h 20m,05:20,4.6,531,1,Volvo A/C Semi Sleeper (2+2)
https://www.redbus.in/bus-tickets/delhi-to-hamirpur-himachal-pradesh,Delhi to Hamirpur (Himachal Pradesh),Northern Travels,21:00,08h 30m,05:30,1.5,600,22,Volvo A/C Semi Sleeper (2+2)
https://www.redbus.in/bus-tickets/shimla-to-manali,Shimla to Manali,HRTC - 290,19:00,10h 30m,05:30,2.9,583,26,Ordinary 3+2 Non AC Seater
https://www.redbus.in/bus-tickets/shimla-to-manali,Shimla to Manali,HRTC - 291,20:20,08h 40m,05:00,3.8,641,21,Himmani Deluxe 2+2 Non AC Seater
https://www.redbus.in/bus-tickets/shimla-to-manali,Shimla to Manali,HRTC - 154,21:00,09h 10m,06:10,4.0,963,16,Himsuta AC Seater Volvo/Scania 2+2
https://www.redbus.in/bus-tickets/shimla-to-manali,Shimla to Manali,HRTC - 293,21:40,08h 20m,06:00,3.3,556,35,Ordinary 3+2 Non AC Seater
https://www.redbus.in/bus-tickets/chandigarh-to-dharamshala,Chandigarh to Dharamshala (Himachal Pradesh),Laxmi holidays,23:45,05h 45m,05:30,4.8,599,10,Volvo 9600 A/C Semi Sleeper (2+2)
https://www.redbus.in/bus-tickets/chandigarh-to-dharamshala,Chandigarh to Dharamshala (Himachal Pradesh),Laxmi holidays,23:50,05h 40m,05:30,4.1,1117,8,VE A/C Semi Sleeper (2+2)
https://www.redbus.in/bus-tickets/delhi-to-baddi-himachal-pradesh,Delhi to Baddi (Himachal Pradesh),HRTC - 568,21:30,06h 30m,04:00,4.4,325,32,Ordinary 3+2 Non AC Seater
https://www.redbus.in/bus-tickets/delhi-to-baddi-himachal-pradesh,Delhi to Baddi (Himachal Pradesh),HRTC - 580,22:45,06h 15m,05:00,3.6,325,35,Ordinary 3+2 Non AC Seater
https://www.redbus.in/bus-tickets/delhi-to-chamba-himachal-pradesh,Delhi to Chamba (Himachal Pradesh),HRTC - 531,17:50,16h 10m,10:00,4.1,876,31,Ordinary 3+2 Non AC Seater
https://www.redbus.in/bus-tickets/delhi-to-chamba-himachal-pradesh,Delhi to Chamba (Himachal Pradesh),HRTC - 590,19:00,15h 15m,10:15,2.6,1062,41,A/C Executive (2+3)
https://www.redbus.in/bus-tickets/delhi-to-chamba-himachal-pradesh,Delhi to Chamba (Himachal Pradesh),HRTC - 84,20:15,15h 15m,11:30,4.2,1704,11,Himsuta AC Seater Volvo/Scania 2+2
https://www.redbus.in/bus-tickets/delhi-to-chamba-himachal-pradesh,Delhi to Chamba (Himachal Pradesh),HRTC - 578,22:10,20h 25m,18:35,3.3,907,35,Ordinary 3+2 Non AC Seater
https://www.redbus.in/bus-tickets/ghumarwin-to-chandigarh,Ghumarwin to Chandigarh,Laxmi holidays,21:30,03h 00m,00:30,4.5,1547,3,Volvo A/C Semi Sleeper (2+2)
https://www.redbus.in/bus-tickets/ghumarwin-to-chandigarh,Ghumarwin to Chandigarh,Northern Travels,22:50,02h 40m,01:30,3.3,920,14,Volvo A/C Semi Sleeper (2+2)
https://www.redbus.in/bus-tickets/ghumarwin-to-chandigarh,Ghumarwin to Chandigarh,Ram Dalal Holidays,23:00,03h 20m,02:20,4.4,1520,19,Volvo A/C Semi Sleeper (2+2)
https://www.redbus.in/bus-tickets/ghumarwin-to-chandigarh,Ghumarwin to Chandigarh,Bedi Travels,23:15,02h 50m,02:05,4.8,1159,9,Volvo A/C Semi Sleeper (2+2)
https://www.redbus.in/bus-tickets/ghumarwin-to-chandigarh,Ghumarwin to Chandigarh,Himalayan Nomad Ktc,23:20,02h 25m,01:45,4.1,1134,14,Volvo A/C Semi Sleeper (2+2)
https://www.redbus.in/bus-tickets/hamirpur-himachal-pradesh-to-delhi,Hamirpur (Himachal Pradesh) to Delhi,Bedi Travels,22:05,08h 25m,06:30,4.8,1159,9,Volvo A/C Semi Sleeper (2+2)
https://www.redbus.in/bus-tickets/hamirpur-himachal-pradesh-to-delhi,Hamirpur (Himachal Pradesh) to Delhi,Ram Dalal Holidays,21:15,08h 00m,05:15,4.6,1410,8,Volvo A/C Semi Sleeper (2+2)
https://www.redbus.in/bus-tickets/hamirpur-himachal-pradesh-to-delhi,Hamirpur (Himachal Pradesh) to Delhi,Ram Dalal Holidays,22:00,08h 40m,06:40,4.6,1520,19,Volvo A/C Semi Sleeper (2+2)
https://www.redbus.in/bus-tickets/hamirpur-himachal-pradesh-to-delhi,Hamirpur (Himachal Pradesh) to Delhi,Laxmi holidays,20:20,08h 10m,04:30,4.4,1548,3,Volvo A/C Semi Sleeper (2+2)
https://www.redbus.in/bus-tickets/hamirpur-himachal-pradesh-to-delhi,Hamirpur (Himachal Pradesh) to Delhi,Northern Travels,22:40,08h 20m,07:00,4.2,1260,14,Volvo A/C Semi Sleeper (2+2)
https://www.redbus.in/bus-tickets/hamirpur-himachal-pradesh-to-delhi,Hamirpur (Himachal Pradesh) to Delhi,Laxmi holidays,22:05,08h 55m,07:00,4.5,1199,6,Volvo A/C Semi Sleeper (2+2)
https://www.redbus.in/bus-tickets/hamirpur-himachal-pradesh-to-delhi,Hamirpur (Himachal Pradesh) to Delhi,Northern Travels,21:45,07h 45m,05:30,4.2,920,14,Volvo A/C Semi Sleeper (2+2)
https://www.redbus.in/bus-tickets/hamirpur-himachal-pradesh-to-delhi,Hamirpur (Himachal Pradesh) to Delhi,Himalayan Nomad Ktc,22:25,07h 35m,06:00,4.1,1134,14,Volvo A/C Semi Sleeper (2+2)
https://www.redbus.in/bus-tickets/durgapur-to-kolkata,Durgapur (West Bengal) to Kolkata,Shyamoli Paribahan Pvt Ltd,08:35,02h 35m,11:10,4.2,486,9,Scania Multi-Axle AC Semi Sleeper (2+2)
https://www.redbus.in/bus-tickets/durgapur-to-kolkata,Durgapur (West Bengal) to Kolkata,SHYAMOLI Pvt. Ltd.(Karunamoyee),09:00,04h 00m,13:00,4.3,486,6,Scania Multi-Axle AC Semi Sleeper (2+2)
https://www.redbus.in/bus-tickets/durgapur-to-kolkata,Durgapur (West Bengal) to Kolkata,Shyamoli Paribahan Pvt Ltd,09:30,04h 00m,13:30,4.7,486,20,Volvo A/C Seater (2+2)
https://www.redbus.in/bus-tickets/durgapur-to-kolkata,Durgapur (West Bengal) to Kolkata,Greenline (Karunamoyee),09:40,03h 55m,13:35,4.2,486,11,Volvo A/C Seater (2+2)
https://www.redbus.in/bus-tickets/durgapur-to-kolkata,Durgapur (West Bengal) to Kolkata,SHYAMOLI Pvt. Ltd.(Karunamoyee),10:00,04h 00m,14:00,4.3,486,29,Volvo A/C Seater (2+2)
https://www.redbus.in/bus-tickets/durgapur-to-kolkata,Durgapur (West Bengal) to Kolkata,SHYAMOLI Pvt. Ltd.(Karunamoyee),11:00,04h 00m,15:00,4.3,486,29,Volvo A/C Seater (2+2)
https://www.redbus.in/bus-tickets/durgapur-to-kolkata,Durgapur (West Bengal) to Kolkata,Shyamoli Paribahan Pvt Ltd,11:15,03h 15m,14:30,3.4,486,29,Volvo A/C Seater (2+2)
https://www.redbus.in/bus-tickets/durgapur-to-kolkata,Durgapur (West Bengal) to Kolkata,Greenline,11:45,03h 55m,15:40,4.2,486,26,Volvo A/C Seater (2+2)
https://www.redbus.in/bus-tickets/durgapur-to-kolkata,Durgapur (West Bengal) to Kolkata,Greenline (Karunamoyee),12:05,03h 50m,15:55,4.7,486,17,Volvo A/C B11R Multi Axle Semi Sleeper (2+2)
https://www.redbus.in/bus-tickets/durgapur-to-kolkata,Durgapur (West Bengal) to Kolkata,SHYAMOLI Pvt. Ltd.(Karunamoyee),12:40,04h 00m,16:40,4.1,486,30,Volvo A/C Seater (2+2)
https://www.redbus.in/bus-tickets/durgapur-to-kolkata,Durgapur (West Bengal) to Kolkata,Shyamoli Paribahan Pvt Ltd,12:55,03h 50m,16:45,3.9,486,23,Volvo A/C Seater (2+2)
https://www.redbus.in/bus-tickets/durgapur-to-kolkata,Durgapur (West Bengal) to Kolkata,Greenline (Karunamoyee),13:10,04h 00m,17:10,4.5,486,6,Volvo A/C Seater (2+2)
https://www.redbus.in/bus-tickets/durgapur-to-kolkata,Durgapur (West Bengal) to Kolkata,Greenline,13:30,03h 50m,17:20,4.6,486,23,Volvo A/C Seater (2+2)
https://www.redbus.in/bus-tickets/durgapur-to-kolkata,Durgapur (West Bengal) to Kolkata,SHYAMOLI Pvt. Ltd.(Karunamoyee),14:00,04h 00m,18:00,4.2,486,28,Volvo A/C Seater (2+2)
https://www.redbus.in/bus-tickets/durgapur-to-kolkata,Durgapur (West Bengal) to Kolkata,Shyamoli Paribahan Pvt Ltd,14:10,03h 50m,18:00,4.1,486,27,Volvo A/C Seater (2+2)
https://www.redbus.in/bus-tickets/durgapur-to-kolkata,Durgapur (West Bengal) to Kolkata,Express Line (Karunamoyee),14:25,03h 45m,18:10,4.7,486,24,Scania Multi-Axle AC Semi Sleeper (2+2)
https://www.redbus.in/bus-tickets/durgapur-to-kolkata,Durgapur (West Bengal) to Kolkata,Greenline,14:50,03h 40m,18:30,4.3,486,17,Volvo A/C Seater (2+2)
https://www.redbus.in/bus-tickets/durgapur-to-kolkata,Durgapur (West Bengal) to Kolkata,Shyamoli Paribahan Pvt Ltd,15:30,03h 50m,19:20,4.1,486,25,Volvo A/C Seater (2+2)
https://www.redbus.in/bus-tickets/durgapur-to-kolkata,Durgapur (West Bengal) to Kolkata,Greenline (Karunamoyee),15:40,03h 51m,19:31,4.2,486,18,Volvo A/C Seater (2+2)
https://www.redbus.in/bus-tickets/durgapur-to-kolkata,Durgapur (West Bengal) to Kolkata,Greenline,16:00,03h 50m,19:50,4.3,486,19,Volvo A/C Seater (2+2)
https://www.redbus.in/bus-tickets/durgapur-to-kolkata,Durgapur (West Bengal) to Kolkata,SHYAMOLI Pvt. Ltd.(Karunamoyee),16:10,04h 00m,20:10,4.4,486,25,Volvo A/C Seater (2+2)
https://www.redbus.in/bus-tickets/durgapur-to-kolkata,Durgapur (West Bengal) to Kolkata,Express Line (Karunamoyee),16:30,03h 55m,20:25,4.4,486,24,Scania Multi-Axle AC Semi Sleeper (2+2)
https://www.redbus.in/bus-tickets/durgapur-to-kolkata,Durgapur (West Bengal) to Kolkata,Shyamoli Paribahan Pvt Ltd,16:40,04h 00m,20:40,3.9,486,26,Volvo A/C Seater (2+2)
https://www.redbus.in/bus-tickets/durgapur-to-kolkata,Durgapur (West Bengal) to Kolkata,SHYAMOLI Pvt. Ltd.(Karunamoyee),16:55,04h 00m,20:55,3.7,486,29,Volvo A/C Seater (2+2)
https://www.redbus.in/bus-tickets/durgapur-to-kolkata,Durgapur (West Bengal) to Kolkata,Greenline,17:10,03h 50m,21:00,4.4,486,27,Volvo A/C Seater (2+2)
https://www.redbus.in/bus-tickets/durgapur-to-kolkata,Durgapur (West Bengal) to Kolkata,Greenline (Karunamoyee),17:30,03h 50m,21:20,4.1,486,20,Volvo A/C Seater (2+2)
https://www.redbus.in/bus-tickets/durgapur-to-kolkata,Durgapur (West Bengal) to Kolkata,SHYAMOLI Pvt. Ltd.(Karunamoyee),18:00,03h 45m,21:45,3.8,486,27,Volvo A/C Seater (2+2)
https://www.redbus.in/bus-tickets/kolkata-to-burdwan,Kolkata to Burdwan,SHYAMOLI Pvt. Ltd.(Karunamoyee),08:40,02h 05m,10:45,4.1,429,9,Volvo Multi-Axle A/C Semi Sleeper (2+2)
https://www.redbus.in/bus-tickets/kolkata-to-burdwan,Kolkata to Burdwan,Shyamoli Paribahan Pvt Ltd,08:40,01h 50m,10:30,4.6,429,18,Volvo Multi-Axle A/C Semi Sleeper (2+2)
https://www.redbus.in/bus-tickets/kolkata-to-burdwan,Kolkata to Burdwan,Greenline,08:45,02h 30m,11:15,5.0,429,17,Volvo A/C Seater (2+2)
https://www.redbus.in/bus-tickets/kolkata-to-burdwan,Kolkata to Burdwan,Greenline (Karunamoyee),08:45,01h 30m,10:15,4.4,429,4,Volvo A/C B11R Multi Axle Semi Sleeper (2+2)
https://www.redbus.in/bus-tickets/kolkata-to-burdwan,Kolkata to Burdwan,Greenline (Karunamoyee),09:15,02h 30m,11:45,4.3,429,13,Volvo A/C Seater (2+2)
https://www.redbus.in/bus-tickets/kolkata-to-burdwan,Kolkata to Burdwan,Shyamoli Paribahan Pvt Ltd,09:15,02h 00m,11:15,4.4,429,24,Volvo A/C Seater (2+2)
https://www.redbus.in/bus-tickets/kolkata-to-burdwan,Kolkata to Burdwan,Greenline,09:50,02h 30m,12:20,4.3,429,26,Volvo A/C Seater (2+2)
https://www.redbus.in/bus-tickets/kolkata-to-burdwan,Kolkata to Burdwan,SHYAMOLI Pvt. Ltd.(Karunamoyee),10:00,02h 45m,12:45,4.5,429,27,Volvo B11R Multi Axle Seater (2+2)
https://www.redbus.in/bus-tickets/kolkata-to-burdwan,Kolkata to Burdwan,Greenline (Karunamoyee),11:00,02h 30m,13:30,4.3,429,27,Volvo A/C Seater (2+2)
https://www.redbus.in/bus-tickets/kolkata-to-burdwan,Kolkata to Burdwan,Shyamoli Paribahan Pvt Ltd,11:00,02h 15m,13:15,4.4,429,24,Volvo A/C Seater (2+2)
https://www.redbus.in/bus-tickets/kolkata-to-burdwan,Kolkata to Burdwan,Greenline,11:30,02h 30m,14:00,3.8,429,36,Volvo A/C Seater (2+2)
https://www.redbus.in/bus-tickets/kolkata-to-burdwan,Kolkata to Burdwan,SHYAMOLI Pvt. Ltd.(Karunamoyee),12:00,02h 15m,14:15,4.5,429,29,Volvo A/C Seater (2+2)
https://www.redbus.in/bus-tickets/kolkata-to-burdwan,Kolkata to Burdwan,Greenline,12:30,02h 35m,15:05,4.4,429,37,Volvo A/C Seater (2+2)
https://www.redbus.in/bus-tickets/kolkata-to-burdwan,Kolkata to Burdwan,Greenline (Karunamoyee),13:00,02h 30m,15:30,4.3,429,28,Volvo A/C Seater (2+2)
https://www.redbus.in/bus-tickets/kolkata-to-burdwan,Kolkata to Burdwan,Shyamoli Paribahan Pvt Ltd,13:00,02h 15m,15:15,4.5,429,29,Volvo A/C Seater (2+2)
https://www.redbus.in/bus-tickets/kolkata-to-burdwan,Kolkata to Burdwan,SHYAMOLI Pvt. Ltd.(Karunamoyee),14:00,02h 20m,16:20,4.5,429,36,Volvo A/C Seater (2+2)
https://www.redbus.in/bus-tickets/kolkata-to-burdwan,Kolkata to Burdwan,Shyamoli Paribahan Pvt Ltd,14:00,02h 00m,16:00,4.5,429,30,Volvo A/C Seater (2+2)
https://www.redbus.in/bus-tickets/kolkata-to-burdwan,Kolkata to Burdwan,Greenline,14:30,02h 15m,16:45,4.9,429,37,Volvo A/C Seater (2+2)
https://www.redbus.in/bus-tickets/kolkata-to-burdwan,Kolkata to Burdwan,Greenline (Karunamoyee),15:00,02h 35m,17:35,4.3,429,27,Volvo A/C Seater (2+2)
https://www.redbus.in/bus-tickets/kolkata-to-burdwan,Kolkata to Burdwan,Express Line (Karunamoyee),15:45,02h 15m,18:00,4.7,429,25,Volvo 9600 Multi Axle Semi-Sleeper (2+2)
https://www.redbus.in/bus-tickets/kolkata-to-burdwan,Kolkata to Burdwan,Greenline,16:00,01h 50m,17:50,4.2,429,40,Volvo 9600 Multi Axle Semi-Sleeper (2+2)
https://www.redbus.in/bus-tickets/kolkata-to-burdwan,Kolkata to Burdwan,SHYAMOLI Pvt. Ltd.(Karunamoyee),16:00,02h 30m,18:30,4.0,429,32,Volvo A/C Seater (2+2)
https://www.redbus.in/bus-tickets/kolkata-to-burdwan,Kolkata to Burdwan,Shyamoli Paribahan Pvt Ltd,16:40,02h 15m,18:55,4.2,429,28,Volvo A/C Seater (2+2)
https://www.redbus.in/bus-tickets/kolkata-to-burdwan,Kolkata to Burdwan,Greenline (Karunamoyee),16:45,02h 35m,19:20,4.4,429,31,Volvo A/C Seater (2+2)
https://www.redbus.in/bus-tickets/kolkata-to-burdwan,Kolkata to Burdwan,SHYAMOLI Pvt. Ltd.(Karunamoyee),17:30,02h 30m,20:00,4.1,429,34,Volvo A/C Seater (2+2)
https://www.redbus.in/bus-tickets/kolkata-to-burdwan,Kolkata to Burdwan,Greenline (Karunamoyee),18:00,02h 30m,20:30,4.4,429,34,Volvo A/C Seater (2+2)
https://www.redbus.in/bus-tickets/kolkata-to-burdwan,Kolkata to Burdwan,Lokenath Bus Service,18:00,02h 15m,20:15,4.2,429,41,Volvo Multi Axle B11R AC Seater\Sleeper (2+1)
https://www.redbus.in/bus-tickets/kolkata-to-burdwan,Kolkata to Burdwan,Greenline,18:05,02h 40m,20:45,4.5,429,36,Volvo A/C Seater (2+2)
https://www.redbus.in/bus-tickets/kolkata-to-burdwan,Kolkata to Burdwan,Shyamoli Paribahan Pvt Ltd,18:40,02h 00m,20:40,4.7,429,30,Volvo A/C Seater (2+2)
https://www.redbus.in/bus-tickets/kolkata-to-burdwan,Kolkata to Burdwan,Suman sabir,10:00,03h 00m,13:00,2.5,111,54,Non AC Seater (2+3)
https://www.redbus.in/bus-tickets/kolkata-to-burdwan,Kolkata to Burdwan,Shyamoli Paribahan Pvt Ltd,12:00,02h 05m,14:05,2.6,429,31,Volvo A/C Seater (2+2)
https://www.redbus.in/bus-tickets/kolkata-to-burdwan,Kolkata to Burdwan,Suman sabir,18:50,03h 10m,22:00,2.5,111,61,Non AC Seater (2+3)
https://www.redbus.in/bus-tickets/kolkata-to-burdwan,Kolkata to Burdwan,Royal Cruiser,19:30,02h 45m,22:15,2.1,300,23,Volvo A/C Seater (2+2)
https://www.redbus.in/bus-tickets/kolkata-to-burdwan,Kolkata to Burdwan,Suman sabir,21:00,02h 59m,23:59,2.5,111,54,Non AC Seater (2+3)
https://www.redbus.in/bus-tickets/kolkata-to-burdwan,Kolkata to Burdwan,Greenline,20:00,02h 00m,22:00,4.3,1050,19,Volvo 9600 A/C Seater/Sleeper (2+1)
https://www.redbus.in/bus-tickets/kolkata-to-burdwan,Kolkata to Burdwan,Pammi Travels,21:00,02h 59m,23:59,3.1,1000,36,A/C Sleeper (2+1)
https://www.redbus.in/bus-tickets/kolkata-to-burdwan,Kolkata to Burdwan,Pammi Travels,21:00,02h 59m,23:59,3.1,650,15,Non A/C Seater / Sleeper (2+1)
https://www.redbus.in/bus-tickets/kolkata-to-burdwan,Kolkata to Burdwan,Maharani Express,15:30,02h 45m,18:15,2.1,900,17,A/C Seater / Sleeper (2+2)
https://www.redbus.in/bus-tickets/kolkata-to-burdwan,Kolkata to Burdwan,Maharani Travels,16:30,03h 00m,19:30,2.5,720,12,NON AC Seater / Sleeper 2+1
https://www.redbus.in/bus-tickets/kolkata-to-burdwan,Kolkata to Burdwan,Maharani Express,17:00,03h 00m,20:00,2.1,675,10,NON A/C Seater / Sleeper (2+2)
https://www.redbus.in/bus-tickets/kolkata-to-burdwan,Kolkata to Burdwan,Maharani Express,19:30,02h 45m,22:15,2.1,1080,32,Tata A/C Seater Executive Luxury (2+2)
https://www.redbus.in/bus-tickets/kolkata-to-durgapur,Kolkata to Durgapur (West Bengal),WBTC (CTC) KOLKATA - ASANSOL - PURULIA (AC VOLVO) Banglashree Express - 133|13:45,13:45,03h 00m,16:45,4.1,350,23,A/C Seater (2+2)
https://www.redbus.in/bus-tickets/kolkata-to-durgapur,Kolkata to Durgapur (West Bengal),Shyamoli Paribahan Pvt Ltd,08:40,03h 35m,12:15,4.6,486,18,Volvo Multi-Axle A/C Semi Sleeper (2+2)
https://www.redbus.in/bus-tickets/kolkata-to-durgapur,Kolkata to Durgapur (West Bengal),SHYAMOLI Pvt. Ltd.(Karunamoyee),08:40,03h 50m,12:30,4.0,486,11,Volvo Multi-Axle A/C Semi Sleeper (2+2)
https://www.redbus.in/bus-tickets/kolkata-to-durgapur,Kolkata to Durgapur (West Bengal),Greenline,08:45,04h 00m,12:45,4.6,486,12,Volvo A/C Seater (2+2)
https://www.redbus.in/bus-tickets/kolkata-to-durgapur,Kolkata to Durgapur (West Bengal),Greenline (Karunamoyee),08:45,03h 00m,11:45,4.6,486,3,Volvo A/C B11R Multi Axle Semi Sleeper (2+2)
https://www.redbus.in/bus-tickets/kolkata-to-durgapur,Kolkata to Durgapur (West Bengal),Greenline (Karunamoyee),09:15,04h 00m,13:15,4.7,486,13,Volvo A/C Seater (2+2)
https://www.redbus.in/bus-tickets/kolkata-to-durgapur,Kolkata to Durgapur (West Bengal),Shyamoli Paribahan Pvt Ltd,09:15,04h 00m,13:15,4.3,486,24,Volvo A/C Seater (2+2)
https://www.redbus.in/bus-tickets/kolkata-to-durgapur,Kolkata to Durgapur (West Bengal),Greenline,09:50,04h 00m,13:50,4.2,486,25,Volvo A/C Seater (2+2)
https://www.redbus.in/bus-tickets/kolkata-to-durgapur,Kolkata to Durgapur (West Bengal),SHYAMOLI Pvt. Ltd.(Karunamoyee),10:00,04h 00m,14:00,4.2,486,27,Volvo B11R Multi Axle Seater (2+2)
https://www.redbus.in/bus-tickets/kolkata-to-durgapur,Kolkata to Durgapur (West Bengal),Greenline (Karunamoyee),11:00,04h 00m,15:00,4.1,486,27,Volvo A/C Seater (2+2)
https://www.redbus.in/bus-tickets/kolkata-to-durgapur,Kolkata to Durgapur (West Bengal),Shyamoli Paribahan Pvt Ltd,11:00,04h 00m,15:00,4.2,486,25,Volvo A/C Seater (2+2)
https://www.redbus.in/bus-tickets/kolkata-to-durgapur,Kolkata to Durgapur (West Bengal),Greenline,11:30,04h 00m,15:30,3.9,486,36,Volvo A/C Seater (2+2)
https://www.redbus.in/bus-tickets/kolkata-to-durgapur,Kolkata to Durgapur (West Bengal),SHYAMOLI Pvt. Ltd.(Karunamoyee),12:00,04h 00m,16:00,4.5,486,24,Volvo A/C Seater (2+2)
https://www.redbus.in/bus-tickets/kolkata-to-durgapur,Kolkata to Durgapur (West Bengal),Shyamoli Paribahan Pvt Ltd,12:00,04h 00m,16:00,4.2,486,30,Volvo A/C Seater (2+2)
https://www.redbus.in/bus-tickets/kolkata-to-durgapur,Kolkata to Durgapur (West Bengal),Greenline,12:30,04h 00m,16:30,4.8,486,37,Volvo A/C Seater (2+2)
https://www.redbus.in/bus-tickets/kolkata-to-durgapur,Kolkata to Durgapur (West Bengal),Greenline (Karunamoyee),13:00,04h 00m,17:00,4.5,486,27,Volvo A/C Seater (2+2)
https://www.redbus.in/bus-tickets/kolkata-to-durgapur,Kolkata to Durgapur (West Bengal),Shyamoli Paribahan Pvt Ltd,13:00,04h 00m,17:00,3.9,486,27,Volvo A/C Seater (2+2)
https://www.redbus.in/bus-tickets/kolkata-to-durgapur,Kolkata to Durgapur (West Bengal),SHYAMOLI Pvt. Ltd.(Karunamoyee),14:00,04h 00m,18:00,4.4,486,31,Volvo A/C Seater (2+2)
https://www.redbus.in/bus-tickets/kolkata-to-durgapur,Kolkata to Durgapur (West Bengal),Shyamoli Paribahan Pvt Ltd,14:00,04h 00m,18:00,4.3,486,30,Volvo A/C Seater (2+2)
https://www.redbus.in/bus-tickets/kolkata-to-durgapur,Kolkata to Durgapur (West Bengal),Greenline,14:30,04h 00m,18:30,4.3,486,37,Volvo A/C Seater (2+2)
https://www.redbus.in/bus-tickets/kolkata-to-durgapur,Kolkata to Durgapur (West Bengal),Shyamoli Paribahan Pvt Ltd,15:00,03h 00m,18:00,4.0,486,16,Scania Multi-Axle AC Semi Sleeper (2+2)
https://www.redbus.in/bus-tickets/kolkata-to-durgapur,Kolkata to Durgapur (West Bengal),Greenline (Karunamoyee),15:00,04h 00m,19:00,4.6,486,27,Volvo A/C Seater (2+2)
https://www.redbus.in/bus-tickets/kolkata-to-durgapur,Kolkata to Durgapur (West Bengal),Express Line (Karunamoyee),15:45,04h 00m,19:45,4.9,486,23,Volvo 9600 Multi Axle Semi-Sleeper (2+2)
https://www.redbus.in/bus-tickets/kolkata-to-durgapur,Kolkata to Durgapur (West Bengal),SHYAMOLI Pvt. Ltd.(Karunamoyee),16:00,04h 00m,20:00,4.0,486,24,Volvo A/C Seater (2+2)
https://www.redbus.in/bus-tickets/kolkata-to-durgapur,Kolkata to Durgapur (West Bengal),Greenline,16:00,03h 15m,19:15,4.5,486,21,Volvo 9600 Multi Axle Semi-Sleeper (2+2)
https://www.redbus.in/bus-tickets/kolkata-to-durgapur,Kolkata to Durgapur (West Bengal),Shyamoli Paribahan Pvt Ltd,16:40,04h 00m,20:40,4.1,486,22,Volvo A/C Seater (2+2)
https://www.redbus.in/bus-tickets/kolkata-to-durgapur,Kolkata to Durgapur (West Bengal),Greenline (Karunamoyee),16:45,04h 00m,20:45,4.3,486,31,Volvo A/C Seater (2+2)
https://www.redbus.in/bus-tickets/kolkata-to-durgapur,Kolkata to Durgapur (West Bengal),SHYAMOLI Pvt. Ltd.(Karunamoyee),17:30,04h 00m,21:30,4.4,486,34,Volvo A/C Seater (2+2)
https://www.redbus.in/bus-tickets/kolkata-to-durgapur,Kolkata to Durgapur (West Bengal),Greenline (Karunamoyee),18:00,04h 00m,22:00,4.3,486,34,Volvo A/C Seater (2+2)
https://www.redbus.in/bus-tickets/kolkata-to-durgapur,Kolkata to Durgapur (West Bengal),Lokenath Bus Service,18:00,03h 30m,21:30,3.9,486,40,Volvo Multi Axle B11R AC Seater\Sleeper (2+1)
https://www.redbus.in/bus-tickets/kolkata-to-durgapur,Kolkata to Durgapur (West Bengal),Greenline,18:05,04h 00m,22:05,4.4,486,36,Volvo A/C Seater (2+2)
https://www.redbus.in/bus-tickets/kolkata-to-durgapur,Kolkata to Durgapur (West Bengal),Shyamoli Paribahan Pvt Ltd,18:40,03h 45m,22:25,4.1,486,30,Volvo A/C Seater (2+2)
https://www.redbus.in/bus-tickets/kolkata-to-durgapur,Kolkata to Durgapur (West Bengal),Royal Cruiser,19:30,03h 45m,23:15,3.6,500,23,Volvo A/C Seater (2+2)
https://www.redbus.in/bus-tickets/kolkata-to-durgapur,Kolkata to Durgapur (West Bengal),Aitiana Airwings,20:30,03h 50m,00:20,4.0,650,28,A/C Seater/Sleeper (2+1)
https://www.redbus.in/bus-tickets/kolkata-to-durgapur,Kolkata to Durgapur (West Bengal),Maharani Travels,16:30,04h 15m,20:45,2.5,720,12,NON AC Seater / Sleeper 2+1
https://www.redbus.in/bus-tickets/kolkata-to-durgapur,Kolkata to Durgapur (West Bengal),Maharani Express,17:00,03h 30m,20:30,2.1,675,10,NON A/C Seater / Sleeper (2+2)
https://www.redbus.in/bus-tickets/kolkata-to-durgapur,Kolkata to Durgapur (West Bengal),Maharani Travels,21:05,04h 25m,01:30,2.5,675,16,A/C Seater / Sleeper (2+1)
https://www.redbus.in/bus-tickets/kolkata-to-durgapur,Kolkata to Durgapur (West Bengal),Greenline,20:00,03h 58m,23:58,4.4,1150,6,Volvo 9600 A/C Seater/Sleeper (2+1)
https://www.redbus.in/bus-tickets/kolkata-to-durgapur,Kolkata to Durgapur (West Bengal),Maharani Express,15:30,04h 00m,19:30,2.1,900,7,A/C Seater / Sleeper (2+2)
https://www.redbus.in/bus-tickets/kolkata-to-durgapur,Kolkata to Durgapur (West Bengal),Maharani Express,19:30,04h 00m,23:30,2.1,1080,32,Tata A/C Seater Executive Luxury (2+2)
https://www.redbus.in/bus-tickets/kolkata-to-haldia,Kolkata to Haldia,Gogol City Service,12:50,02h 45m,15:35,3.9,165,55,AC Seater (2+3)
https://www.redbus.in/bus-tickets/kolkata-to-haldia,Kolkata to Haldia,Gogol City Service,13:30,02h 45m,16:15,4.5,165,51,AC Seater (2+3)
https://www.redbus.in/bus-tickets/kolkata-to-haldia,Kolkata to Haldia,Satadal Travels,14:55,03h 20m,18:15,4.0,167,40,A/C Seater (2+2)
https://www.redbus.in/bus-tickets/kolkata-to-haldia,Kolkata to Haldia,Diamond City Service,15:10,03h 45m,18:55,4.5,184,40,A/C Executive (2+3)
https://www.redbus.in/bus-tickets/kolkata-to-haldia,Kolkata to Haldia,Droupadi City Service,15:20,02h 50m,18:10,3.7,200,60,A/C Seater (2+3)
https://www.redbus.in/bus-tickets/kolkata-to-haldia,Kolkata to Haldia,Droupadi Bus Service,16:20,02h 50m,19:10,3.4,131,54,Non AC Seater (2+3)
https://www.redbus.in/bus-tickets/kolkata-to-haldia,Kolkata to Haldia,Droupadi Bus Service,16:20,03h 55m,20:15,3.4,149,54,A/C Seater Push Back (2+3)
https://www.redbus.in/bus-tickets/kolkata-to-haldia,Kolkata to Haldia,Monikanchan Bus Service,16:40,04h 00m,20:40,3.2,130,52,Non AC Seater (2+3)
https://www.redbus.in/bus-tickets/kolkata-to-haldia,Kolkata to Haldia,Swapna Paribahan,16:55,04h 30m,21:25,4.0,144.21,25,Non AC Seater (2+3)
https://www.redbus.in/bus-tickets/kolkata-to-haldia,Kolkata to Haldia,KRISHNAKALI,14:45,02h 45m,17:30,2.7,165,59,A/C Seater (2+3)
https://www.redbus.in/bus-tickets/kolkata-to-midnapore,Kolkata to Midnapore,WBTC (CTC) Barasat-Midnapur - 208|16:25,16:25,01h 50m,18:15,1.9,105,38,Non AC Seater (2+3)
https://www.redbus.in/bus-tickets/kolkata-to-arambagh-west-bengal,Kolkata to Arambagh (West Bengal),SBSTC-KOLKATA -ARAMBAG 09:30 A.M (ARAM DEPOT) - KOLNS2-D/09-30,09:30,01h 59m,11:29,3.4,95,49,Express(Non AC Seater)
https://www.redbus.in/bus-tickets/kolkata-to-arambagh-west-bengal,Kolkata to Arambagh (West Bengal),SBSTC-KOLKATA -ARAMBAG 10:30 A.M (ARAM DEPOT) - KOLNS3-D/10-30,10:30,01h 59m,12:29,2.9,95,49,Express(Non AC Seater)
https://www.redbus.in/bus-tickets/kolkata-to-arambagh-west-bengal,Kolkata to Arambagh (West Bengal),SBSTC-KOLKATA-ARAMBAG 11:00 A.M (ARAM DEPOT) - DIGHANH-1-D/14-00,11:00,02h 00m,13:00,3.4,77,52,Express(Non AC Seater)
https://www.redbus.in/bus-tickets/kolkata-to-arambagh-west-bengal,Kolkata to Arambagh (West Bengal),SBSTC-KOLKATA-ARAMBAGH 11:30 A.M (ARAM DEPOT) - KOL N/H-1-D/11-30,11:30,01h 59m,13:29,3.4,95,52,Express(Non AC Seater)
https://www.redbus.in/bus-tickets/kolkata-to-arambagh-west-bengal,Kolkata to Arambagh (West Bengal),SBSTC-KOLKATA-ARAMBAGH- 12:30 (ARAM DEPOT) - KOL N/H 2-D/12-30,12:30,01h 59m,14:29,3.4,95,52,Express(Non AC Seater)
https://www.redbus.in/bus-tickets/kolkata-to-arambagh-west-bengal,Kolkata to Arambagh (West Bengal),SBSTC-KOLKATA-ARAMBAGH 14:30 P.M (ARAM DEPOT) - KOL N/H 2-D/14-30,14:30,02h 59m,17:29,3.4,95,52,Express(Non AC Seater)
https://www.redbus.in/bus-tickets/kolkata-to-arambagh-west-bengal,Kolkata to Arambagh (West Bengal),SBSTC-KOLKATA -ARAMBAG 15:30 P.M (ARAM DEPOT) - KOLNS1-D/15-30,15:30,01h 59m,17:29,3.4,95,52,Express(Non AC Seater)
https://www.redbus.in/bus-tickets/kolkata-to-arambagh-west-bengal,Kolkata to Arambagh (West Bengal),SBSTC-KOLKATA -ARAMBAG 16:30 P.M (ARAM DEPOT) - KOLNS2-D/16-30,16:30,01h 59m,18:29,3.1,95,50,Express(Non AC Seater)
https://www.redbus.in/bus-tickets/kolkata-to-arambagh-west-bengal,Kolkata to Arambagh (West Bengal),SBSTC-KOLKATA -ARAMBAG 17:30 P.M (ARAM DEPOT) - KOLNS3-D/17-30,17:30,01h 59m,19:29,2.5,95,52,Express(Non AC Seater)
https://www.redbus.in/bus-tickets/kolkata-to-digha,Kolkata to Digha,Shyamoli Paribahan Pvt Ltd,23:30,05h 00m,04:30,4.5,500,34,VE A/C Seater (2+2)
https://www.redbus.in/bus-tickets/kolkata-to-digha,Kolkata to Digha,Express Line,08:40,03h 15m,11:55,4.2,299,25,Volvo 9600 Multi Axle Semi-Sleeper (2+2)
https://www.redbus.in/bus-tickets/kolkata-to-digha,Kolkata to Digha,Express Line,23:45,05h 00m,04:45,4.2,449,49,VE A/C Seater (2+2)
https://www.redbus.in/bus-tickets/kolkata-to-digha,Kolkata to Digha,AdSANTOSH BUS SERVICE,23:59,05h 06m,05:05,4.3,499,49,A/C Seater / Sleeper (2+2)
https://www.redbus.in/bus-tickets/kolkata-to-digha,Kolkata to Digha,Mayuri Express,23:15,05h 15m,04:30,4.1,300,29,AC Seater (2+2)
https://www.redbus.in/bus-tickets/kolkata-to-digha,Kolkata to Digha,Parameswar Travels,23:45,05h 15m,05:00,3.7,238,56,A/C Seater Push Back (2+3)
https://www.redbus.in/bus-tickets/kolkata-to-digha,Kolkata to Digha,Sagufta Travels(Maa chandi),00:40,04h 30m,05:10,4.4,365,18,A/C Seater / Sleeper (2+2)
https://www.redbus.in/bus-tickets/kolkata-to-digha,Kolkata to Digha,Parameswar Travels,23:59,05h 01m,05:00,3.6,238,53,A/C Seater Push Back (2+3)
https://www.redbus.in/bus-tickets/kolkata-to-digha,Kolkata to Digha,Parameswar Travels,13:10,04h 46m,17:56,3.8,238,51,A/C Seater Push Back (2+3)
https://www.redbus.in/bus-tickets/kolkata-to-digha,Kolkata to Digha,Parameswar Travels,09:30,02h 45m,12:15,3.1,238,32,A/C Seater Push Back (2+3)
https://www.redbus.in/bus-tickets/kolkata-to-digha,Kolkata to Digha,Parameswar Travels,23:55,05h 05m,05:00,3.4,238,56,A/C Seater Push Back (2+3)
https://www.redbus.in/bus-tickets/kolkata-to-digha,Kolkata to Digha,Sagufta Travels (Mayuri),23:15,04h 45m,04:00,4.5,365,20,A/C Seater (2+2)
https://www.redbus.in/bus-tickets/kolkata-to-digha,Kolkata to Digha,Bhorpet Travels,23:50,04h 10m,04:00,4.6,500,34,A/C Seater/Sleeper (2+1)
https://www.redbus.in/bus-tickets/kolkata-to-digha,Kolkata to Digha,Sagufta Travels(Sonamoni),11:20,05h 00m,16:20,3.5,315,18,A/C Seater Push Back (2+3)
https://www.redbus.in/bus-tickets/kolkata-to-digha,Kolkata to Digha,Parameswar Travels,21:50,05h 55m,03:45,3.9,238,56,A/C Seater Push Back (2+3)
https://www.redbus.in/bus-tickets/kolkata-to-digha,Kolkata to Digha,Basu Travels,23:30,05h 00m,04:30,3.6,399,20,A/C Seater Push Back (2+3)
https://www.redbus.in/bus-tickets/kolkata-to-digha,Kolkata to Digha,Sagufta Travels (Maity),00:55,04h 55m,05:50,3.2,415,30,A/C Seater (2+3)
https://www.redbus.in/bus-tickets/kolkata-to-digha,Kolkata to Digha,Sagufta Travels (Atithi),23:59,05h 01m,05:00,3.0,315,36,A/C Seater Push Back (2+3)
https://www.redbus.in/bus-tickets/kolkata-to-digha,Kolkata to Digha,Mayuri Express,18:20,04h 30m,22:50,2.6,440,61,A/C Seater (2+3)
https://www.redbus.in/bus-tickets/kolkata-to-digha,Kolkata to Digha,Ankita Paribahan(Atithi),23:55,05h 05m,05:00,3.7,416,20,A/C Seater (2+3)
https://www.redbus.in/bus-tickets/kolkata-to-digha,Kolkata to Digha,SANTOSH BUS SERVICE,15:55,05h 15m,21:10,3.5,370,34,AC Seater (2+3)
https://www.redbus.in/bus-tickets/kolkata-to-digha,Kolkata to Digha,City Express (Maa Gauri),12:40,04h 30m,17:10,2.6,370,21,AC Seater (2+3)
https://www.redbus.in/bus-tickets/kolkata-to-digha,Kolkata to Digha,Ankita Paribahan(Janhabi),16:45,04h 35m,21:20,2.7,405,31,A/C Seater Push Back (2+3)
https://www.redbus.in/bus-tickets/kolkata-to-digha,Kolkata to Digha,Sagufta Travels(Lokenath),00:30,05h 00m,05:30,3.1,415,30,A/C Seater Push Back (2+3)
https://www.redbus.in/bus-tickets/kolkata-to-digha,Kolkata to Digha,Samanta Travels,18:50,04h 40m,23:30,2.8,300,61,A/C Seater (2+3)
https://www.redbus.in/bus-tickets/kolkata-to-digha,Kolkata to Digha,City Express (SONAMONI),11:28,04h 42m,16:10,2.8,370,21,AC Seater (2+3)
https://www.redbus.in/bus-tickets/kolkata-to-digha,Kolkata to Digha,SANTOSH BUS SERVICE,19:00,04h 35m,23:35,2.7,399,45,AC Seater (2+3)
https://www.redbus.in/bus-tickets/kolkata-to-digha,Kolkata to Digha,Sagufta Travels (Maa Gauri),12:30,04h 50m,17:20,2.5,315,20,A/C Seater Push Back (2+3)
https://www.redbus.in/bus-tickets/kolkata-to-digha,Kolkata to Digha,Snemita Paribahan(Maa Gauri Gold),11:00,04h 45m,15:45,2.6,370,20,AC Seater (2+3)
https://www.redbus.in/bus-tickets/kolkata-to-digha,Kolkata to Digha,Maa Chandi Travels,23:40,04h 50m,04:30,3.5,400,30,A/C Seater / Sleeper (2+2)
https://www.redbus.in/bus-tickets/kolkata-to-digha,Kolkata to Digha,Maa Chandi Travels,23:57,05h 13m,05:10,3.5,400,29,A/C Seater / Sleeper (2+2)
https://www.redbus.in/bus-tickets/kolkata-to-digha,Kolkata to Digha,Maa Chandi Travels,22:00,07h 30m,05:30,3.5,400,29,A/C Seater / Sleeper (2+2)
https://www.redbus.in/bus-tickets/kolkata-to-digha,Kolkata to Digha,Snemita Pariseba(Santosh),18:30,05h 00m,23:30,2.5,370,20,AC Seater (2+3)
https://www.redbus.in/bus-tickets/kolkata-to-digha,Kolkata to Digha,Parameswar Travels,10:10,04h 46m,14:56,2.5,289,56,A/C Seater Push Back (2+3)
https://www.redbus.in/bus-tickets/kolkata-to-digha,Kolkata to Digha,Ankita Paribahan( Haimanti),19:50,04h 15m,00:05,1.9,370,41,A/C Seater Push Back (2+3)
https://www.redbus.in/bus-tickets/kolkata-to-digha,Kolkata to Digha,Sagufta Travels(Janhabi),16:45,04h 30m,21:15,2.0,315,23,A/C Seater Push Back (2+3)
https://www.redbus.in/bus-tickets/kolkata-to-digha,Kolkata to Digha,Snemita Parisheba(Samanta),18:00,04h 25m,22:25,2.2,370,25,AC Seater (2+3)
https://www.redbus.in/bus-tickets/kolkata-to-digha,Kolkata to Digha,Sagufta Travels (Kojagor),15:50,04h 30m,20:20,2.1,315,10,A/C Seater (2+3)
https://www.redbus.in/bus-tickets/kolkata-to-digha,Kolkata to Digha,SANTOSH BUS SERVICE,19:25,04h 34m,23:59,1.6,299,36,AC Seater (2+3)
https://www.redbus.in/bus-tickets/kolkata-to-digha,Kolkata to Digha,Sagufta Travels (Sagar Kanya),23:30,05h 10m,04:40,1.7,315,18,A/C Seater Push Back (2+3)
https://www.redbus.in/bus-tickets/kolkata-to-digha,Kolkata to Digha,Haimanti Bus Service,19:50,05h 40m,01:30,1.5,340,20,AC Seater (2+3)
https://www.redbus.in/bus-tickets/kolkata-to-digha,Kolkata to Digha,Sagufta Travels(Angel),23:58,05h 12m,05:10,3.8,315,24,A/C Seater (2+2)
https://www.redbus.in/bus-tickets/kolkata-to-digha,Kolkata to Digha,SANTOSH BUS SERVICE,23:45,04h 50m,04:35,3.5,499,45,A/C Seater / Sleeper (2+2)
https://www.redbus.in/bus-tickets/kolkata-to-digha,Kolkata to Digha,Sagufta Travels (Maa Gauri),11:00,04h 30m,15:30,3.5,315,20,A/C Seater (2+3)
https://www.redbus.in/bus-tickets/kolkata-to-digha,Kolkata to Digha,Sagufta Travels (Kojagor),17:00,04h 50m,21:50,3.5,315,26,A/C Seater Push Back (2+3)
https://www.redbus.in/bus-tickets/kolkata-to-digha,Kolkata to Digha,Sagufta Travels (Samanta),18:00,04h 30m,22:30,3.5,315,20,A/C Seater (2+3)
https://www.redbus.in/bus-tickets/kolkata-to-digha,Kolkata to Digha,SANTOSH BUS SERVICE,18:30,05h 15m,23:45,3.4,390,45,AC Seater (2+3)
https://www.redbus.in/bus-tickets/kolkata-to-digha,Kolkata to Digha,SANTOSH BUS SERVICE,17:50,04h 40m,22:30,3.4,349,41,AC Seater (2+3)
https://www.redbus.in/bus-tickets/kolkata-to-digha,Kolkata to Digha,SANTOSH BUS SERVICE,19:25,05h 20m,00:45,3.4,349,41,AC Seater (2+3)
https://www.redbus.in/bus-tickets/kolkata-to-digha,Kolkata to Digha,Sagufta Travels (Santosh),01:20,04h 40m,06:00,3.5,515,20,A/C Seater / Sleeper (2+2)
https://www.redbus.in/bus-tickets/kolkata-to-digha,Kolkata to Digha,Samanta Travels,18:10,05h 00m,23:10,3.3,300,16,A/C Seater (2+3)
https://www.redbus.in/bus-tickets/kolkata-to-digha,Kolkata to Digha,City Express (Shinjini),23:50,05h 05m,04:55,3.0,370,35,AC Seater (2+3)
https://www.redbus.in/bus-tickets/kolkata-to-digha,Kolkata to Digha,Snemita Paribahan(Shinjini),23:50,04h 40m,04:30,3.2,420,20,A/C Seater (2+3)
https://www.redbus.in/bus-tickets/kolkata-to-digha,Kolkata to Digha,Snemita Paribahan (Bhorpet),23:55,04h 50m,04:45,3.2,420,29,AC Seater (2+2)
https://www.redbus.in/bus-tickets/kolkata-to-digha,Kolkata to Digha,Ankita Paribahan (SOHANA),12:40,05h 20m,18:00,4.4,360,43,AC Seater (2+3)
https://www.redbus.in/bus-tickets/kolkata-to-digha,Kolkata to Digha,Basu Travels,10:40,04h 20m,15:00,3.2,399,30,A/C Seater Push Back (2+3)
https://www.redbus.in/bus-tickets/kolkata-to-digha,Kolkata to Digha,Purusottam Travels,14:40,05h 15m,19:55,3.7,320,46,A/C Seater (2+3)
https://www.redbus.in/bus-tickets/kolkata-to-digha,Kolkata to Digha,SANTOSH BUS SERVICE,00:50,05h 10m,06:00,3.1,350,36,AC Seater (2+3)
https://www.redbus.in/bus-tickets/kolkata-to-digha,Kolkata to Digha,SANTOSH BUS SERVICE,22:40,06h 50m,05:30,2.7,549,35,A/C Seater / Sleeper (2+2)
https://www.redbus.in/bus-tickets/kolkata-to-digha,Kolkata to Digha,Snemita Paribahan (Maa Gouri),12:40,04h 30m,17:10,2.8,370,20,AC Seater (2+3)
https://www.redbus.in/bus-tickets/kolkata-to-digha,Kolkata to Digha,Basu Travels,14:32,04h 28m,19:00,2.4,390,20,A/C Seater Push Back (2+3)
https://www.redbus.in/bus-tickets/kolkata-to-digha,Kolkata to Digha,Snemita Paribahan (Sathi),17:40,04h 20m,22:00,2.9,380,25,A/C Seater (2+3)
https://www.redbus.in/bus-tickets/kolkata-to-digha,Kolkata to Digha,Snemita Paribahan(SONAMONI),11:28,04h 42m,16:10,2.9,370,20,A/C Seater (2+3)
https://www.redbus.in/bus-tickets/kolkata-to-digha,Kolkata to Digha,Sagufta Travels (Maa Chandi),13:30,04h 35m,18:05,2.5,315,20,A/C Seater Push Back (2+3)
https://www.redbus.in/bus-tickets/kolkata-to-digha,Kolkata to Digha,Purusottam Travels,14:39,05h 26m,20:05,2.7,300,46,A/C Seater (2+3)
https://www.redbus.in/bus-tickets/kolkata-to-digha,Kolkata to Digha,City Express (Ruposhi),15:55,04h 55m,20:50,1.6,370,31,AC Seater (2+3)
https://www.redbus.in/bus-tickets/kolkata-to-digha,Kolkata to Digha,Snemita Parisheba (Samanta),08:45,04h 30m,13:15,1.8,370,23,A/C Seater (2+3)
https://www.redbus.in/bus-tickets/kolkata-to-digha,Kolkata to Digha,Basu Travels,14:25,04h 45m,19:10,1.4,399,66,A/C Seater Push Back (2+3)
https://www.redbus.in/bus-tickets/kolkata-to-digha,Kolkata to Digha,Snemita Paribahan (Ruposhi),15:55,04h 55m,20:50,1.9,370,30,AC Seater (2+3)
https://www.redbus.in/bus-tickets/kolkata-to-digha,Kolkata to Digha,Snemita Paribahan (ANGEL),23:58,05h 02m,05:00,2.0,420,25,A/C Seater Push Back (2+2)
https://www.redbus.in/bus-tickets/kolkata-to-digha,Kolkata to Digha,Snemita Parisheba,15:15,04h 30m,19:45,1.3,370,19,A/C Push Back (2+3)
https://www.redbus.in/bus-tickets/kolkata-to-digha,Kolkata to Digha,Bengal Surface Transport,14:29,04h 46m,19:15,1.7,379,41,A/C Seater Push Back (2+3)
https://www.redbus.in/bus-tickets/kolkata-to-digha,Kolkata to Digha,Bengal Surface Transport,23:59,05h 01m,05:00,1.5,399,61,A/C Seater Push Back (2+3)
https://www.redbus.in/bus-tickets/kolkata-to-digha,Kolkata to Digha,Snemita Parisheba,19:30,04h 40m,00:10,1.4,370,20,AC Seater (2+3)
https://www.redbus.in/bus-tickets/kolkata-to-digha,Kolkata to Digha,Friends Travels,23:55,05h 15m,05:10,2.5,350,1,A/C Seater (2+3)
https://www.redbus.in/bus-tickets/kolkata-to-digha,Kolkata to Digha,City Express (BHORPET),17:40,04h 20m,22:00,1.4,370,31,AC Seater (2+3)
https://www.redbus.in/bus-tickets/kolkata-to-digha,Kolkata to Digha,SANTOSH BUS SERVICE,17:20,04h 30m,21:50,1.0,349,46,AC Seater (2+3)
https://www.redbus.in/bus-tickets/kolkata-to-digha,Kolkata to Digha,Bengal Surface Transport,23:20,05h 10m,04:30,2.4,419,21,A/C Seater Push Back (2+3)
https://www.redbus.in/bus-tickets/kolkata-to-digha,Kolkata to Digha,Arunita Paribahan,23:45,05h 00m,04:45,1.6,370,21,AC Seater (2+2)
https://www.redbus.in/bus-tickets/kolkata-to-digha,Kolkata to Digha,Haimanti Bus Service,12:40,04h 50m,17:30,1.5,250,20,AC Seater (2+3)
https://www.redbus.in/bus-tickets/kolkata-to-digha,Kolkata to Digha,Kojagar Travels,16:50,05h 10m,22:00,3.7,420,30,A/C Seater (2+3)
https://www.redbus.in/bus-tickets/kolkata-to-digha,Kolkata to Digha,Mayuri Express,23:59,04h 46m,04:45,3.8,300,42,A/C Seater / Sleeper (2+1)
https://www.redbus.in/bus-tickets/kolkata-to-digha,Kolkata to Digha,Basu Travels,23:55,05h 05m,05:00,3.6,469,21,A/C Seater Push Back (2+3)
https://www.redbus.in/bus-tickets/kolkata-to-digha,Kolkata to Digha,Sagufta Travels (Bhorpet Travels),23:55,05h 15m,05:10,3.5,365,15,AC Sleeper (2+1)
https://www.redbus.in/bus-tickets/kolkata-to-digha,Kolkata to Digha,Sagufta Travels (Mayuri),23:54,04h 46m,04:40,3.5,365,28,A/C Seater / Sleeper (2+2)
https://www.redbus.in/bus-tickets/kolkata-to-digha,Kolkata to Digha,Sagufta Travels (Santosh),23:56,04h 49m,04:45,3.5,365,32,A/C Seater / Sleeper (2+2)
https://www.redbus.in/bus-tickets/kolkata-to-digha,Kolkata to Digha,SANTOSH BUS SERVICE,16:10,05h 35m,21:45,3.4,350,40,Non AC Seater (2+3)
https://www.redbus.in/bus-tickets/kolkata-to-digha,Kolkata to Digha,SANTOSH BUS SERVICE,12:50,04h 50m,17:40,3.4,350,41,AC Seater (2+3)
https://www.redbus.in/bus-tickets/kolkata-to-digha,Kolkata to Digha,SANTOSH BUS SERVICE,23:59,05h 01m,05:00,3.4,350,39,AC Seater (2+3)
https://www.redbus.in/bus-tickets/kolkata-to-digha,Kolkata to Digha,SANTOSH BUS SERVICE,15:15,05h 15m,20:30,3.4,350,36,AC Seater (2+3)
https://www.redbus.in/bus-tickets/kolkata-to-digha,Kolkata to Digha,Snemita Paribahan (Shinjini),12:20,04h 30m,16:50,3.2,390,32,AC Seater (2+3)
https://www.redbus.in/bus-tickets/kolkata-to-digha,Kolkata to Digha,Snemita Paribahan(Maa Chandi),13:35,04h 30m,18:05,3.2,370,20,AC Seater (2+3)
https://www.redbus.in/bus-tickets/kolkata-to-digha,Kolkata to Digha,Purusottam Travels,14:30,04h 30m,19:00,3.2,250,33,NON A/C Seater (2+3)
https://www.redbus.in/bus-tickets/kolkata-to-digha,Kolkata to Digha,Purusottam Travels,14:35,04h 25m,19:00,3.2,280,48,NON A/C Seater (2+3)
https://www.redbus.in/bus-tickets/kolkata-to-digha,Kolkata to Digha,City Express (Maa Gouri),11:00,04h 30m,15:30,3.2,370,21,AC Seater (2+3)
https://www.redbus.in/bus-tickets/kolkata-to-digha,Kolkata to Digha,Snemita Paribahan (Shinjini),23:45,04h 50m,04:35,3.2,420,16,AC Seater (2+2)
https://www.redbus.in/bus-tickets/kolkata-to-digha,Kolkata to Digha,City Express (Maa Chandi),13:35,04h 25m,18:00,3.2,370,21,AC Seater (2+3)
https://www.redbus.in/bus-tickets/kolkata-to-digha,Kolkata to Digha,City Express (Shinjini),23:45,04h 50m,04:35,3.2,420,12,AC Seater (2+2)
https://www.redbus.in/bus-tickets/kolkata-to-digha,Kolkata to Digha,Snemita Parisheba,19:05,04h 40m,23:45,2.8,370,20,AC Seater (2+3)
https://www.redbus.in/bus-tickets/kolkata-to-digha,Kolkata to Digha,Snemita Parisheba,15:20,04h 50m,20:10,2.8,370,31,AC Seater (2+3)
https://www.redbus.in/bus-tickets/kolkata-to-digha,Kolkata to Digha,Snemita Parisheba,14:45,04h 40m,19:25,2.8,370,41,AC Seater (2+3)
https://www.redbus.in/bus-tickets/kolkata-to-digha,Kolkata to Digha,Snemita Parisheba,16:10,04h 30m,20:40,2.8,370,25,AC Seater (2+3)
https://www.redbus.in/bus-tickets/kolkata-to-digha,Kolkata to Digha,Snemita Parisheba(SANTOSH),23:50,05h 10m,05:00,2.8,370,20,AC Seater (2+3)
https://www.redbus.in/bus-tickets/kolkata-to-digha,Kolkata to Digha,Snemita Parisheba,11:50,05h 00m,16:50,2.8,370,20,AC Seater (2+3)
https://www.redbus.in/bus-tickets/kolkata-to-digha,Kolkata to Digha,Ankita Paribahan(Atithi),22:40,06h 40m,05:20,2.7,352,20,A/C Seater Push Back (2+3)
https://www.redbus.in/bus-tickets/kolkata-to-digha,Kolkata to Digha,Ankita Paribahan (Anuska),13:50,05h 10m,19:00,2.7,360,41,AC Seater (2+3)
https://www.redbus.in/bus-tickets/kolkata-to-digha,Kolkata to Digha,Ankita Paribahan (Maity Motor),22:20,04h 40m,03:00,2.7,393,25,A/C Seater Push Back (2+3)
https://www.redbus.in/bus-tickets/kolkata-to-digha,Kolkata to Digha,Bengal Surface Transport,10:40,04h 20m,15:00,2.4,399,66,A/C Seater Push Back (2+3)
https://www.redbus.in/bus-tickets/kolkata-to-digha,Kolkata to Digha,Subhadip Travels(Kojagar),16:50,04h 40m,21:30,2.2,378,31,Non AC Seater (2+3)
https://www.redbus.in/bus-tickets/kolkata-to-digha,Kolkata to Digha,Subhadip Travels(Radha Gobinda),15:25,05h 35m,21:00,2.2,378,66,A/C Seater (2+3)
https://www.redbus.in/bus-tickets/kolkata-to-digha,Kolkata to Digha,Subhadip Travels(jahnabi),17:20,04h 15m,21:35,2.2,378,46,A/C Executive (2+3)
https://www.redbus.in/bus-tickets/kolkata-to-digha,Kolkata to Digha,Subhadip Travels(Anuska),15:30,05h 00m,20:30,2.2,378,60,A/C Executive (2+3)
https://www.redbus.in/bus-tickets/kolkata-to-digha,Kolkata to Digha,Arunita Paribahan,09:30,04h 30m,14:00,1.6,380,21,A/C Executive (2+3)
https://www.redbus.in/bus-tickets/kolkata-to-digha,Kolkata to Digha,Kojagar Travels,15:40,05h 50m,21:30,3.7,420,20,A/C Seater (2+3)
https://www.redbus.in/bus-tickets/kolkata-to-digha,Kolkata to Digha,Anadi Travels (Disha Gold),23:00,05h 40m,04:40,1.0,699,60,A/C Seater Push Back (2+3)
https://www.redbus.in/bus-tickets/digha-to-kolkata,Digha to Kolkata,Greenline,13:40,04h 45m,18:25,4.4,300,5,Volvo A/C Seater (2+2)
https://www.redbus.in/bus-tickets/digha-to-kolkata,Digha to Kolkata,Shyamoli Paribahan Pvt Ltd,13:45,05h 10m,18:55,4.4,400,8,VE A/C Seater (2+2)
https://www.redbus.in/bus-tickets/digha-to-kolkata,Digha to Kolkata,Express Line,13:45,04h 30m,18:15,4.3,339,26,Volvo 9600 Multi Axle Semi-Sleeper (2+2)
https://www.redbus.in/bus-tickets/digha-to-kolkata,Digha to Kolkata,Shyamoli Paribahan Pvt Ltd,13:30,04h 55m,18:25,4.2,400,9,Volvo A/C Seater (2+2)
https://www.redbus.in/bus-tickets/digha-to-kolkata,Digha to Kolkata,Greenline,13:30,04h 45m,18:15,4.2,300,11,Volvo A/C Seater (2+2)
https://www.redbus.in/bus-tickets/digha-to-kolkata,Digha to Kolkata,Express Line,10:25,04h 55m,15:20,4.0,449,16,VE A/C Seater (2+2)
https://www.redbus.in/bus-tickets/digha-to-kolkata,Digha to Kolkata,Mayuri Express,10:30,05h 00m,15:30,3.9,350,21,AC Seater (2+2)
https://www.redbus.in/bus-tickets/digha-to-kolkata,Digha to Kolkata,Mayuri Express,11:15,04h 45m,16:00,3.9,300,33,A/C Seater (2+3)
https://www.redbus.in/bus-tickets/digha-to-kolkata,Digha to Kolkata,Parameswar Travels,09:30,04h 45m,14:15,3.8,289,44,A/C Seater Push Back (2+3)
https://www.redbus.in/bus-tickets/digha-to-kolkata,Digha to Kolkata,Ankita Paribahan(Atithi),13:35,04h 15m,17:50,3.0,288,34,A/C Seater Push Back (2+3)
https://www.redbus.in/bus-tickets/digha-to-kolkata,Digha to Kolkata,Bhorpet Travels,09:20,04h 40m,14:00,4.4,700,16,A/C Seater/Sleeper (2+1)
https://www.redbus.in/bus-tickets/digha-to-kolkata,Digha to Kolkata,Monikanchan Bus Service,13:30,04h 15m,17:45,3.0,375,7,A/C Seater (2+3)
https://www.redbus.in/bus-tickets/digha-to-kolkata,Digha to Kolkata,Monikanchan Bus Service,12:50,04h 10m,17:00,3.6,375,12,A/C Seater (2+3)
https://www.redbus.in/bus-tickets/digha-to-kolkata,Digha to Kolkata,The Joy Ride,21:15,05h 15m,02:30,3.9,650,44,A/C Seater / Sleeper (2+2)
https://www.redbus.in/bus-tickets/digha-to-kolkata,Digha to Kolkata,Snemita Paribahan,14:30,04h 40m,19:10,3.5,580,37,A/C Seater / Sleeper (2+2)
https://www.redbus.in/bus-tickets/digha-to-kolkata,Digha to Kolkata,Snemita Pariseba(Samanta),14:45,04h 35m,19:20,3.2,420,36,A/C Seater Push Back (2+3)
https://www.redbus.in/bus-tickets/digha-to-kolkata,Digha to Kolkata,Snemita Paribahan (Angel),13:50,04h 40m,18:30,3.6,480,27,AC Seater (2+3)
https://www.redbus.in/bus-tickets/digha-to-kolkata,Digha to Kolkata,Snemita Paribahan(Shinjini),22:45,05h 25m,04:10,2.9,420,25,A/C Seater (2+3)
https://www.redbus.in/bus-tickets/digha-to-kolkata,Digha to Kolkata,Samanta Travels,14:30,04h 50m,19:20,3.6,300,18,A/C Seater (2+3)
https://www.redbus.in/bus-tickets/digha-to-kolkata,Digha to Kolkata,City Express (Shinjini),22:45,05h 25m,04:10,2.7,420,16,AC Seater (2+3)
https://www.redbus.in/bus-tickets/digha-to-kolkata,Digha to Kolkata,City Express,11:35,04h 50m,16:25,3.1,420,3,AC Seater (2+3)
https://www.redbus.in/bus-tickets/digha-to-kolkata,Digha to Kolkata,Snemita Parisheba (Santosh),10:55,04h 45m,15:40,3.3,370,24,AC Seater (2+3)
https://www.redbus.in/bus-tickets/digha-to-kolkata,Digha to Kolkata,Snemita Paribahan(Snemita),11:45,04h 40m,16:25,2.4,420,41,AC Seater (2+3)
https://www.redbus.in/bus-tickets/digha-to-kolkata,Digha to Kolkata,Snemita Parisheba (Manikanchan),12:20,04h 25m,16:45,3.4,370,2,AC Seater (2+3)
https://www.redbus.in/bus-tickets/digha-to-kolkata,Digha to Kolkata,City Express (Angel),13:50,04h 40m,18:30,2.5,430,18,AC Seater (2+3)
https://www.redbus.in/bus-tickets/digha-to-kolkata,Digha to Kolkata,Snemita Paribahan(Jackson),13:40,04h 50m,18:30,3.1,470,24,AC Seater (2+2)
https://www.redbus.in/bus-tickets/digha-to-kolkata,Digha to Kolkata,Sree Jagannath Travels,15:00,05h 00m,20:00,2.7,359,26,A/C Seater Push Back (2+3)
https://www.redbus.in/bus-tickets/digha-to-kolkata,Digha to Kolkata,Monikanchan Bus Service,12:20,04h 20m,16:40,2.7,375,16,A/C Seater (2+3)
https://www.redbus.in/bus-tickets/digha-to-kolkata,Digha to Kolkata,Snemita Paribahan,11:21,04h 39m,16:00,1.9,420,38,AC Seater (2+3)
https://www.redbus.in/bus-tickets/digha-to-kolkata,Digha to Kolkata,Snemita Paribahan,11:35,04h 50m,16:25,2.0,420,1,AC Seater (2+3)
https://www.redbus.in/bus-tickets/digha-to-kolkata,Digha to Kolkata,Snemita Paribahan (Shinjini),23:35,04h 40m,04:15,2.3,420,21,AC Seater (2+3)
https://www.redbus.in/bus-tickets/digha-to-kolkata,Digha to Kolkata,Arya Paribahan,14:55,03h 55m,18:50,3.5,350,30,AC Seater (2+3)
https://www.redbus.in/bus-tickets/digha-to-kolkata,Digha to Kolkata,Maa Chandi Travels,14:30,04h 40m,19:10,3.5,500,10,A/C Seater / Sleeper (2+2)
https://www.redbus.in/bus-tickets/digha-to-kolkata,Digha to Kolkata,Ankita Paribahan (Lokenath),16:20,04h 40m,21:00,2.8,378,41,AC Seater (2+3)
https://www.redbus.in/bus-tickets/digha-to-kolkata,Digha to Kolkata,Ankita Paribahan(Atithi),10:45,05h 00m,15:45,2.5,315,33,A/C Seater (2+3)
https://www.redbus.in/bus-tickets/digha-to-kolkata,Digha to Kolkata,Sree Jagannath Travels,14:00,04h 30m,18:30,2.3,359,29,A/C Seater Push Back (2+3)
https://www.redbus.in/bus-tickets/digha-to-kolkata,Digha to Kolkata,Samanta Travels,12:40,04h 50m,17:30,2.3,300,61,A/C Seater (2+3)
https://www.redbus.in/bus-tickets/digha-to-kolkata,Digha to Kolkata,Snemita Paribahan,10:30,04h 30m,15:00,2.6,230,35,Non AC Seater (2+3)
https://www.redbus.in/bus-tickets/digha-to-kolkata,Digha to Kolkata,Haimanti Bus Service,09:50,05h 25m,15:15,2.1,320,20,AC Seater (2+3)
https://www.redbus.in/bus-tickets/digha-to-kolkata,Digha to Kolkata,Ankita Paribahan(Atithi),12:15,04h 30m,16:45,1.9,315,41,A/C Seater Push Back (2+3)
https://www.redbus.in/bus-tickets/digha-to-kolkata,Digha to Kolkata,Rudraksha City Service,13:00,04h 20m,17:20,2.6,400,60,A/C Seater (2+3)
https://www.redbus.in/bus-tickets/digha-to-kolkata,Digha to Kolkata,Shyamoli Paribahan Pvt Ltd,13:40,04h 30m,18:10,3.8,349,25,Volvo A/C Seater (2+2)
https://www.redbus.in/bus-tickets/digha-to-kolkata,Digha to Kolkata,Sagufta Travels(Atithi),13:35,04h 55m,18:30,3.4,415,18,A/C Seater Push Back (2+3)
https://www.redbus.in/bus-tickets/digha-to-kolkata,Digha to Kolkata,Sagufta Travels(Atithi),12:15,05h 05m,17:20,3.4,415,20,A/C Seater Push Back (2+3)
https://www.redbus.in/bus-tickets/digha-to-kolkata,Digha to Kolkata,Snemita Parisheba(Santosh),11:25,04h 15m,15:40,3.6,420,7,AC Seater (2+3)
https://www.redbus.in/bus-tickets/digha-to-kolkata,Digha to Kolkata,Snemita Parisheba(Santosh),11:30,04h 40m,16:10,3.8,370,34,AC Seater (2+3)
https://www.redbus.in/bus-tickets/digha-to-kolkata,Digha to Kolkata,Satya Paribahan,23:30,04h 10m,03:40,3.9,333,46,A/C Seater (2+3)
https://www.redbus.in/bus-tickets/digha-to-kolkata,Digha to Kolkata,Snemita Paribahan(SHINJINI),16:00,04h 30m,20:30,3.3,420,28,A/C Seater (2+3)
https://www.redbus.in/bus-tickets/digha-to-kolkata,Digha to Kolkata,Ankita Paribahan (Maity Motor),13:05,04h 25m,17:30,3.6,315,40,A/C Seater Push Back (2+3)
https://www.redbus.in/bus-tickets/digha-to-kolkata,Digha to Kolkata,Monikanchan Bus Service,11:40,04h 35m,16:15,3.4,215,40,Non AC Seater (2+3)
https://www.redbus.in/bus-tickets/digha-to-kolkata,Digha to Kolkata,Satya Paribahan,23:00,04h 45m,03:45,2.9,378,35,A/C Seater (2+3)
https://www.redbus.in/bus-tickets/digha-to-kolkata,Digha to Kolkata,Monikanchan Bus Service,11:40,04h 15m,15:55,3.1,375,1,A/C Seater (2+3)
https://www.redbus.in/bus-tickets/digha-to-kolkata,Digha to Kolkata,Basu Travels,10:10,05h 05m,15:15,3.1,399,25,A/C Seater Push Back (2+3)
https://www.redbus.in/bus-tickets/digha-to-kolkata,Digha to Kolkata,Vishwakarma Travels,13:45,04h 50m,18:35,3.4,310,40,AC Seater (2+3)
https://www.redbus.in/bus-tickets/digha-to-kolkata,Digha to Kolkata,City Express (Shinjini),16:00,04h 30m,20:30,3.6,420,26,AC Seater (2+3)
https://www.redbus.in/bus-tickets/digha-to-kolkata,Digha to Kolkata,Snemita Paribahan (SHINJINI),11:15,04h 30m,15:45,3.0,420,9,A/C Seater (2+3)
https://www.redbus.in/bus-tickets/digha-to-kolkata,Digha to Kolkata,Snemita Parisheba(SNEHA GOLD),16:35,04h 45m,21:20,2.6,370,46,AC Seater (2+3)
https://www.redbus.in/bus-tickets/digha-to-kolkata,Digha to Kolkata,Chetak Parivahan,13:25,04h 05m,17:30,3.2,380,35,A/C Seater (2+3)
https://www.redbus.in/bus-tickets/digha-to-kolkata,Digha to Kolkata,Snemita Parisheba(SANTOSH),10:25,04h 45m,15:10,2.9,420,15,A/C Seater / Sleeper (2+2)
https://www.redbus.in/bus-tickets/digha-to-kolkata,Digha to Kolkata,Snemita Paribahan,23:30,04h 30m,04:00,3.3,420,45,A/C Seater (2+3)
https://www.redbus.in/bus-tickets/digha-to-kolkata,Digha to Kolkata,Aradhana Bus Service,09:25,05h 45m,15:10,3.5,600,51,A/C Seater / Sleeper (2+2)
https://www.redbus.in/bus-tickets/digha-to-kolkata,Digha to Kolkata,Snemita Parisheba (Santosh),10:30,04h 40m,15:10,2.6,370,36,AC Seater (2+3)
https://www.redbus.in/bus-tickets/digha-to-kolkata,Digha to Kolkata,Snemita Paribahan(Shinjini),15:20,04h 40m,20:00,2.1,420,36,A/C Seater (2+3)
https://www.redbus.in/bus-tickets/digha-to-kolkata,Digha to Kolkata,Parameswar Travels,17:50,05h 10m,23:00,1.6,340,56,A/C Seater Push Back (2+3)
https://www.redbus.in/bus-tickets/digha-to-kolkata,Digha to Kolkata,Snemita Parisheba,17:00,04h 30m,21:30,2.1,370,36,AC Seater (2+3)
https://www.redbus.in/bus-tickets/digha-to-kolkata,Digha to Kolkata,Snemita Parisheba(Santosh),23:30,05h 00m,04:30,1.8,370,36,A/C Seater Push Back (2+3)
https://www.redbus.in/bus-tickets/digha-to-kolkata,Digha to Kolkata,Snemita Parisheba(Santosh),13:30,04h 35m,18:05,2.4,420,31,AC Seater (2+3)
https://www.redbus.in/bus-tickets/digha-to-kolkata,Digha to Kolkata,Snemita Paribahan (Chowdhury),12:50,04h 40m,17:30,2.0,470,24,AC Seater (2+2)
https://www.redbus.in/bus-tickets/digha-to-kolkata,Digha to Kolkata,City Express (Snemita),11:45,04h 40m,16:25,2.1,420,20,AC Seater (2+3)
https://www.redbus.in/bus-tickets/digha-to-kolkata,Digha to Kolkata,City Express (Shinjini),15:20,04h 35m,19:55,1.7,420,25,AC Seater (2+3)
https://www.redbus.in/bus-tickets/digha-to-kolkata,Digha to Kolkata,Aradhana Travel,18:35,04h 25m,23:00,1.3,500,20,A/C Seater / Sleeper (2+2)
https://www.redbus.in/bus-tickets/digha-to-kolkata,Digha to Kolkata,Snemita Parisheba,12:30,04h 45m,17:15,1.6,370,25,A/C Seater Push Back (2+3)
https://www.redbus.in/bus-tickets/digha-to-kolkata,Digha to Kolkata,Snemita Paribahan(Maa Chandi),12:10,04h 35m,16:45,1.7,420,17,A/C Push Back (2+3)
https://www.redbus.in/bus-tickets/digha-to-kolkata,Digha to Kolkata,Ankita Paribahan,15:25,04h 35m,20:00,1.3,378,60,A/C Seater Push Back (2+3)
https://www.redbus.in/bus-tickets/digha-to-kolkata,Digha to Kolkata,Basu Travels,17:30,05h 00m,22:30,1.4,419,30,A/C Seater Push Back (2+3)
https://www.redbus.in/bus-tickets/digha-to-kolkata,Digha to Kolkata,Ankita Paribahan,18:20,04h 40m,23:00,1.5,378,46,A/C Seater Push Back (2+3)
https://www.redbus.in/bus-tickets/digha-to-kolkata,Digha to Kolkata,Ankita Paribahan - Parameswar,10:20,04h 30m,14:50,2.4,360,29,A/C Seater (2+3)
https://www.redbus.in/bus-tickets/digha-to-kolkata,Digha to Kolkata,Snemita Paribahan,12:30,04h 45m,17:15,2.8,420,30,A/C Seater (2+3)
https://www.redbus.in/bus-tickets/digha-to-kolkata,Digha to Kolkata,Satya Paribahan,18:20,04h 40m,23:00,2.1,333,61,A/C Seater (2+3)
https://www.redbus.in/bus-tickets/digha-to-kolkata,Digha to Kolkata,Bengal Surface Transport,17:30,05h 00m,22:30,2.1,419,36,A/C Seater Push Back (2+3)
https://www.redbus.in/bus-tickets/digha-to-kolkata,Digha to Kolkata,Ankita Paribahan (Maity Motor),15:45,04h 30m,20:15,1.4,288,41,AC Seater (2+3)
https://www.redbus.in/bus-tickets/digha-to-kolkata,Digha to Kolkata,Arunita Paribahan,23:35,04h 55m,04:30,1.6,420,21,A/C Seater (2+3)
https://www.redbus.in/bus-tickets/digha-to-kolkata,Digha to Kolkata,City Express (Jackson),13:40,04h 35m,18:15,2.7,470,20,AC Seater (2+2)
https://www.redbus.in/bus-tickets/digha-to-kolkata,Digha to Kolkata,Snemita Parisheba,11:55,04h 45m,16:40,2.7,420,33,A/C Seater / Sleeper (2+2)
https://www.redbus.in/bus-tickets/digha-to-kolkata,Digha to Kolkata,Ankita Paribahan (Tejas),14:20,04h 30m,18:50,2.6,360,41,A/C Executive (2+3)
https://www.redbus.in/bus-tickets/digha-to-kolkata,Digha to Kolkata,Ankita Paribahan(Janhabi),08:50,04h 35m,13:25,2.6,360,21,A/C Seater Push Back (2+3)
https://www.redbus.in/bus-tickets/digha-to-kolkata,Digha to Kolkata,Ankita Paribahan( Haimanti),10:10,04h 30m,14:40,2.6,315,33,A/C Seater Push Back (2+3)
https://www.redbus.in/bus-tickets/digha-to-kolkata,Digha to Kolkata,Ankita Paribahan (Anamika),13:15,04h 15m,17:30,2.6,342,51,A/C Seater Push Back (2+3)
https://www.redbus.in/bus-tickets/digha-to-kolkata,Digha to Kolkata,Arunita Paribahan,12:30,04h 30m,17:00,2.2,420,31,A/C Seater (2+3)
https://www.redbus.in/bus-tickets/digha-to-kolkata,Digha to Kolkata,Arunita Paribahan,11:05,04h 40m,15:45,2.2,470,21,AC Seater (2+2)
https://www.redbus.in/bus-tickets/digha-to-kolkata,Digha to Kolkata,Basu Travels,10:40,05h 00m,15:40,3.1,399,30,A/C Seater Push Back (2+3)
https://www.redbus.in/bus-tickets/digha-to-kolkata,Digha to Kolkata,Bengal Surface Transport,10:50,04h 50m,15:40,3.0,399,31,A/C Seater Push Back (2+3)
https://www.redbus.in/bus-tickets/digha-to-kolkata,Digha to Kolkata,Samanta Travels,16:00,05h 00m,21:00,3.0,199,61,NON A/C Seater (2+3)
https://www.redbus.in/bus-tickets/digha-to-kolkata,Digha to Kolkata,Bengal Surface Transport,10:25,05h 05m,15:30,3.0,399,31,A/C Seater Push Back (2+3)
https://www.redbus.in/bus-tickets/digha-to-kolkata,Digha to Kolkata,Snemita Paribahan (Sagar Kanya),10:40,04h 30m,15:10,2.8,420,41,AC Seater (2+3)
https://www.redbus.in/bus-tickets/digha-to-kolkata,Digha to Kolkata,Snemita Paribahan,10:05,04h 40m,14:45,2.8,420,28,AC Seater (2+3)
https://www.redbus.in/bus-tickets/digha-to-kolkata,Digha to Kolkata,City Express (Shinjini),11:15,04h 35m,15:50,2.7,420,14,AC Seater (2+3)
https://www.redbus.in/bus-tickets/digha-to-kolkata,Digha to Kolkata,City Express (City),10:40,04h 25m,15:05,2.7,470,20,AC Seater (2+3)
https://www.redbus.in/bus-tickets/digha-to-kolkata,Digha to Kolkata,Snemita Parisheba,11:20,04h 45m,16:05,2.7,800,30,A/C Seater / Sleeper (2+2)
https://www.redbus.in/bus-tickets/digha-to-kolkata,Digha to Kolkata,Snemita Parisheba,11:45,04h 30m,16:15,2.7,370,20,A/C Seater Push Back (2+3)
https://www.redbus.in/bus-tickets/digha-to-kolkata,Digha to Kolkata,City Express (Maa Chandi),12:10,04h 35m,16:45,2.7,420,26,A/C Executive (2+3)
https://www.redbus.in/bus-tickets/digha-to-kolkata,Digha to Kolkata,City Express (Shinjini),15:10,04h 40m,19:50,2.7,420,25,AC Seater (2+3)
https://www.redbus.in/bus-tickets/digha-to-kolkata,Digha to Kolkata,Snemita Parisheba,18:00,04h 30m,22:30,2.7,370,39,AC Seater (2+3)
https://www.redbus.in/bus-tickets/digha-to-kolkata,Digha to Kolkata,Ankita Paribahan (Parameswar),11:40,04h 50m,16:30,2.6,315,36,A/C Seater (2+3)
https://www.redbus.in/bus-tickets/digha-to-kolkata,Digha to Kolkata,Ankita Paribahan,13:45,04h 35m,18:20,2.6,378,41,A/C Seater Push Back (2+3)
https://www.redbus.in/bus-tickets/digha-to-kolkata,Digha to Kolkata,Ankita Paribahan (Anuska),14:25,04h 30m,18:55,2.6,378,28,A/C Push Back (2+3)
https://www.redbus.in/bus-tickets/digha-to-kolkata,Digha to Kolkata,Ankita Paribahan(Parameswar),11:00,04h 30m,15:30,2.6,360,17,A/C Seater (2+3)
https://www.redbus.in/bus-tickets/digha-to-kolkata,Digha to Kolkata,Ankita Paribahan,14:45,04h 10m,18:55,2.6,405,41,A/C Seater Push Back (2+3)
https://www.redbus.in/bus-tickets/digha-to-kolkata,Digha to Kolkata,Ankita Paribahan(Jackson),15:00,05h 05m,20:05,2.6,333,40,A/C Push Back (2+3)
https://www.redbus.in/bus-tickets/digha-to-kolkata,Digha to Kolkata,Ankita Paribahan (Maity),09:40,04h 40m,14:20,2.6,315,37,A/C Seater Push Back (2+3)
https://www.redbus.in/bus-tickets/digha-to-kolkata,Digha to Kolkata,Purusottam Travels,08:50,04h 50m,13:40,2.4,350,20,NON A/C Seater (2+3)
https://www.redbus.in/bus-tickets/digha-to-kolkata,Digha to Kolkata,Subhadip Travels(Jagannath),14:55,04h 45m,19:40,2.2,378,31,A/C Executive (2+3)
https://www.redbus.in/bus-tickets/digha-to-kolkata,Digha to Kolkata,Subhadip Travels(Kojagor),10:45,04h 45m,15:30,2.2,468,29,A/C Seater (2+3)
https://www.redbus.in/bus-tickets/digha-to-kolkata,Digha to Kolkata,Subhadip Travels(Kojagor),08:50,04h 50m,13:40,2.2,468,31,Non AC Seater (2+3)
https://www.redbus.in/bus-tickets/digha-to-kolkata,Digha to Kolkata,Subhadip Travels(Jahnabi),09:40,05h 00m,14:40,2.2,468,32,A/C Executive (2+3)
https://www.redbus.in/bus-tickets/digha-to-kolkata,Digha to Kolkata,Subhadip Travels(Jagannath),14:00,04h 55m,18:55,2.2,378,31,A/C Executive (2+3)
https://www.redbus.in/bus-tickets/digha-to-kolkata,Digha to Kolkata,Subhadip Travels(Narayan),12:20,04h 40m,17:00,2.2,468,54,A/C Executive (2+3)
https://www.redbus.in/bus-tickets/digha-to-kolkata,Digha to Kolkata,Aniruddha Travels,15:20,05h 20m,20:40,1.9,229,30,NON A/C Seater Push Back (2+3) (2+3)
https://www.redbus.in/bus-tickets/digha-to-kolkata,Digha to Kolkata,Aradhana Bus Service,16:50,05h 40m,22:30,1.5,350,54,Non AC Seater (2+3)
https://www.redbus.in/bus-tickets/digha-to-kolkata,Digha to Kolkata,Aradhana Bus Service,23:00,05h 00m,04:00,1.5,650,56,A/C Seater / Sleeper (2+2)
https://www.redbus.in/bus-tickets/digha-to-kolkata,Digha to Kolkata,Aradhana Travel,21:45,05h 40m,03:25,1.3,500,13,Non AC Seater (2+3)
https://www.redbus.in/bus-tickets/digha-to-kolkata,Digha to Kolkata,Aradhana Travel,19:35,04h 24m,23:59,1.3,949,49,Volvo Multi-Axle I-Shift B11R Semi Sleeper (2+2)
https://www.redbus.in/bus-tickets/kolkata-to-bankura,Kolkata to Bankura,City Queen Bus Service,20:50,05h 10m,02:00,3.3,250,10,Non AC Seater (2+2)
https://www.redbus.in/bus-tickets/kolkata-to-bankura,Kolkata to Bankura,City Queen Bus Service,21:30,06h 00m,03:30,3.0,285,18,Non AC Seater (2+2)
https://www.redbus.in/bus-tickets/jhargram-to-kolkata,Jhargram to Kolkata,SBSTC-JHARGRAM-GARIA VIA- MIDNAPUR 10:45(JHAR DEPOT) - GARIA 2N/H-U/10-45,10:45,05h 30m,16:15,4.2,130,51,Express(Non AC Seater)
https://www.redbus.in/bus-tickets/jhargram-to-kolkata,Jhargram to Kolkata,SBSTC-JHARGRAM-KARUNAMOYEE VIA MEDNIPUR 13:35 (JHAR DEPOT) - KMOY1 N/H-U/13-35,13:35,04h 43m,18:18,4.2,135,48,Express(Non AC Seater)
https://www.redbus.in/bus-tickets/jhargram-to-kolkata,Jhargram to Kolkata,SBSTC-JHARGRAM-GARIA VIA-LODHASHULI 14:10(JHAR DEPOT) - GARIA 1N/H-U/14-10,14:10,04h 29m,18:39,5.0,127,32,Express(Non AC Seater)
https://www.redbus.in/bus-tickets/jhargram-to-kolkata,Jhargram to Kolkata,SBSTC-JHARGRAM-KARUNAMOYEE VIA LODHASULI 15:40 (JHAR DEPOT) - JHR-KAR-U/15-40,15:40,04h 37m,20:17,4.9,140,39,Express(Non AC Seater)
https://www.redbus.in/bus-tickets/kolkata-to-asansol,Kolkata to Asansol (West Bengal),WBTC (CTC) KOLKATA - ASANSOL - PURULIA (AC VOLVO) Banglashree Express - 133|13:45,13:45,03h 55m,17:40,3.9,430,23,A/C Seater (2+2)
https://www.redbus.in/bus-tickets/kolkata-to-asansol,Kolkata to Asansol (West Bengal),SHYAMOLI Pvt. Ltd.(Karunamoyee),08:45,04h 45m,13:30,3.9,524,17,Volvo Multi-Axle A/C Semi Sleeper (2+2)
https://www.redbus.in/bus-tickets/kolkata-to-asansol,Kolkata to Asansol (West Bengal),Greenline,08:45,05h 00m,13:45,4.4,524,20,Volvo A/C Seater (2+2)
https://www.redbus.in/bus-tickets/kolkata-to-asansol,Kolkata to Asansol (West Bengal),Greenline (Karunamoyee),08:45,04h 00m,12:45,4.6,524,6,Volvo A/C B11R Multi Axle Semi Sleeper (2+2)
https://www.redbus.in/bus-tickets/kolkata-to-asansol,Kolkata to Asansol (West Bengal),Shyamoli Paribahan Pvt Ltd,09:00,04h 15m,13:15,4.1,524,18,Volvo Multi-Axle A/C Semi Sleeper (2+2)
https://www.redbus.in/bus-tickets/kolkata-to-asansol,Kolkata to Asansol (West Bengal),Shyamoli Paribahan Pvt Ltd,09:15,05h 00m,14:15,3.9,524,26,Volvo A/C Seater (2+2)
https://www.redbus.in/bus-tickets/kolkata-to-asansol,Kolkata to Asansol (West Bengal),Greenline (Karunamoyee),09:15,05h 00m,14:15,4.6,524,12,Volvo A/C Seater (2+2)
https://www.redbus.in/bus-tickets/kolkata-to-asansol,Kolkata to Asansol (West Bengal),Greenline,09:50,05h 00m,14:50,4.3,524,26,Volvo A/C Seater (2+2)
https://www.redbus.in/bus-tickets/kolkata-to-asansol,Kolkata to Asansol (West Bengal),SHYAMOLI Pvt. Ltd.(Karunamoyee),10:00,05h 00m,15:00,3.7,524,26,Volvo B11R Multi Axle Seater (2+2)
https://www.redbus.in/bus-tickets/kolkata-to-asansol,Kolkata to Asansol (West Bengal),Greenline (Karunamoyee),11:00,05h 00m,16:00,4.2,524,27,Volvo A/C Seater (2+2)
https://www.redbus.in/bus-tickets/kolkata-to-asansol,Kolkata to Asansol (West Bengal),Shyamoli Paribahan Pvt Ltd,11:00,05h 00m,16:00,4.0,524,25,Volvo A/C Seater (2+2)
https://www.redbus.in/bus-tickets/kolkata-to-asansol,Kolkata to Asansol (West Bengal),Greenline,11:30,05h 00m,16:30,3.9,524,32,Volvo A/C Seater (2+2)
https://www.redbus.in/bus-tickets/kolkata-to-asansol,Kolkata to Asansol (West Bengal),SHYAMOLI Pvt. Ltd.(Karunamoyee),12:00,05h 00m,17:00,3.9,524,24,Volvo A/C Seater (2+2)
https://www.redbus.in/bus-tickets/kolkata-to-asansol,Kolkata to Asansol (West Bengal),Shyamoli Paribahan Pvt Ltd,12:00,05h 00m,17:00,3.2,524,31,Volvo A/C Seater (2+2)
https://www.redbus.in/bus-tickets/kolkata-to-asansol,Kolkata to Asansol (West Bengal),Greenline,12:30,05h 00m,17:30,4.6,524,37,Volvo A/C Seater (2+2)
https://www.redbus.in/bus-tickets/kolkata-to-asansol,Kolkata to Asansol (West Bengal),Greenline (Karunamoyee),13:00,05h 00m,18:00,4.3,524,27,Volvo A/C Seater (2+2)
https://www.redbus.in/bus-tickets/kolkata-to-asansol,Kolkata to Asansol (West Bengal),Shyamoli Paribahan Pvt Ltd,13:00,05h 00m,18:00,3.3,524,27,Volvo A/C Seater (2+2)
https://www.redbus.in/bus-tickets/kolkata-to-asansol,Kolkata to Asansol (West Bengal),SHYAMOLI Pvt. Ltd.(Karunamoyee),14:00,05h 00m,19:00,3.9,524,31,Volvo A/C Seater (2+2)
https://www.redbus.in/bus-tickets/kolkata-to-asansol,Kolkata to Asansol (West Bengal),Shyamoli Paribahan Pvt Ltd,14:00,05h 00m,19:00,3.6,524,30,Volvo A/C Seater (2+2)
https://www.redbus.in/bus-tickets/kolkata-to-asansol,Kolkata to Asansol (West Bengal),Greenline,14:30,05h 00m,19:30,4.6,524,37,Volvo A/C Seater (2+2)
https://www.redbus.in/bus-tickets/kolkata-to-asansol,Kolkata to Asansol (West Bengal),Greenline (Karunamoyee),15:00,05h 00m,20:00,4.3,524,29,Volvo A/C Seater (2+2)
https://www.redbus.in/bus-tickets/kolkata-to-asansol,Kolkata to Asansol (West Bengal),Shyamoli Paribahan Pvt Ltd,15:00,04h 00m,19:00,4.3,524,13,Scania Multi-Axle AC Semi Sleeper (2+2)
https://www.redbus.in/bus-tickets/kolkata-to-asansol,Kolkata to Asansol (West Bengal),Express Line (Karunamoyee),15:45,05h 00m,20:45,4.6,524,25,Volvo 9600 Multi Axle Semi-Sleeper (2+2)
https://www.redbus.in/bus-tickets/kolkata-to-asansol,Kolkata to Asansol (West Bengal),SHYAMOLI Pvt. Ltd.(Karunamoyee),16:00,05h 00m,21:00,4.2,524,24,Volvo A/C Seater (2+2)
https://www.redbus.in/bus-tickets/kolkata-to-asansol,Kolkata to Asansol (West Bengal),Greenline,16:00,04h 00m,20:00,4.5,524,17,Volvo 9600 Multi Axle Semi-Sleeper (2+2)
https://www.redbus.in/bus-tickets/kolkata-to-asansol,Kolkata to Asansol (West Bengal),Shyamoli Paribahan Pvt Ltd,16:40,05h 00m,21:40,3.9,524,22,Volvo A/C Seater (2+2)
https://www.redbus.in/bus-tickets/kolkata-to-asansol,Kolkata to Asansol (West Bengal),Greenline (Karunamoyee),16:45,05h 00m,21:45,4.2,524,31,Volvo A/C Seater (2+2)
https://www.redbus.in/bus-tickets/kolkata-to-asansol,Kolkata to Asansol (West Bengal),SHYAMOLI Pvt. Ltd.(Karunamoyee),17:30,05h 00m,22:30,4.4,524,34,Volvo A/C Seater (2+2)
https://www.redbus.in/bus-tickets/kolkata-to-asansol,Kolkata to Asansol (West Bengal),Lokenath Bus Service,18:00,04h 30m,22:30,4.2,524,42,Volvo Multi Axle B11R AC Seater\Sleeper (2+1)
https://www.redbus.in/bus-tickets/kolkata-to-asansol,Kolkata to Asansol (West Bengal),Greenline (Karunamoyee),18:00,05h 00m,23:00,4.6,524,35,Volvo A/C Seater (2+2)
https://www.redbus.in/bus-tickets/kolkata-to-asansol,Kolkata to Asansol (West Bengal),Greenline,18:05,05h 00m,23:05,4.5,524,37,Volvo A/C Seater (2+2)
https://www.redbus.in/bus-tickets/kolkata-to-asansol,Kolkata to Asansol (West Bengal),Shyamoli Paribahan Pvt Ltd,18:40,04h 45m,23:25,4.3,524,30,Volvo A/C Seater (2+2)
https://www.redbus.in/bus-tickets/kolkata-to-asansol,Kolkata to Asansol (West Bengal),Royal Cruiser,19:30,04h 45m,00:15,3.7,550,3,Volvo A/C Seater (2+2)
https://www.redbus.in/bus-tickets/kolkata-to-asansol,Kolkata to Asansol (West Bengal),Aitiana Airwings,20:30,05h 00m,01:30,4.0,700,28,A/C Seater/Sleeper (2+1)
https://www.redbus.in/bus-tickets/kolkata-to-asansol,Kolkata to Asansol (West Bengal),Maharani Travels,16:30,05h 30m,22:00,2.5,720,12,NON AC Seater / Sleeper 2+1
https://www.redbus.in/bus-tickets/kolkata-to-asansol,Kolkata to Asansol (West Bengal),Maharani Express,17:00,04h 45m,21:45,2.1,675,10,NON A/C Seater / Sleeper (2+2)
https://www.redbus.in/bus-tickets/kolkata-to-asansol,Kolkata to Asansol (West Bengal),Maharani Travels,17:05,04h 55m,22:00,2.5,540,14,NON AC Seater / Sleeper 2+1
https://www.redbus.in/bus-tickets/kolkata-to-asansol,Kolkata to Asansol (West Bengal),Beauty Travels,20:20,04h 10m,00:30,2.9,500,34,NON A/C Seater / Sleeper (2+2)
https://www.redbus.in/bus-tickets/kolkata-to-asansol,Kolkata to Asansol (West Bengal),Maharani Travels,21:05,04h 55m,02:00,2.5,675,16,A/C Seater / Sleeper (2+1)
https://www.redbus.in/bus-tickets/kolkata-to-asansol,Kolkata to Asansol (West Bengal),Greenline,20:00,05h 00m,01:00,4.4,1200,2,Volvo 9600 A/C Seater/Sleeper (2+1)
https://www.redbus.in/bus-tickets/kolkata-to-asansol,Kolkata to Asansol (West Bengal),Maharani Express,15:30,05h 15m,20:45,2.1,900,4,A/C Seater / Sleeper (2+2)
https://www.redbus.in/bus-tickets/kolkata-to-asansol,Kolkata to Asansol (West Bengal),Maharani Express,19:30,05h 15m,00:45,2.1,1080,32,Tata A/C Seater Executive Luxury (2+2)
https://www.redbus.in/bus-tickets/kolkata-to-siliguri,Kolkata to Siliguri,SBSTC-KOLKATA - SILIGURI - VOLVO - 20:05 SPL FARE - SLGVOLSPL1-U/20-05,20:05,12h 00m,08:05,4.1,910,11,Volvo A/C (2+2)
https://www.redbus.in/bus-tickets/kolkata-to-siliguri,Kolkata to Siliguri,Easy Ride,20:30,12h 55m,09:25,4.7,1800,20,Volvo 9600 Multi-Axle A/C Sleeper (2+1)
https://www.redbus.in/bus-tickets/kolkata-to-siliguri,Kolkata to Siliguri,Raipur Cruiser,17:45,13h 45m,07:30,4.7,1350,18,Volvo 9600 Multi-Axle A/C Sleeper (2+1)
https://www.redbus.in/bus-tickets/kolkata-to-siliguri,Kolkata to Siliguri,AdShyamoli Paribahan Pvt Ltd,20:00,13h 00m,09:00,3.9,1960,25,Volvo 9600 Multi-Axle A/C Sleeper (2+1)
https://www.redbus.in/bus-tickets/kolkata-to-siliguri,Kolkata to Siliguri,Easy Ride,18:30,12h 55m,07:25,4.7,1800,20,Volvo 9600 Multi-Axle A/C Sleeper (2+1)
https://www.redbus.in/bus-tickets/kolkata-to-siliguri,Kolkata to Siliguri,Easy Ride,19:50,12h 55m,08:45,4.6,1800,27,Volvo 9600 Multi-Axle A/C Sleeper (2+1)
https://www.redbus.in/bus-tickets/kolkata-to-siliguri,Kolkata to Siliguri,Shyamoli Paribahan Pvt Ltd,18:00,12h 50m,06:50,4.6,1950,19,Volvo 9600 Multi-Axle A/C Sleeper (2+1)
https://www.redbus.in/bus-tickets/kolkata-to-siliguri,Kolkata to Siliguri,AdPoulami Paribahan,17:45,12h 45m,06:30,4.1,1299,39,Volvo Multi-Axle A/C seater/sleeper (2+1)
https://www.redbus.in/bus-tickets/kolkata-to-siliguri,Kolkata to Siliguri,Shyamoli Paribahan Pvt Ltd,19:15,13h 00m,08:15,4.6,1920,18,Volvo 9600 Multi-Axle A/C Sleeper (2+1)
https://www.redbus.in/bus-tickets/kolkata-to-siliguri,Kolkata to Siliguri,Greenline,19:00,13h 15m,08:15,4.5,1500,16,Volvo 9600 Multi-Axle A/C Sleeper (2+1)
https://www.redbus.in/bus-tickets/kolkata-to-siliguri,Kolkata to Siliguri,Rubi Paribahan  ,18:45,13h 15m,08:00,4.5,1200,29,Volvo 9600 A/C Seater/Sleeper (2+1)
https://www.redbus.in/bus-tickets/kolkata-to-siliguri,Kolkata to Siliguri,Greenline,18:30,13h 00m,07:30,4.5,1500,17,Volvo 9600 Multi-Axle A/C Sleeper (2+1)
https://www.redbus.in/bus-tickets/kolkata-to-siliguri,Kolkata to Siliguri,Raipur Cruiser,20:30,12h 50m,09:20,4.6,1200,44,Volvo 9600 Multi Axle Semi-Sleeper (2+2)
https://www.redbus.in/bus-tickets/kolkata-to-siliguri,Kolkata to Siliguri,Shyamoli Paribahan Pvt Ltd,18:30,13h 15m,07:45,4.3,1500,29,Volvo Multi-Axle A/C seater/sleeper (2+1)
https://www.redbus.in/bus-tickets/kolkata-to-siliguri,Kolkata to Siliguri,Express Line,18:30,13h 10m,07:40,4.3,1499,14,Volvo 9600 Multi-Axle A/C Sleeper (2+1)
https://www.redbus.in/bus-tickets/kolkata-to-siliguri,Kolkata to Siliguri,Rubi Paribahan  ,19:30,12h 00m,07:30,4.7,1200,35,Volvo Multi Axle B11R AC Seater\Sleeper (2+1)
https://www.redbus.in/bus-tickets/kolkata-to-siliguri,Kolkata to Siliguri,Easy Ride,19:15,12h 55m,08:10,4.4,1800,24,Volvo 9600 Multi-Axle A/C Sleeper (2+1)
https://www.redbus.in/bus-tickets/kolkata-to-siliguri,Kolkata to Siliguri,Raipur Cruiser,19:45,12h 45m,08:30,4.5,1200,49,Volvo 9600 Multi Axle Semi-Sleeper (2+2)
https://www.redbus.in/bus-tickets/kolkata-to-siliguri,Kolkata to Siliguri,Shyamoli Paribahan Pvt Ltd,21:00,13h 00m,10:00,4.2,1440,50,Volvo Multi-Axle A/C seater/sleeper (2+1)
https://www.redbus.in/bus-tickets/kolkata-to-siliguri,Kolkata to Siliguri,Express Line,20:00,12h 55m,08:55,4.1,1199,40,Volvo 9600 A/C Seater/Sleeper (2+1)
https://www.redbus.in/bus-tickets/kolkata-to-siliguri,Kolkata to Siliguri,Rubi Paribahan  ,19:00,12h 30m,07:30,4.2,1500,9,Volvo 9600 Multi-Axle A/C Sleeper (2+1)
https://www.redbus.in/bus-tickets/kolkata-to-siliguri,Kolkata to Siliguri,Lokenath Bus Service,18:15,12h 15m,06:30,4.1,1199,34,Volvo Multi-Axle A/C Seater/Sleeper (2+1)
https://www.redbus.in/bus-tickets/kolkata-to-siliguri,Kolkata to Siliguri,Modern Travels,19:30,12h 45m,08:15,4.1,1800,15,Bharat Benz A/C Sleeper (2+1)
https://www.redbus.in/bus-tickets/kolkata-to-siliguri,Kolkata to Siliguri,Express Line,20:30,13h 10m,09:40,4.1,1499,24,Volvo 9600 Multi-Axle A/C Sleeper (2+1)
https://www.redbus.in/bus-tickets/kolkata-to-siliguri,Kolkata to Siliguri,Aitiana Airwings,18:30,13h 00m,07:30,4.1,1499,13,Volvo Multi-Axle Sleeper A/C (2+1)
https://www.redbus.in/bus-tickets/kolkata-to-siliguri,Kolkata to Siliguri,Lokenath Bus Service,21:15,12h 00m,09:15,4.2,1199,36,Volvo A/C Seater (2+2)
https://www.redbus.in/bus-tickets/kolkata-to-siliguri,Kolkata to Siliguri,Lokenath Bus Service,20:20,12h 30m,08:50,3.9,1199,39,Volvo A/C B11R Multi Axle Semi Sleeper (2+2)
https://www.redbus.in/bus-tickets/kolkata-to-siliguri,Kolkata to Siliguri,Aitiana Airwings,18:00,13h 30m,07:30,4.0,1200,10,Benz A/C Sleeper (2+1)
https://www.redbus.in/bus-tickets/kolkata-to-siliguri,Kolkata to Siliguri,Aitiana Airwings,19:00,12h 45m,07:45,4.3,1499,14,Volvo Multi-Axle A/C Sleeper (2+1)
https://www.redbus.in/bus-tickets/kolkata-to-siliguri,Kolkata to Siliguri,Prarthana Bus Service,17:40,14h 20m,08:00,3.4,1200,44,A/C Seater / Sleeper (2+1)
https://www.redbus.in/bus-tickets/kolkata-to-siliguri,Kolkata to Siliguri,Royal Cruiser,18:00,13h 00m,07:00,3.3,899,44,Scania Multi-Axle AC Semi Sleeper (2+2)
https://www.redbus.in/bus-tickets/kolkata-to-siliguri,Kolkata to Siliguri,Modern Travels,18:35,12h 40m,07:15,4.1,1550,17,Bharat Benz A/C Sleeper (2+1)
https://www.redbus.in/bus-tickets/kolkata-to-siliguri,Kolkata to Siliguri,Maulik Paribahan,18:30,13h 15m,07:45,2.3,900,58,A/C Seater / Sleeper (2+2)
https://www.redbus.in/bus-tickets/kolkata-to-siliguri,Kolkata to Siliguri,Aradhana Bus Service,16:45,14h 15m,07:00,2.0,750,36,NON A/C Seater / Sleeper (2+2)
https://www.redbus.in/bus-tickets/kolkata-to-siliguri,Kolkata to Siliguri,Maa Durga Bus Service (SNT),17:00,13h 00m,06:00,3.3,800,35,A/C Seater / Sleeper (2+1)
https://www.redbus.in/bus-tickets/kolkata-to-siliguri,Kolkata to Siliguri,RAYAN,18:20,12h 40m,07:00,4.2,850,36,Bharat Benz A/C Seater /Sleeper (2+1)
https://www.redbus.in/bus-tickets/kolkata-to-siliguri,Kolkata to Siliguri,Express Line,21:00,13h 10m,10:10,3.7,1199,51,Volvo 9600 Multi Axle Semi-Sleeper (2+2)
https://www.redbus.in/bus-tickets/kolkata-to-siliguri,Kolkata to Siliguri,Lokenath (Maa Tara),15:45,14h 30m,06:15,3.0,600,5,NON A/C Seater / Sleeper (2+2)
https://www.redbus.in/bus-tickets/kolkata-to-siliguri,Kolkata to Siliguri,Maa Durga Bus Service,19:00,14h 00m,09:00,2.4,600,14,NON A/C Seater / Sleeper (2+2)
https://www.redbus.in/bus-tickets/kolkata-to-siliguri,Kolkata to Siliguri,Shantanu Travels,17:00,15h 00m,08:00,2.6,600,37,NON A/C Seater / Sleeper (2+2)
https://www.redbus.in/bus-tickets/kolkata-to-siliguri,Kolkata to Siliguri,Annesha Travels,17:30,13h 30m,07:00,1.6,600,32,NON A/C Seater / Sleeper (2+2)
https://www.redbus.in/bus-tickets/siliguri-to-kolkata,Siliguri to Kolkata,SBSTC-SILIGURI - KOLKATA - VOLVO - 19:35 SPL FARE - SLGVOLSPL1-D/19-35,19:35,12h 00m,07:35,3.9,910,13,Volvo A/C (2+2)
https://www.redbus.in/bus-tickets/siliguri-to-kolkata,Siliguri to Kolkata,Easy Ride,20:30,12h 55m,09:25,4.8,1500,31,Volvo 9600 Multi-Axle A/C Sleeper (2+1)
https://www.redbus.in/bus-tickets/siliguri-to-kolkata,Siliguri to Kolkata,Easy Ride,18:30,12h 55m,07:25,4.7,1600,21,Volvo 9600 Multi-Axle A/C Sleeper (2+1)
https://www.redbus.in/bus-tickets/siliguri-to-kolkata,Siliguri to Kolkata,AdExpress Line,20:30,12h 20m,08:50,4.5,1549,18,Volvo 9600 Multi-Axle A/C Sleeper (2+1)
https://www.redbus.in/bus-tickets/siliguri-to-kolkata,Siliguri to Kolkata,Raipur Cruiser,18:00,12h 40m,06:40,4.6,1500,6,Volvo 9600 Multi-Axle A/C Sleeper (2+1)
https://www.redbus.in/bus-tickets/siliguri-to-kolkata,Siliguri to Kolkata,Modern Travels,19:40,12h 00m,07:40,4.6,1730,8,Bharat Benz A/C Sleeper (2+1)
https://www.redbus.in/bus-tickets/siliguri-to-kolkata,Siliguri to Kolkata,Greenline,18:30,13h 00m,07:30,4.6,1500,5,Volvo 9600 Multi-Axle A/C Sleeper (2+1)
https://www.redbus.in/bus-tickets/siliguri-to-kolkata,Siliguri to Kolkata,AdLokenath Bus Service,18:45,12h 00m,06:45,4.2,1199,39,Volvo Multi-Axle A/C Seater/Sleeper (2+1)
https://www.redbus.in/bus-tickets/siliguri-to-kolkata,Siliguri to Kolkata,Easy Ride,19:50,12h 55m,08:45,4.6,1500,30,Volvo 9600 Multi-Axle A/C Sleeper (2+1)
https://www.redbus.in/bus-tickets/siliguri-to-kolkata,Siliguri to Kolkata,Express Line,20:00,12h 30m,08:30,4.5,1199,31,Volvo 9600 A/C Seater/Sleeper (2+1)
https://www.redbus.in/bus-tickets/siliguri-to-kolkata,Siliguri to Kolkata,Express Line,18:15,12h 50m,07:05,4.6,1199,39,Volvo 9600 Multi Axle Semi-Sleeper (2+2)
https://www.redbus.in/bus-tickets/siliguri-to-kolkata,Siliguri to Kolkata,Easy Ride,20:45,12h 55m,09:40,4.7,1500,30,Volvo 9600 Multi-Axle A/C Sleeper (2+1)
https://www.redbus.in/bus-tickets/siliguri-to-kolkata,Siliguri to Kolkata,Shyamoli Paribahan Pvt Ltd,19:15,12h 50m,08:05,4.5,1648,18,Volvo 9600 Multi-Axle A/C Sleeper (2+1)
https://www.redbus.in/bus-tickets/siliguri-to-kolkata,Siliguri to Kolkata,Lokenath Bus Service,19:15,12h 30m,07:45,4.4,1499,18,Volvo 9600 Multi-Axle A/C Sleeper (2+1)
https://www.redbus.in/bus-tickets/siliguri-to-kolkata,Siliguri to Kolkata,Greenline,18:00,13h 00m,07:00,4.4,1500,19,Volvo 9600 Multi-Axle A/C Sleeper (2+1)
https://www.redbus.in/bus-tickets/siliguri-to-kolkata,Siliguri to Kolkata,Aitiana Airwings,18:00,13h 30m,07:30,4.4,1200,17,Benz A/C Sleeper (2+1)
https://www.redbus.in/bus-tickets/siliguri-to-kolkata,Siliguri to Kolkata,Rubi Paribahan  ,20:00,12h 45m,08:45,4.4,1200,24,Volvo 9600 A/C Seater/Sleeper (2+1)
https://www.redbus.in/bus-tickets/siliguri-to-kolkata,Siliguri to Kolkata,Express Line,18:30,12h 40m,07:10,4.3,1499,10,Volvo 9600 Multi-Axle A/C Sleeper (2+1)
https://www.redbus.in/bus-tickets/siliguri-to-kolkata,Siliguri to Kolkata,Shyamoli Paribahan Pvt Ltd,18:00,12h 05m,06:05,4.3,1648,16,Volvo 9600 Multi-Axle A/C Sleeper (2+1)
https://www.redbus.in/bus-tickets/siliguri-to-kolkata,Siliguri to Kolkata,Raipur Cruiser,18:30,12h 45m,07:15,4.5,1080,47,Volvo 9600 Multi Axle Semi-Sleeper (2+2)
https://www.redbus.in/bus-tickets/siliguri-to-kolkata,Siliguri to Kolkata,Shyamoli Paribahan Pvt Ltd,20:30,13h 00m,09:30,4.2,1200,31,Volvo 9600 A/C Seater/Sleeper (2+1)
https://www.redbus.in/bus-tickets/siliguri-to-kolkata,Siliguri to Kolkata,Shyamoli Paribahan Pvt Ltd,18:30,12h 50m,07:20,4.1,1200,40,Volvo Multi-Axle A/C seater/sleeper (2+1)
https://www.redbus.in/bus-tickets/siliguri-to-kolkata,Siliguri to Kolkata,Aitiana Airwings,19:00,13h 00m,08:00,4.6,1499,13,Volvo Multi-Axle A/C Sleeper (2+1)
https://www.redbus.in/bus-tickets/siliguri-to-kolkata,Siliguri to Kolkata,Rubi Paribahan  ,19:00,12h 30m,07:30,4.4,1499,10,Volvo 9600 Multi-Axle A/C Sleeper (2+1)
https://www.redbus.in/bus-tickets/siliguri-to-kolkata,Siliguri to Kolkata,Lokenath Bus Service,17:15,12h 45m,06:00,3.9,1199,36,Volvo A/C Seater (2+2)
https://www.redbus.in/bus-tickets/siliguri-to-kolkata,Siliguri to Kolkata,Lokenath Bus Service,20:30,12h 30m,09:00,3.7,799,27,A/C Seater / Sleeper (2+1)
https://www.redbus.in/bus-tickets/siliguri-to-kolkata,Siliguri to Kolkata,Modern Travels,18:50,12h 20m,07:10,4.2,1550,7,Bharat Benz A/C Sleeper (2+1)
https://www.redbus.in/bus-tickets/siliguri-to-kolkata,Siliguri to Kolkata,Rubi Paribahan  ,19:30,12h 45m,08:15,4.3,1199,31,Volvo Multi Axle B11R AC Seater\Sleeper (2+1)
https://www.redbus.in/bus-tickets/siliguri-to-kolkata,Siliguri to Kolkata,Poulami Paribahan,18:00,12h 45m,06:45,3.9,1299,26,Volvo Multi-Axle A/C seater/sleeper (2+1)
https://www.redbus.in/bus-tickets/siliguri-to-kolkata,Siliguri to Kolkata,Shyamoli Paribahan Pvt Ltd,20:00,12h 50m,08:50,4.4,1500,29,Volvo 9600 Multi-Axle A/C Sleeper (2+1)
https://www.redbus.in/bus-tickets/siliguri-to-kolkata,Siliguri to Kolkata,Raipur Cruiser,21:00,12h 45m,09:45,4.2,1200,42,Volvo 9600 Multi Axle Semi-Sleeper (2+2)
https://www.redbus.in/bus-tickets/siliguri-to-kolkata,Siliguri to Kolkata,Maulik Paribahan,19:00,11h 30m,06:30,2.3,1350,50,A/C Seater / Sleeper (2+2)
https://www.redbus.in/bus-tickets/siliguri-to-kolkata,Siliguri to Kolkata,Aradhana Bus Service,14:30,16h 00m,06:30,2.3,700,33,NON A/C Seater / Sleeper (2+2)
https://www.redbus.in/bus-tickets/siliguri-to-kolkata,Siliguri to Kolkata,Maa Durga Bus Service,18:30,13h 30m,08:00,3.3,600,3,NON AC Seater / Sleeper 2+1
https://www.redbus.in/bus-tickets/siliguri-to-kolkata,Siliguri to Kolkata,Annesha Travels,18:00,13h 00m,07:00,2.6,500,30,NON A/C Seater / Sleeper (2+2)
https://www.redbus.in/bus-tickets/siliguri-to-kolkata,Siliguri to Kolkata,Lokenath (Maa Tara),15:15,14h 30m,05:45,2.6,600,7,NON A/C Seater / Sleeper (2+2)
https://www.redbus.in/bus-tickets/siliguri-to-kolkata,Siliguri to Kolkata,Gopal Travels,20:00,12h 10m,08:10,1.0,1100,65,A/C Seater / Sleeper (2+2)
https://www.redbus.in/bus-tickets/khammam-to-hyderabad,Khammam to Hyderabad,Orange Tours and Travels,17:30,04h 20m,21:50,3.0,500,29,A/C Sleeper (2+1)
https://www.redbus.in/bus-tickets/khammam-to-hyderabad,Khammam to Hyderabad,Bharathi Tours & Travels,23:40,04h 20m,04:00,3.9,500,18,Non A/C Seater / Sleeper (2+1)
https://www.redbus.in/bus-tickets/khammam-to-hyderabad,Khammam to Hyderabad,Sri Venkateswara Travels,23:45,06h 15m,06:00,3.6,600,18,Non A/C Seater / Sleeper (2+1)
https://www.redbus.in/bus-tickets/khammam-to-hyderabad,Khammam to Hyderabad,Sri KVR Travels,23:45,05h 15m,05:00,3.8,810,13,Non A/C Seater / Sleeper (2+1)
https://www.redbus.in/bus-tickets/khammam-to-hyderabad,Khammam to Hyderabad,SAIRAJ TRAVELS,23:59,05h 31m,05:30,5.0,800,8,A/C Sleeper (2+1)
https://www.redbus.in/bus-tickets/khammam-to-hyderabad,Khammam to Hyderabad,YASHWANTH BUS,23:59,05h 01m,05:00,5.0,500,30,Non A/C Seater / Sleeper (2+1)
https://www.redbus.in/bus-tickets/khammam-to-hyderabad,Khammam to Hyderabad,Nani’s Sai Krishna Travels,23:59,05h 01m,05:00,4.3,500,25,Non A/C Seater / Sleeper (2+1)
https://www.redbus.in/bus-tickets/khammam-to-hyderabad,Khammam to Hyderabad,BSR Tours And Travels,23:59,06h 01m,06:00,4.1,780,10,A/C Sleeper (2+1)
https://www.redbus.in/bus-tickets/khammam-to-hyderabad,Khammam to Hyderabad,Bharathi Tours & Travels,23:59,05h 01m,05:00,3.5,500,23,Non A/C Seater / Sleeper (2+1)
https://www.redbus.in/bus-tickets/khammam-to-hyderabad,Khammam to Hyderabad,SAIRAJ TRAVELS,23:59,06h 16m,06:15,5.0,670,10,A/C Seater / Sleeper (2+1)
https://www.redbus.in/bus-tickets/khammam-to-hyderabad,Khammam to Hyderabad,Sri KVR Travels,00:20,05h 10m,05:30,4.0,440,27,Non A/C Seater / Sleeper (2+1)
https://www.redbus.in/bus-tickets/khammam-to-hyderabad,Khammam to Hyderabad,Mozo travels,01:30,04h 30m,06:00,3.3,699,30,A/C Seater / Sleeper (2+1)
https://www.redbus.in/bus-tickets/khammam-to-hyderabad,Khammam to Hyderabad,Morning Star Travels,18:00,03h 45m,21:45,2.7,690,16,A/C Sleeper (2+1)
https://www.redbus.in/bus-tickets/khammam-to-hyderabad,Khammam to Hyderabad,Sri Krishna Travels(VGN),23:29,06h 11m,05:40,2.1,699,17,Non A/C Seater / Sleeper (2+1)
https://www.redbus.in/bus-tickets/khammam-to-hyderabad,Khammam to Hyderabad,Sri Krishna Travels(VGN),23:55,05h 30m,05:25,2.1,600,11,NON A/C Hi-Tech (2+2)
https://www.redbus.in/bus-tickets/khammam-to-hyderabad,Khammam to Hyderabad,Shyamoli Paribahan Pvt Ltd,18:50,04h 20m,23:10,4.2,1188,11,A/C Sleeper (2+1)
https://www.redbus.in/bus-tickets/khammam-to-hyderabad,Khammam to Hyderabad,RRR Travels,23:50,05h 40m,05:30,4.7,900,28,A/C Sleeper (2+1)
https://www.redbus.in/bus-tickets/khammam-to-hyderabad,Khammam to Hyderabad,Sri KVR Travels,23:58,05h 02m,05:00,3.0,1090,29,A/C Sleeper (2+1)
https://www.redbus.in/bus-tickets/khammam-to-hyderabad,Khammam to Hyderabad,BSR Tours And Travels,23:59,06h 01m,06:00,4.9,980,20,Volvo Multi-Axle A/C Sleeper (2+1)
https://www.redbus.in/bus-tickets/khammam-to-hyderabad,Khammam to Hyderabad,Bharathi Tours & Travels,23:59,05h 01m,05:00,3.0,890,15,A/C Sleeper (2+1)
https://www.redbus.in/bus-tickets/khammam-to-hyderabad,Khammam to Hyderabad,MAHABAHUSRIKVRTRAVELS,02:45,04h 00m,06:45,3.2,1093,30,A/C Seater / Sleeper (2+1)
https://www.redbus.in/bus-tickets/khammam-to-hyderabad,Khammam to Hyderabad,Morning Star Travels,01:30,03h 30m,05:00,2.7,1090,31,A/C Sleeper (2+1)
https://www.redbus.in/bus-tickets/hyderabad-to-srisailam,Hyderabad to Srisailam,TGSRTC - 1351,09:20,07h 00m,16:20,4.0,431,31,"SUPER LUXURY (NON-AC, 2 + 2 PUSH BACK)"
https://www.redbus.in/bus-tickets/hyderabad-to-srisailam,Hyderabad to Srisailam,TGSRTC - 9639,09:40,07h 00m,16:40,4.0,431,29,"SUPER LUXURY (NON-AC, 2 + 2 PUSH BACK)"
https://www.redbus.in/bus-tickets/hyderabad-to-srisailam,Hyderabad to Srisailam,TGSRTC - 1272,10:00,06h 00m,16:00,4.5,523,30,Rajdhani (AC Semi Sleeper 2+2)
https://www.redbus.in/bus-tickets/hyderabad-to-srisailam,Hyderabad to Srisailam,TGSRTC - 1245,11:00,07h 00m,18:00,4.0,464,31,"SUPER LUXURY (NON-AC, 2 + 2 PUSH BACK)"
https://www.redbus.in/bus-tickets/hyderabad-to-srisailam,Hyderabad to Srisailam,TGSRTC - 1236,11:20,07h 00m,18:20,4.0,431,31,"SUPER LUXURY (NON-AC, 2 + 2 PUSH BACK)"
https://www.redbus.in/bus-tickets/hyderabad-to-srisailam,Hyderabad to Srisailam,TGSRTC - 9637,11:40,07h 00m,18:40,4.0,431,31,"SUPER LUXURY (NON-AC, 2 + 2 PUSH BACK)"
https://www.redbus.in/bus-tickets/hyderabad-to-srisailam,Hyderabad to Srisailam,TGSRTC - 1274,12:00,06h 00m,18:00,4.7,563,23,Rajdhani (AC Semi Sleeper 2+2)
https://www.redbus.in/bus-tickets/hyderabad-to-srisailam,Hyderabad to Srisailam,TGSRTC - 1288,12:20,07h 00m,19:20,4.0,464,31,"SUPER LUXURY (NON-AC, 2 + 2 PUSH BACK)"
https://www.redbus.in/bus-tickets/hyderabad-to-srisailam,Hyderabad to Srisailam,TGSRTC - 1290,13:00,07h 00m,20:00,4.0,431,31,"SUPER LUXURY (NON-AC, 2 + 2 PUSH BACK)"
https://www.redbus.in/bus-tickets/hyderabad-to-srisailam,Hyderabad to Srisailam,TGSRTC - 8281,13:30,05h 40m,19:10,4.0,431,31,"SUPER LUXURY (NON-AC, 2 + 2 PUSH BACK)"
https://www.redbus.in/bus-tickets/hyderabad-to-srisailam,Hyderabad to Srisailam,TGSRTC - 1964,13:30,08h 45m,22:15,4.0,389,36,Deluxe (Non AC Seater 2+2)
https://www.redbus.in/bus-tickets/hyderabad-to-srisailam,Hyderabad to Srisailam,TGSRTC - 1278,13:30,07h 10m,20:40,4.0,431,31,"SUPER LUXURY (NON-AC, 2 + 2 PUSH BACK)"
https://www.redbus.in/bus-tickets/hyderabad-to-srisailam,Hyderabad to Srisailam,TGSRTC - 9616,13:35,07h 45m,21:20,3.0,464,27,"SUPER LUXURY (NON-AC, 2 + 2 PUSH BACK)"
https://www.redbus.in/bus-tickets/hyderabad-to-srisailam,Hyderabad to Srisailam,TGSRTC - 1282,14:00,06h 00m,20:00,2.5,523,32,Rajdhani (AC Semi Sleeper 2+2)
https://www.redbus.in/bus-tickets/hyderabad-to-srisailam,Hyderabad to Srisailam,TGSRTC - 8271,14:20,05h 40m,20:00,4.0,431,31,"SUPER LUXURY (NON-AC, 2 + 2 PUSH BACK)"
https://www.redbus.in/bus-tickets/hyderabad-to-srisailam,Hyderabad to Srisailam,TGSRTC - 9618,14:25,07h 55m,22:20,4.0,450,25,"SUPER LUXURY (NON-AC, 2 + 2 PUSH BACK)"
https://www.redbus.in/bus-tickets/hyderabad-to-srisailam,Hyderabad to Srisailam,TGSRTC - 1260,14:30,07h 10m,21:40,4.0,431,30,"SUPER LUXURY (NON-AC, 2 + 2 PUSH BACK)"
https://www.redbus.in/bus-tickets/hyderabad-to-srisailam,Hyderabad to Srisailam,TGSRTC - 1266,15:45,07h 15m,23:00,3.8,464,24,"SUPER LUXURY (NON-AC, 2 + 2 PUSH BACK)"
https://www.redbus.in/bus-tickets/hyderabad-to-srisailam,Hyderabad to Srisailam,TGSRTC - 4322,19:45,12h 35m,08:20,4.0,431,31,"SUPER LUXURY (NON-AC, 2 + 2 PUSH BACK)"
https://www.redbus.in/bus-tickets/hyderabad-to-srisailam,Hyderabad to Srisailam,TGSRTC - 1254,20:10,12h 20m,08:30,3.2,431,30,"SUPER LUXURY (NON-AC, 2 + 2 PUSH BACK)"
https://www.redbus.in/bus-tickets/hyderabad-to-srisailam,Hyderabad to Srisailam,TGSRTC - 1252,20:15,12h 05m,08:20,4.0,464,31,"SUPER LUXURY (NON-AC, 2 + 2 PUSH BACK)"
https://www.redbus.in/bus-tickets/hyderabad-to-srisailam,Hyderabad to Srisailam,TGSRTC - 1280,20:45,11h 35m,08:20,4.0,431,31,"SUPER LUXURY (NON-AC, 2 + 2 PUSH BACK)"
https://www.redbus.in/bus-tickets/hyderabad-to-srisailam,Hyderabad to Srisailam,TGSRTC - 1045,21:30,11h 00m,08:30,3.4,464,31,"SUPER LUXURY (NON-AC, 2 + 2 PUSH BACK)"
https://www.redbus.in/bus-tickets/hyderabad-to-srisailam,Hyderabad to Srisailam,TGSRTC - 1250,21:45,10h 35m,08:20,4.0,464,29,"SUPER LUXURY (NON-AC, 2 + 2 PUSH BACK)"
https://www.redbus.in/bus-tickets/hyderabad-to-srisailam,Hyderabad to Srisailam,TGSRTC - 1256,21:55,10h 40m,08:35,4.1,431,31,"SUPER LUXURY (NON-AC, 2 + 2 PUSH BACK)"
https://www.redbus.in/bus-tickets/hyderabad-to-srisailam,Hyderabad to Srisailam,TGSRTC - 1286,22:15,10h 05m,08:20,4.7,464,26,"SUPER LUXURY (NON-AC, 2 + 2 PUSH BACK)"
https://www.redbus.in/bus-tickets/hyderabad-to-khammam,Hyderabad to Khammam,Sri Krishna Travels,17:30,05h 00m,22:30,3.5,900,11,Non A/C Seater / Sleeper (2+1)
https://www.redbus.in/bus-tickets/hyderabad-to-khammam,Hyderabad to Khammam,Puri Jagannadh Tours And Travels,19:05,07h 25m,02:30,3.9,555,40,Non A/C Seater / Sleeper (2+1)
https://www.redbus.in/bus-tickets/hyderabad-to-khammam,Hyderabad to Khammam,Sri Krishna Travels,19:30,04h 00m,23:30,3.9,900,27,Non A/C Seater / Sleeper (2+1)
https://www.redbus.in/bus-tickets/hyderabad-to-khammam,Hyderabad to Khammam,SBS Tours and Travels,20:30,05h 54m,02:24,4.3,555,23,Non A/C Seater / Sleeper (2+1)
https://www.redbus.in/bus-tickets/hyderabad-to-khammam,Hyderabad to Khammam,Sri Krishna Travels(VGN),20:35,07h 15m,03:50,3.7,560,26,Non A/C Seater / Sleeper (2+1)
https://www.redbus.in/bus-tickets/hyderabad-to-khammam,Hyderabad to Khammam,Sri Krishna Travels(VGN),20:40,06h 50m,03:30,3.7,699,16,A/C Sleeper (2+1)
https://www.redbus.in/bus-tickets/hyderabad-to-khammam,Hyderabad to Khammam,Sri Krishna Travels(VGN),20:40,06h 50m,03:30,3.7,450,22,NON A/C Hi-Tech (2+2)
https://www.redbus.in/bus-tickets/hyderabad-to-khammam,Hyderabad to Khammam,Bharathi Tours & Travels,21:20,06h 25m,03:45,4.6,500,21,Non A/C Seater / Sleeper (2+1)
https://www.redbus.in/bus-tickets/hyderabad-to-khammam,Hyderabad to Khammam,Bharathi Tours & Travels,21:20,06h 25m,03:45,4.3,790,21,A/C Sleeper (2+1)
https://www.redbus.in/bus-tickets/hyderabad-to-khammam,Hyderabad to Khammam,Bharathi Tours & Travels,21:20,06h 10m,03:30,4.7,500,23,Non A/C Seater / Sleeper (2+1)
https://www.redbus.in/bus-tickets/hyderabad-to-khammam,Hyderabad to Khammam,YASHWANTH BUS,21:30,06h 00m,03:30,4.4,500,28,Non A/C Seater / Sleeper (2+1)
https://www.redbus.in/bus-tickets/hyderabad-to-khammam,Hyderabad to Khammam,Sri Rama Travels,21:30,06h 00m,03:30,3.6,666,21,A/C Seater / Sleeper (2+1)
https://www.redbus.in/bus-tickets/hyderabad-to-khammam,Hyderabad to Khammam,Sri KVR Travels,22:00,05h 15m,03:15,3.3,450,26,Non A/C Seater / Sleeper (2+1)
https://www.redbus.in/bus-tickets/hyderabad-to-khammam,Hyderabad to Khammam,BSR Tours And Travels,22:00,05h 10m,03:10,4.9,680,6,A/C Sleeper (2+1)
https://www.redbus.in/bus-tickets/hyderabad-to-khammam,Hyderabad to Khammam,BSR Tours And Travels,22:00,04h 30m,02:30,4.2,880,16,Volvo Multi-Axle A/C Sleeper (2+1)
https://www.redbus.in/bus-tickets/hyderabad-to-khammam,Hyderabad to Khammam,RRR Travels,22:00,06h 00m,04:00,4.2,900,24,A/C Sleeper (2+1)
https://www.redbus.in/bus-tickets/hyderabad-to-khammam,Hyderabad to Khammam,Tirumala Travels,22:00,06h 30m,04:30,4.3,489,21,A/C Seater / Sleeper (2+1)
https://www.redbus.in/bus-tickets/hyderabad-to-khammam,Hyderabad to Khammam,Sri KVR Travels,22:00,06h 30m,04:30,4.2,510,29,Non A/C Seater / Sleeper (2+1)
https://www.redbus.in/bus-tickets/hyderabad-to-khammam,Hyderabad to Khammam,Mahadevv travels,22:00,05h 00m,03:00,3.5,379,21,Non A/C Seater / Sleeper (2+1)
https://www.redbus.in/bus-tickets/hyderabad-to-khammam,Hyderabad to Khammam,SAIRAJ TRAVELS,22:15,05h 15m,03:30,4.0,600,25,A/C Seater / Sleeper (2+1)
https://www.redbus.in/bus-tickets/hyderabad-to-khammam,Hyderabad to Khammam,SAIRAJ TRAVELS,22:15,05h 15m,03:30,4.9,700,14,A/C Sleeper (2+1)
https://www.redbus.in/bus-tickets/hyderabad-to-khammam,Hyderabad to Khammam,SVN TOURS & TRAVELS,22:15,05h 35m,03:50,3.1,903,23,A/C Semi Sleeper / Sleeper (2+1)
https://www.redbus.in/bus-tickets/hyderabad-to-khammam,Hyderabad to Khammam,Bharathi Tours & Travels,22:20,05h 30m,03:50,4.7,500,20,Non A/C Seater / Sleeper (2+1)
https://www.redbus.in/bus-tickets/hyderabad-to-khammam,Hyderabad to Khammam,Sri Sai Balaji Travels,22:20,04h 40m,03:00,3.7,889,25,A/C Sleeper (2+1)
https://www.redbus.in/bus-tickets/hyderabad-to-khammam,Hyderabad to Khammam,Bharathi Tours & Travels,22:20,05h 10m,03:30,4.8,790,17,A/C Sleeper (2+1)
https://www.redbus.in/bus-tickets/hyderabad-to-khammam,Hyderabad to Khammam,Nani’s Sai Krishna Travels,22:20,05h 25m,03:45,3.2,500,35,Non A/C Seater / Sleeper (2+1)
https://www.redbus.in/bus-tickets/hyderabad-to-khammam,Hyderabad to Khammam,Sri Venkateswara Travels,22:30,05h 00m,03:30,3.1,450,20,Non A/C Seater / Sleeper (2+1)
https://www.redbus.in/bus-tickets/hyderabad-to-khammam,Hyderabad to Khammam,Hanuman Travels,22:30,05h 00m,03:30,3.9,618,32,A/C Seater / Sleeper (2+1)
https://www.redbus.in/bus-tickets/hyderabad-to-khammam,Hyderabad to Khammam,Mozo travels,22:40,04h 55m,03:35,3.6,655,24,A/C Seater / Sleeper (2+1)
https://www.redbus.in/bus-tickets/hyderabad-to-khammam,Hyderabad to Khammam,VSR Tours and Travels,23:00,03h 50m,02:50,4.6,719,18,A/C Sleeper (2+1)
https://www.redbus.in/bus-tickets/hyderabad-to-khammam,Hyderabad to Khammam,Mythri Tours And Travels,23:00,03h 30m,02:30,4.6,809,13,A/C Sleeper (2+1)
https://www.redbus.in/bus-tickets/hyderabad-to-khammam,Hyderabad to Khammam,MAHABAHUSRIKVRTRAVELS,16:00,06h 30m,22:30,2.4,808,35,Non A/C Seater / Sleeper (2+1)
https://www.redbus.in/bus-tickets/hyderabad-to-khammam,Hyderabad to Khammam,Gupta Travels Galaxy,18:00,05h 10m,23:10,2.1,500,49,NON A/C Seater / Sleeper (2+2)
https://www.redbus.in/bus-tickets/hyderabad-to-khammam,Hyderabad to Khammam,Siri Tours and Travels,18:30,06h 00m,00:30,2.7,610,23,A/C Seater / Sleeper (2+1)
https://www.redbus.in/bus-tickets/hyderabad-to-khammam,Hyderabad to Khammam,Maa Bankeshwari -Gupta Travels Galaxy,19:15,05h 15m,00:30,2.1,400,50,NON A/C Seater / Sleeper (2+2)
https://www.redbus.in/bus-tickets/hyderabad-to-khammam,Hyderabad to Khammam,KVR Tours and Travels,20:00,07h 30m,03:30,2.9,618,24,A/C Sleeper (2+1)
https://www.redbus.in/bus-tickets/hyderabad-to-khammam,Hyderabad to Khammam,Siva Sankar Travels,20:45,06h 15m,03:00,2.7,664,37,A/C Seater / Sleeper (3+1)
https://www.redbus.in/bus-tickets/hyderabad-to-khammam,Hyderabad to Khammam,Sai Krishna Bus Service,20:45,04h 15m,01:00,1.6,720,42,NON AC Seater / Sleeper 2+1
https://www.redbus.in/bus-tickets/hyderabad-to-khammam,Hyderabad to Khammam,KVR Tours and Travels,21:00,06h 40m,03:40,2.9,417,34,Non A/C Seater / Sleeper (2+1)
https://www.redbus.in/bus-tickets/hyderabad-to-khammam,Hyderabad to Khammam,Gupta Travels Galaxy,21:00,06h 15m,03:15,2.1,600,45,A/C Seater / Sleeper (2+2)
https://www.redbus.in/bus-tickets/hyderabad-to-khammam,Hyderabad to Khammam,KVR Tours and Travels,21:30,06h 10m,03:40,2.9,485,29,A/C Seater / Sleeper (2+1)
https://www.redbus.in/bus-tickets/hyderabad-to-khammam,Hyderabad to Khammam,Seshadri Travels,21:30,05h 00m,02:30,3.5,333,27,A/C Seater / Sleeper (2+1)
https://www.redbus.in/bus-tickets/hyderabad-to-khammam,Hyderabad to Khammam,Sri Srinivasa Buses,21:40,05h 20m,03:00,2.5,415,26,Non A/C Seater / Sleeper (2+1)
https://www.redbus.in/bus-tickets/hyderabad-to-khammam,Hyderabad to Khammam,Siri Tours and Travels,21:50,04h 40m,02:30,2.7,560,26,Non A/C Seater / Sleeper (2+1)
https://www.redbus.in/bus-tickets/hyderabad-to-khammam,Hyderabad to Khammam,Morning Star Travels,22:25,05h 10m,03:35,1.7,990,31,A/C Sleeper (2+1)
https://www.redbus.in/bus-tickets/hyderabad-to-khammam,Hyderabad to Khammam,Morning Star Travels,22:50,04h 20m,03:10,2.1,890,30,A/C Sleeper (2+1)
https://www.redbus.in/bus-tickets/hyderabad-to-khammam,Hyderabad to Khammam,Morning Star Travels,23:20,03h 40m,03:00,1.7,890,28,A/C Sleeper (2+1)
https://www.redbus.in/bus-tickets/hyderabad-to-khammam,Hyderabad to Khammam,Sri Krishna Travels,19:00,04h 30m,23:30,3.1,1600,26,A/C Sleeper (2+1)
https://www.redbus.in/bus-tickets/hyderabad-to-khammam,Hyderabad to Khammam,DMR Travels,20:20,06h 10m,02:30,3.7,1299,30,A/C Sleeper (2+1)
https://www.redbus.in/bus-tickets/hyderabad-to-khammam,Hyderabad to Khammam,Sri KVR Travels,20:30,06h 30m,03:00,4.2,2222,41,A/C Seater / Sleeper (2+1)
https://www.redbus.in/bus-tickets/hyderabad-to-khammam,Hyderabad to Khammam,MR Travels,21:30,06h 00m,03:30,4.4,1000,19,A/C Sleeper (2+1)
https://www.redbus.in/bus-tickets/hyderabad-to-khammam,Hyderabad to Khammam,Rajdhani Travels,21:50,05h 10m,03:00,3.7,1200,31,Volvo 9600 Multi-Axle A/C Sleeper (2+1)
https://www.redbus.in/bus-tickets/hyderabad-to-khammam,Hyderabad to Khammam,Sri KVR Travels,22:00,06h 00m,04:00,4.2,1150,17,A/C Sleeper (2+1)
https://www.redbus.in/bus-tickets/hyderabad-to-khammam,Hyderabad to Khammam,Sri Krishna Travels,22:00,04h 30m,02:30,3.5,1400,31,Volvo Multi-Axle A/C Sleeper (2+1)
https://www.redbus.in/bus-tickets/hyderabad-to-khammam,Hyderabad to Khammam,Mahi Trans Solutions,22:30,05h 15m,03:45,3.6,2249,24,A/C Sleeper (2+1)
https://www.redbus.in/bus-tickets/hyderabad-to-khammam,Hyderabad to Khammam,SRI VEERANJANEYA TOURS AND TRAVELS,21:00,06h 00m,03:00,1.9,3000,45,NON A/C Semi Sleeper (2+2)
https://www.redbus.in/bus-tickets/hyderabad-to-khammam,Hyderabad to Khammam,SRI VEERANJANEYA TOURS AND TRAVELS,21:00,06h 00m,03:00,1.9,3000,30,A/C Sleeper (2+1)
https://www.redbus.in/bus-tickets/hyderabad-to-khammam,Hyderabad to Khammam,KVR Tours and Travels,21:30,06h 10m,03:40,2.9,2850,36,Non A/C Seater / Sleeper (2+1)
https://www.redbus.in/bus-tickets/hyderabad-to-vijayawada,Hyderabad to Vijayawada,FRESHBUS,12:00,07h 10m,19:10,4.8,355,36,Electric A/C Seater (2+2)
https://www.redbus.in/bus-tickets/hyderabad-to-vijayawada,Hyderabad to Vijayawada,IntrCity SmartBus,23:10,07h 05m,06:15,4.6,459,32,A/C Seater / Sleeper (2+1)
https://www.redbus.in/bus-tickets/hyderabad-to-vijayawada,Hyderabad to Vijayawada,AdYolo Bus,23:40,05h 39m,05:19,3.7,500,31,Bharat Benz A/C Seater /Sleeper (2+1)
https://www.redbus.in/bus-tickets/hyderabad-to-vijayawada,Hyderabad to Vijayawada,FRESHBUS,10:15,07h 10m,17:25,4.7,355,20,Electric A/C Seater (2+2)
https://www.redbus.in/bus-tickets/hyderabad-to-vijayawada,Hyderabad to Vijayawada,FRESHBUS,16:35,07h 30m,00:05,4.7,350,41,Electric A/C Seater (2+2)
https://www.redbus.in/bus-tickets/hyderabad-to-vijayawada,Hyderabad to Vijayawada,FRESHBUS,22:35,06h 50m,05:25,4.6,413,22,Electric A/C Seater (2+2)
https://www.redbus.in/bus-tickets/hyderabad-to-vijayawada,Hyderabad to Vijayawada,AdSai RK Travels,22:35,05h 55m,04:30,4.5,349,17,Non A/C Seater / Sleeper (2+1)
https://www.redbus.in/bus-tickets/hyderabad-to-vijayawada,Hyderabad to Vijayawada,FRESHBUS,11:10,07h 05m,18:15,4.6,355,34,Electric A/C Seater (2+2)
https://www.redbus.in/bus-tickets/hyderabad-to-vijayawada,Hyderabad to Vijayawada,FRESHBUS,23:40,06h 50m,06:30,4.5,404,29,Electric A/C Seater (2+2)
https://www.redbus.in/bus-tickets/hyderabad-to-vijayawada,Hyderabad to Vijayawada,Sri Durga Malleswari Travels,23:10,06h 15m,05:25,4.4,630,1,A/C Sleeper (2+1)
https://www.redbus.in/bus-tickets/hyderabad-to-vijayawada,Hyderabad to Vijayawada,IntrCity SmartBus,23:45,06h 25m,06:10,4.6,559,25,A/C Seater / Sleeper (2+1)
https://www.redbus.in/bus-tickets/hyderabad-to-vijayawada,Hyderabad to Vijayawada,IntrCity SmartBus,23:30,07h 20m,06:50,4.6,739,21,AC Sleeper (2+1)
https://www.redbus.in/bus-tickets/hyderabad-to-vijayawada,Hyderabad to Vijayawada,NueGo,21:30,07h 15m,04:45,4.5,332,19,Electric A/C Seater (2+2)
https://www.redbus.in/bus-tickets/hyderabad-to-vijayawada,Hyderabad to Vijayawada,IntrCity SmartBus,23:05,06h 55m,06:00,4.4,479,32,A/C Seater / Sleeper (2+1)
https://www.redbus.in/bus-tickets/hyderabad-to-vijayawada,Hyderabad to Vijayawada,IntrCity SmartBus,00:01,05h 44m,05:45,4.5,699,27,AC Sleeper (2+1)
https://www.redbus.in/bus-tickets/hyderabad-to-vijayawada,Hyderabad to Vijayawada,Sri Durga Malleswari Travels,21:00,07h 40m,04:40,4.2,450,7,A/C Seater / Sleeper (2+1)
https://www.redbus.in/bus-tickets/hyderabad-to-vijayawada,Hyderabad to Vijayawada,IntrCity SmartBus,23:45,06h 45m,06:30,4.6,459,28,A/C Seater / Sleeper (2+1)
https://www.redbus.in/bus-tickets/hyderabad-to-vijayawada,Hyderabad to Vijayawada,NueGo,16:00,07h 00m,23:00,4.4,332,17,Electric A/C Seater (2+2)
https://www.redbus.in/bus-tickets/hyderabad-to-vijayawada,Hyderabad to Vijayawada,IntrCity SmartBus,23:25,06h 45m,06:10,4.4,649,25,Scania AC Multi Axle Sleeper (2+1)
https://www.redbus.in/bus-tickets/hyderabad-to-vijayawada,Hyderabad to Vijayawada,NueGo,22:00,07h 10m,05:10,4.3,464,16,Electric A/C Seater/Sleeper (2+1)
https://www.redbus.in/bus-tickets/hyderabad-to-vijayawada,Hyderabad to Vijayawada,Sri KVR Travels,23:35,05h 50m,05:25,4.4,1099,29,A/C Sleeper (2+1)
https://www.redbus.in/bus-tickets/hyderabad-to-vijayawada,Hyderabad to Vijayawada,NueGo,23:30,07h 10m,06:40,4.2,595,16,Electric A/C Sleeper (2+1)
https://www.redbus.in/bus-tickets/hyderabad-to-vijayawada,Hyderabad to Vijayawada,NueGo,10:00,06h 50m,16:50,4.2,332,10,Electric A/C Seater (2+2)
https://www.redbus.in/bus-tickets/hyderabad-to-vijayawada,Hyderabad to Vijayawada,NueGo,22:30,07h 05m,05:35,4.1,332,24,Electric A/C Seater (2+2)
https://www.redbus.in/bus-tickets/hyderabad-to-vijayawada,Hyderabad to Vijayawada,IntrCity SmartBus,22:45,07h 10m,05:55,4.2,719,18,AC Sleeper (2+1)
https://www.redbus.in/bus-tickets/hyderabad-to-vijayawada,Hyderabad to Vijayawada,Zingbus Plus,15:55,07h 50m,23:45,4.3,1264,27,A/C Sleeper (2+1)
https://www.redbus.in/bus-tickets/hyderabad-to-vijayawada,Hyderabad to Vijayawada,NueGo,13:30,07h 05m,20:35,4.1,332,25,Electric A/C Seater (2+2)
https://www.redbus.in/bus-tickets/hyderabad-to-vijayawada,Hyderabad to Vijayawada,Svkdt travels,23:35,06h 15m,05:50,4.1,589,20,A/C Sleeper (2+1)
https://www.redbus.in/bus-tickets/hyderabad-to-vijayawada,Hyderabad to Vijayawada,IntrCity SmartBus,23:59,06h 26m,06:25,4.1,689,27,Scania AC Multi Axle Sleeper (2+1)
https://www.redbus.in/bus-tickets/hyderabad-to-vijayawada,Hyderabad to Vijayawada,Vikram Travels,23:15,06h 10m,05:25,4.3,584,18,VE A/C Sleeper (2+1)
https://www.redbus.in/bus-tickets/hyderabad-to-vijayawada,Hyderabad to Vijayawada,NueGo,12:00,06h 50m,18:50,4.1,332,12,Electric A/C Seater (2+2)
https://www.redbus.in/bus-tickets/hyderabad-to-vijayawada,Hyderabad to Vijayawada,NueGo,22:35,07h 05m,05:40,4.1,369,23,Electric A/C Semi Sleeper (2+2)
https://www.redbus.in/bus-tickets/hyderabad-to-vijayawada,Hyderabad to Vijayawada,NueGo,09:30,07h 40m,17:10,4.3,404,15,Electric A/C Semi Sleeper (2+2)
https://www.redbus.in/bus-tickets/hyderabad-to-vijayawada,Hyderabad to Vijayawada,Svkdt travels,23:35,05h 55m,05:30,4.1,449,19,A/C Seater / Sleeper (2+1)
https://www.redbus.in/bus-tickets/hyderabad-to-vijayawada,Hyderabad to Vijayawada,Sri KVR Travels,23:05,05h 15m,04:20,4.2,444,35,Non A/C Seater / Sleeper (2+1)
https://www.redbus.in/bus-tickets/hyderabad-to-vijayawada,Hyderabad to Vijayawada,NueGo,23:00,07h 00m,06:00,4.0,473,14,Electric A/C Seater/Sleeper (2+1)
https://www.redbus.in/bus-tickets/hyderabad-to-vijayawada,Hyderabad to Vijayawada,NueGo,10:30,07h 00m,17:30,4.0,332,8,Electric A/C Seater/Sleeper (2+1)
https://www.redbus.in/bus-tickets/hyderabad-to-vijayawada,Hyderabad to Vijayawada,NueGo,23:15,07h 20m,06:35,4.1,404,21,Electric A/C Semi Sleeper (2+2)
https://www.redbus.in/bus-tickets/hyderabad-to-vijayawada,Hyderabad to Vijayawada,Tirumala Travels,20:30,08h 00m,04:30,4.5,611,14,A/C Sleeper (2+1)
https://www.redbus.in/bus-tickets/hyderabad-to-vijayawada,Hyderabad to Vijayawada,V Kaveri Travels,23:00,05h 15m,04:15,4.1,600,24,A/C Seater / Sleeper (2+1)
https://www.redbus.in/bus-tickets/hyderabad-to-vijayawada,Hyderabad to Vijayawada,NueGo,22:30,07h 30m,06:00,3.7,332,22,Electric A/C Seater (2+2)
https://www.redbus.in/bus-tickets/hyderabad-to-vijayawada,Hyderabad to Vijayawada,Tirumala Xpress,23:00,06h 50m,05:50,3.8,512,27,A/C Sleeper (2+1)
https://www.redbus.in/bus-tickets/hyderabad-to-vijayawada,Hyderabad to Vijayawada,IntrCity SmartBus,00:15,06h 10m,06:25,4.8,389,26,VE A/C Seater / Sleeper (2+1)
https://www.redbus.in/bus-tickets/hyderabad-to-vijayawada,Hyderabad to Vijayawada,Svkdt travels,23:35,06h 15m,05:50,3.7,489,19,A/C Sleeper (2+1)
https://www.redbus.in/bus-tickets/hyderabad-to-vijayawada,Hyderabad to Vijayawada,Holidays Tours and Travels,22:30,05h 54m,04:24,4.6,729,26,A/C Seater / Sleeper (2+1)
https://www.redbus.in/bus-tickets/hyderabad-to-vijayawada,Hyderabad to Vijayawada,IntrCity SmartBus,20:50,07h 30m,04:20,4.1,539,28,A/C Seater / Sleeper (2+1)
https://www.redbus.in/bus-tickets/hyderabad-to-vijayawada,Hyderabad to Vijayawada,Anjani Bus,22:40,06h 00m,04:40,3.7,449,29,A/C Seater / Sleeper (2+1)
https://www.redbus.in/bus-tickets/hyderabad-to-vijayawada,Hyderabad to Vijayawada,Yolo Bus,23:26,06h 38m,06:04,4.0,680,21,A/C Sleeper (2+1)
https://www.redbus.in/bus-tickets/hyderabad-to-vijayawada,Hyderabad to Vijayawada,Kaveri Travels,22:05,07h 00m,05:05,3.2,1080,26,Volvo Multi Axle A/C Sleeper I-Shift B11R (2+1)
https://www.redbus.in/bus-tickets/hyderabad-to-vijayawada,Hyderabad to Vijayawada,Orange Tours and Travels,23:00,06h 30m,05:30,3.6,500,34,NON AC Seater / Sleeper 2+1
https://www.redbus.in/bus-tickets/hyderabad-to-vijayawada,Hyderabad to Vijayawada,LVR Travels,23:47,05h 58m,05:45,3.7,440,26,Non A/C Seater / Sleeper (2+1)
https://www.redbus.in/bus-tickets/hyderabad-to-vijayawada,Hyderabad to Vijayawada,IntrCity SmartBus,23:15,06h 10m,05:25,4.2,459,32,Bharat Benz A/C Seater /Sleeper (2+1)
https://www.redbus.in/bus-tickets/hyderabad-to-vijayawada,Hyderabad to Vijayawada,Sri KVR Travels,23:01,06h 30m,05:31,3.6,610,30,Non A/C Seater / Sleeper (2+1)
https://www.redbus.in/bus-tickets/hyderabad-to-vijayawada,Hyderabad to Vijayawada,NueGo,22:00,07h 20m,05:20,3.9,404,19,Electric A/C Semi Sleeper (2+2)
https://www.redbus.in/bus-tickets/hyderabad-to-vijayawada,Hyderabad to Vijayawada,Zingbus Plus,17:25,07h 20m,00:45,4.9,1337,26,A/C Sleeper (2+1)
https://www.redbus.in/bus-tickets/hyderabad-to-vijayawada,Hyderabad to Vijayawada,Sri Venkata Padmavathi Travels,22:52,07h 08m,06:00,3.6,550,35,Non A/C Seater / Sleeper (2+1)
https://www.redbus.in/bus-tickets/hyderabad-to-vijayawada,Hyderabad to Vijayawada,IntrCity SmartBus,18:45,07h 05m,01:50,4.8,1149,13,AC Sleeper (2+1)
https://www.redbus.in/bus-tickets/hyderabad-to-vijayawada,Hyderabad to Vijayawada,FlixBus,22:30,06h 30m,05:00,3.9,802.68,13,VE A/C Sleeper (2+1)
https://www.redbus.in/bus-tickets/hyderabad-to-vijayawada,Hyderabad to Vijayawada,Orange Tours and Travels,19:40,08h 15m,03:55,4.0,400,28,NON A/C Seater/ Sleeper (2+1)
https://www.redbus.in/bus-tickets/hyderabad-to-vijayawada,Hyderabad to Vijayawada,Eswar Travels,22:10,06h 20m,04:30,3.8,510,20,A/C Seater / Sleeper (2+1)
https://www.redbus.in/bus-tickets/hyderabad-to-vijayawada,Hyderabad to Vijayawada,IntrCity SmartBus,19:15,07h 35m,02:50,4.2,829,27,A/C Seater / Sleeper (2+1)
https://www.redbus.in/bus-tickets/hyderabad-to-vijayawada,Hyderabad to Vijayawada,V Kaveri Travels,23:00,06h 10m,05:10,4.0,650,15,A/C Seater / Sleeper (2+1)
https://www.redbus.in/bus-tickets/hyderabad-to-vijayawada,Hyderabad to Vijayawada,Sri Shivanjaneya Travels,22:57,05h 33m,04:30,4.8,620,31,A/C Seater / Sleeper (2+1)
https://www.redbus.in/bus-tickets/hyderabad-to-vijayawada,Hyderabad to Vijayawada,Yolo Bus,22:46,06h 38m,05:24,3.7,480,30,A/C Seater/Sleeper (2+1)
https://www.redbus.in/bus-tickets/hyderabad-to-vijayawada,Hyderabad to Vijayawada,Nani Svkdt Travels,23:20,05h 10m,04:30,3.9,799,19,A/C Sleeper (2+1)
https://www.redbus.in/bus-tickets/hyderabad-to-vijayawada,Hyderabad to Vijayawada,NueGo,21:45,06h 36m,04:21,3.9,880,9,Electric A/C Sleeper (2+1)
https://www.redbus.in/bus-tickets/hyderabad-to-vijayawada,Hyderabad to Vijayawada,FlixBus,22:30,06h 00m,04:30,4.7,731.25,14,A/C Sleeper (2+1)
https://www.redbus.in/bus-tickets/hyderabad-to-vijayawada,Hyderabad to Vijayawada,Orange Tours and Travels,22:55,06h 50m,05:45,3.2,800,20,Bharat Benz A/C Sleeper (2+1)
https://www.redbus.in/bus-tickets/hyderabad-to-vijayawada,Hyderabad to Vijayawada,Orange Tours and Travels,23:00,06h 30m,05:30,3.1,400,24,NON A/C Seater/ Sleeper (2+1)
https://www.redbus.in/bus-tickets/hyderabad-to-vijayawada,Hyderabad to Vijayawada,Orange Tours and Travels,19:25,06h 35m,02:00,3.8,600,16,NON A/C Sleeper (2+1)
https://www.redbus.in/bus-tickets/hyderabad-to-vijayawada,Hyderabad to Vijayawada,Mozo travels,18:21,06h 49m,01:10,4.7,1417,14,A/C Sleeper (2+1)
https://www.redbus.in/bus-tickets/hyderabad-to-vijayawada,Hyderabad to Vijayawada,SAI VAISHNAVI TRAVELS,22:15,05h 25m,03:40,3.5,599,29,Non A/C Seater / Sleeper (2+1)
https://www.redbus.in/bus-tickets/hyderabad-to-vijayawada,Hyderabad to Vijayawada,Sai Mahesh Transport & Travels,14:15,07h 30m,21:45,3.5,1110,4,A/C Seater / Sleeper (2+1)
https://www.redbus.in/bus-tickets/hyderabad-to-vijayawada,Hyderabad to Vijayawada,Venkteshwara Travels,09:00,01h 45m,10:45,2.7,399,14,Bharat Benz A/C Sleeper (2+1)
https://www.redbus.in/bus-tickets/hyderabad-to-vijayawada,Hyderabad to Vijayawada,LG BUS,21:15,06h 55m,04:10,4.8,780,23,Bharat Benz A/C Seater /Sleeper (2+1)
https://www.redbus.in/bus-tickets/hyderabad-to-vijayawada,Hyderabad to Vijayawada,SAMANVI CITICONNECT,19:53,06h 37m,02:30,4.0,899,11,A/C Sleeper (2+1)
https://www.redbus.in/bus-tickets/hyderabad-to-vijayawada,Hyderabad to Vijayawada,NueGo,22:15,06h 36m,04:51,3.2,757,13,Electric A/C Sleeper (2+1)
https://www.redbus.in/bus-tickets/hyderabad-to-vijayawada,Hyderabad to Vijayawada,IntrCity SmartBus,23:50,06h 25m,06:15,3.6,579,23,AC Sleeper (2+1)
https://www.redbus.in/bus-tickets/hyderabad-to-vijayawada,Hyderabad to Vijayawada,V Kaveri Travels,22:22,06h 08m,04:30,3.4,650,25,Non A/C Seater / Sleeper (2+1)
https://www.redbus.in/bus-tickets/hyderabad-to-vijayawada,Hyderabad to Vijayawada,Morning Star Travels,23:05,06h 05m,05:10,3.2,750,24,NON A/C Sleeper (2+1)
https://www.redbus.in/bus-tickets/hyderabad-to-vijayawada,Hyderabad to Vijayawada,NueGo,11:00,06h 55m,17:55,3.1,369,16,Electric A/C Semi Sleeper (2+2)
https://www.redbus.in/bus-tickets/hyderabad-to-vijayawada,Hyderabad to Vijayawada,IntrCity SmartBus,17:15,07h 05m,00:20,4.1,1089,16,AC Sleeper (2+1)
https://www.redbus.in/bus-tickets/hyderabad-to-vijayawada,Hyderabad to Vijayawada,Orange Tours and Travels,13:45,08h 00m,21:45,2.9,1160,12,Volvo 9600 Multi-Axle A/C Sleeper (2+1)
https://www.redbus.in/bus-tickets/hyderabad-to-vijayawada,Hyderabad to Vijayawada,V Kaveri Travels,21:45,06h 45m,04:30,4.2,1000,22,A/C Sleeper (2+1)
https://www.redbus.in/bus-tickets/hyderabad-to-vijayawada,Hyderabad to Vijayawada,Morning Star Travels,23:05,06h 15m,05:20,2.6,890,13,A/C Sleeper (2+1)
https://www.redbus.in/bus-tickets/hyderabad-to-vijayawada,Hyderabad to Vijayawada,KVR Tours and Travels,20:55,05h 10m,02:05,4.2,2850,31,A/C Sleeper (2+1)
https://www.redbus.in/bus-tickets/hyderabad-to-vijayawada,Hyderabad to Vijayawada,KKaveri Travels,22:27,05h 33m,04:00,3.8,600,15,Non A/C Seater / Sleeper (2+1)
https://www.redbus.in/bus-tickets/hyderabad-to-vijayawada,Hyderabad to Vijayawada,Go Tour Travels and Holidays,21:25,06h 40m,04:05,4.5,927,8,A/C Sleeper (2+1)
https://www.redbus.in/bus-tickets/hyderabad-to-vijayawada,Hyderabad to Vijayawada,Mayuri Travels,22:10,05h 40m,03:50,3.6,670,34,Non A/C Seater / Sleeper (2+1)
https://www.redbus.in/bus-tickets/hyderabad-to-vijayawada,Hyderabad to Vijayawada,LIMOLINER,18:30,07h 40m,02:10,4.4,809,13,A/C Sleeper (2+1)
https://www.redbus.in/bus-tickets/hyderabad-to-vijayawada,Hyderabad to Vijayawada,Sri Sai Anjana Tours and Travels,20:20,06h 40m,03:00,4.4,550,19,Non A/C Seater / Sleeper (2+1)
https://www.redbus.in/bus-tickets/hyderabad-to-vijayawada,Hyderabad to Vijayawada,Sri KVR Travels,18:55,06h 38m,01:33,3.8,510,21,Non A/C Seater / Sleeper (2+1)
https://www.redbus.in/bus-tickets/hyderabad-to-vijayawada,Hyderabad to Vijayawada,Sri KVR Travels,20:22,07h 03m,03:25,3.4,560,25,Non A/C Seater / Sleeper (2+1)
https://www.redbus.in/bus-tickets/hyderabad-to-vijayawada,Hyderabad to Vijayawada,Sai Dasari Travels,23:05,05h 22m,04:27,2.7,900,14,Volvo Multi-Axle A/C Sleeper (2+1)
https://www.redbus.in/bus-tickets/hyderabad-to-vijayawada,Hyderabad to Vijayawada,Sai Dasari Travels,23:05,05h 22m,04:27,2.7,450,19,Non A/C Seater / Sleeper (2+1)
https://www.redbus.in/bus-tickets/hyderabad-to-vijayawada,Hyderabad to Vijayawada,Jagan Travels,14:50,07h 15m,22:05,2.9,1400,13,A/C Seater / Sleeper (2+1)
https://www.redbus.in/bus-tickets/hyderabad-to-vijayawada,Hyderabad to Vijayawada,Sudha Sri Tours and Travels,22:45,06h 05m,04:50,2.9,790,24,A/C Sleeper (2+1)
https://www.redbus.in/bus-tickets/hyderabad-to-vijayawada,Hyderabad to Vijayawada,SREE VENKATESHWARA TRAVELS,22:25,05h 35m,04:00,3.6,603,30,A/C Seater / Sleeper (2+1)
https://www.redbus.in/bus-tickets/hyderabad-to-vijayawada,Hyderabad to Vijayawada,BSR Tours And Travels,22:00,06h 00m,04:00,3.6,980,17,A/C Sleeper (2+1)
https://www.redbus.in/bus-tickets/hyderabad-to-vijayawada,Hyderabad to Vijayawada,Orange Tours and Travels,23:00,06h 45m,05:45,2.5,500,29,NON A/C Seater/ Sleeper (2+1)
https://www.redbus.in/bus-tickets/hyderabad-to-vijayawada,Hyderabad to Vijayawada,SVR Tours and Travels,17:15,06h 35m,23:50,2.5,880,11,A/C Seater / Sleeper (2+1)
https://www.redbus.in/bus-tickets/hyderabad-to-vijayawada,Hyderabad to Vijayawada,Shyamoli Paribahan Pvt Ltd,16:20,07h 35m,23:55,3.3,600,8,Volvo 9600 A/C Seater/Sleeper (2+1)
https://www.redbus.in/bus-tickets/hyderabad-to-vijayawada,Hyderabad to Vijayawada,Sri Venkata Padmavathi Travels,22:53,05h 52m,04:45,2.2,606,24,A/C Seater / Sleeper (2+1)
https://www.redbus.in/bus-tickets/hyderabad-to-vijayawada,Hyderabad to Vijayawada,BSR Tours And Travels,20:06,05h 44m,01:50,2.8,580,23,A/C Seater / Sleeper (2+1)
https://www.redbus.in/bus-tickets/hyderabad-to-vijayawada,Hyderabad to Vijayawada,V Kaveri Travels,16:17,06h 58m,23:15,2.8,800,2,Non A/C Seater / Sleeper (2+1)
https://www.redbus.in/bus-tickets/hyderabad-to-vijayawada,Hyderabad to Vijayawada,Sri KVR Travels,20:22,06h 38m,03:00,2.1,560,31,Non A/C Seater / Sleeper (2+1)
https://www.redbus.in/bus-tickets/hyderabad-to-vijayawada,Hyderabad to Vijayawada,Orange Tours and Travels,22:20,06h 15m,04:35,1.8,700,19,A/C Sleeper (2+1)
https://www.redbus.in/bus-tickets/hyderabad-to-vijayawada,Hyderabad to Vijayawada,KVR Tours and Travels,22:45,06h 40m,05:25,2.6,684,30,A/C Sleeper (2+1)
https://www.redbus.in/bus-tickets/hyderabad-to-vijayawada,Hyderabad to Vijayawada,Mayuri Travels,21:00,05h 00m,02:00,2.2,670,31,Non A/C Seater / Sleeper (2+1)
https://www.redbus.in/bus-tickets/hyderabad-to-vijayawada,Hyderabad to Vijayawada,Nani’s Sai Krishna Travels,22:17,05h 13m,03:30,2.6,650,34,Non A/C Seater / Sleeper (2+1)
https://www.redbus.in/bus-tickets/hyderabad-to-vijayawada,Hyderabad to Vijayawada,Orange Tours and Travels,17:35,08h 40m,02:15,2.4,500,23,NON A/C Seater/ Sleeper (2+1)
https://www.redbus.in/bus-tickets/hyderabad-to-vijayawada,Hyderabad to Vijayawada,KKaveri Travels,18:15,07h 45m,02:00,2.2,590,24,Non A/C Seater / Sleeper (2+1)
https://www.redbus.in/bus-tickets/hyderabad-to-vijayawada,Hyderabad to Vijayawada,Sri KVR Travels,19:00,07h 05m,02:05,1.6,560,29,Non A/C Seater / Sleeper (2+1)
https://www.redbus.in/bus-tickets/hyderabad-to-vijayawada,Hyderabad to Vijayawada,Zingbus Plus,21:55,07h 50m,05:45,4.0,403,34,Bharat Benz A/C Seater /Sleeper (2+1)
https://www.redbus.in/bus-tickets/hyderabad-to-vijayawada,Hyderabad to Vijayawada,Siri Tours and Travels,18:50,07h 20m,02:10,2.4,610,22,A/C Seater / Sleeper (2+1)
https://www.redbus.in/bus-tickets/hyderabad-to-vijayawada,Hyderabad to Vijayawada,Mozo travels,20:50,07h 20m,04:10,2.9,647,17,A/C Seater / Sleeper (2+1)
https://www.redbus.in/bus-tickets/hyderabad-to-vijayawada,Hyderabad to Vijayawada,SAMANVI CITICONNECT,22:12,06h 18m,04:30,2.2,809,23,A/C Sleeper (2+1)
https://www.redbus.in/bus-tickets/hyderabad-to-vijayawada,Hyderabad to Vijayawada,Shree Manikanta Travels,13:42,06h 08m,19:50,1.9,1039,14,A/C Seater / Sleeper (2+1)
https://www.redbus.in/bus-tickets/hyderabad-to-vijayawada,Hyderabad to Vijayawada,Shyamoli Paribahan Pvt Ltd,14:20,07h 30m,21:50,4.5,2148,2,A/C Seater/Sleeper (2+1)
https://www.redbus.in/bus-tickets/hyderabad-to-vijayawada,Hyderabad to Vijayawada,Shyamoli Paribahan Pvt Ltd,15:20,09h 40m,01:00,4.5,800,16,Volvo 9600 A/C Seater/Sleeper (2+1)
https://www.redbus.in/bus-tickets/hyderabad-to-vijayawada,Hyderabad to Vijayawada,Saraswathi Travels,14:55,08h 50m,23:45,4.5,1199,5,A/C Seater / Sleeper (2+1)
https://www.redbus.in/bus-tickets/hyderabad-to-vijayawada,Hyderabad to Vijayawada,BSR Tours And Travels,22:00,04h 55m,02:55,4.4,1399,22,Volvo 9600 Multi-Axle A/C Sleeper (2+1)
https://www.redbus.in/bus-tickets/hyderabad-to-vijayawada,Hyderabad to Vijayawada,BSR Tours And Travels,17:07,07h 58m,01:05,4.4,2379,22,Volvo 9600 Multi-Axle A/C Sleeper (2+1)
https://www.redbus.in/bus-tickets/hyderabad-to-vijayawada,Hyderabad to Vijayawada,LimoLiner,21:50,06h 10m,04:00,4.4,1099,13,A/C Sleeper (2+1)
https://www.redbus.in/bus-tickets/hyderabad-to-vijayawada,Hyderabad to Vijayawada,IntrCity SmartBus,20:55,06h 40m,03:35,4.4,829,34,A/C Seater / Sleeper (2+1)
https://www.redbus.in/bus-tickets/hyderabad-to-vijayawada,Hyderabad to Vijayawada,IntrCity SmartBus,16:30,07h 20m,23:50,4.4,1259,14,A/C Sleeper (2+1)
https://www.redbus.in/bus-tickets/hyderabad-to-vijayawada,Hyderabad to Vijayawada,Express Line,15:25,07h 25m,22:50,4.3,1919,7,Volvo 9600 A/C Seater/Sleeper (2+1)
https://www.redbus.in/bus-tickets/hyderabad-to-vijayawada,Hyderabad to Vijayawada,Ranadeep Travels,23:15,05h 10m,04:25,4.1,2999,27,A/C Sleeper (2+1)
https://www.redbus.in/bus-tickets/hyderabad-to-vijayawada,Hyderabad to Vijayawada,Vikram Travels,19:10,06h 45m,01:55,4.0,1699,21,Volvo 9600 Multi-Axle A/C Sleeper (2+1)
https://www.redbus.in/bus-tickets/hyderabad-to-vijayawada,Hyderabad to Vijayawada,SBS Tours and Travels,21:40,05h 51m,03:31,4.0,444,20,Non A/C Seater / Sleeper (2+1)
https://www.redbus.in/bus-tickets/hyderabad-to-vijayawada,Hyderabad to Vijayawada,Svkdt travels,18:20,07h 45m,02:05,4.0,1389,9,A/C Sleeper (2+1)
https://www.redbus.in/bus-tickets/hyderabad-to-vijayawada,Hyderabad to Vijayawada,Vikram Travels,21:30,05h 30m,03:00,4.0,1109,21,VE A/C Sleeper (2+1)
https://www.redbus.in/bus-tickets/hyderabad-to-vijayawada,Hyderabad to Vijayawada,Sri KVR Travels,15:05,08h 00m,23:05,4.0,1349,14,Non A/C Seater / Sleeper (2+1)
https://www.redbus.in/bus-tickets/hyderabad-to-vijayawada,Hyderabad to Vijayawada,Vikram Travels,20:25,06h 20m,02:45,4.0,939,23,A/C Sleeper (2+1)
https://www.redbus.in/bus-tickets/hyderabad-to-vijayawada,Hyderabad to Vijayawada,Sri KVR Travels,16:45,07h 35m,00:20,4.0,1499,15,A/C Seater / Sleeper (2+1)
https://www.redbus.in/bus-tickets/hyderabad-to-vijayawada,Hyderabad to Vijayawada,Puri Jagannadh Tours And Travels,19:18,07h 27m,02:45,3.9,555,32,Non A/C Seater / Sleeper (2+1)
https://www.redbus.in/bus-tickets/hyderabad-to-vijayawada,Hyderabad to Vijayawada,Puri Jagannadh Tours And Travels,22:17,05h 38m,03:55,3.9,666,26,A/C Seater / Sleeper (2+1)
https://www.redbus.in/bus-tickets/hyderabad-to-vijayawada,Hyderabad to Vijayawada,KTR TRAVELS,14:30,08h 00m,22:30,3.9,1499,2,Non A/C Seater / Sleeper (2+1)
https://www.redbus.in/bus-tickets/hyderabad-to-vijayawada,Hyderabad to Vijayawada,Puri Jagannadh Tours And Travels,22:17,06h 38m,04:55,3.9,699,25,A/C Seater / Sleeper (2+1)
https://www.redbus.in/bus-tickets/hyderabad-to-vijayawada,Hyderabad to Vijayawada,V Kaveri Travels,21:23,07h 22m,04:45,3.8,1000,23,A/C Sleeper (2+1)
https://www.redbus.in/bus-tickets/hyderabad-to-vijayawada,Hyderabad to Vijayawada,Sri Keerthana Sai Travels,13:42,05h 58m,19:40,3.8,1190,10,Non A/C Seater / Sleeper (2+1)
https://www.redbus.in/bus-tickets/hyderabad-to-vijayawada,Hyderabad to Vijayawada,Mayuri Travels,19:45,06h 15m,02:00,3.7,670,31,Non A/C Seater / Sleeper (2+1)
https://www.redbus.in/bus-tickets/hyderabad-to-vijayawada,Hyderabad to Vijayawada,SAMANVI CITICONNECT,22:10,05h 35m,03:45,3.7,489,28,Non A/C Seater / Sleeper (2+1)
https://www.redbus.in/bus-tickets/hyderabad-to-vijayawada,Hyderabad to Vijayawada,Yolo Bus,15:20,05h 49m,21:09,2.8,400,35,Bharat Benz A/C Seater /Sleeper (2+1)
https://www.redbus.in/bus-tickets/hyderabad-to-vijayawada,Hyderabad to Vijayawada,Sri Sai Anjana Tours and Travels,20:20,06h 32m,02:52,3.6,999,18,A/C Sleeper (2+1)
https://www.redbus.in/bus-tickets/hyderabad-to-vijayawada,Hyderabad to Vijayawada,Sri VInayaka Travels(Siva's),18:20,06h 55m,01:15,3.6,1499,10,A/C Seater / Sleeper (2+1)
https://www.redbus.in/bus-tickets/hyderabad-to-vijayawada,Hyderabad to Vijayawada,Sri Tulasi Tours and Travels,11:50,07h 15m,19:05,3.5,1799,5,A/C Seater / Sleeper (2+1)
https://www.redbus.in/bus-tickets/hyderabad-to-vijayawada,Hyderabad to Vijayawada,Sri Tulasi Tours and Travels,14:20,07h 40m,22:00,3.5,1699,23,A/C Seater / Sleeper (2+1)
https://www.redbus.in/bus-tickets/hyderabad-to-vijayawada,Hyderabad to Vijayawada,Chandu Travels,22:18,06h 12m,04:30,3.8,684,25,A/C Sleeper (2+1)
https://www.redbus.in/bus-tickets/hyderabad-to-vijayawada,Hyderabad to Vijayawada,FlixBus,00:25,06h 50m,07:15,3.6,374.11,19,Electric A/C Semi Sleeper (2+2)
https://www.redbus.in/bus-tickets/hyderabad-to-vijayawada,Hyderabad to Vijayawada,Sri Krishna Travels,21:30,06h 30m,04:00,3.4,680,28,A/C Seater / Sleeper (2+1)
https://www.redbus.in/bus-tickets/hyderabad-to-vijayawada,Hyderabad to Vijayawada,Sri Krishna Travels,18:31,07h 29m,02:00,3.4,680,21,A/C Seater / Sleeper (2+1)
https://www.redbus.in/bus-tickets/hyderabad-to-vijayawada,Hyderabad to Vijayawada,VARAHI TRAVELS,18:20,07h 50m,02:10,3.3,640,29,Non A/C Seater / Sleeper (2+1)
https://www.redbus.in/bus-tickets/hyderabad-to-vijayawada,Hyderabad to Vijayawada,Orange Tours and Travels,14:50,08h 30m,23:20,3.2,900,8,NON A/C Seater/ Sleeper (2+1)
https://www.redbus.in/bus-tickets/hyderabad-to-vijayawada,Hyderabad to Vijayawada,Apple Travels,22:20,05h 10m,03:30,3.1,449,29,Non A/C Seater / Sleeper (2+1)
https://www.redbus.in/bus-tickets/hyderabad-to-vijayawada,Hyderabad to Vijayawada,Vinay's Tours and Travels,23:50,06h 05m,05:55,3.2,500,22,A/C Sleeper (2+1)
https://www.redbus.in/bus-tickets/hyderabad-to-vijayawada,Hyderabad to Vijayawada,Vinay's Tours and Travels,23:45,05h 45m,05:30,2.7,500,23,A/C Sleeper (2+1)
https://www.redbus.in/bus-tickets/hyderabad-to-vijayawada,Hyderabad to Vijayawada,FlixBus,13:25,07h 00m,20:25,3.5,551.79,14,Electric A/C Semi Sleeper (2+2)
https://www.redbus.in/bus-tickets/hyderabad-to-vijayawada,Hyderabad to Vijayawada,Morning Star Travels,23:00,05h 30m,04:30,3.4,1090,27,A/C Sleeper (2+1)
https://www.redbus.in/bus-tickets/hyderabad-to-vijayawada,Hyderabad to Vijayawada,Ramana Tours And Travels,18:00,07h 05m,01:05,3.0,1269,19,A/C Sleeper (2+1)
https://www.redbus.in/bus-tickets/hyderabad-to-vijayawada,Hyderabad to Vijayawada,Morning Star Travels,23:05,05h 55m,05:00,2.6,750,28,NON A/C Sleeper (2+1)
https://www.redbus.in/bus-tickets/hyderabad-to-vijayawada,Hyderabad to Vijayawada,V Kaveri Travels,22:20,06h 45m,05:05,2.2,650,31,Non A/C Seater / Sleeper (2+1)
https://www.redbus.in/bus-tickets/hyderabad-to-vijayawada,Hyderabad to Vijayawada,Komali Travels,22:10,05h 50m,04:00,2.7,570,28,A/C Seater / Sleeper (2+1)
https://www.redbus.in/bus-tickets/hyderabad-to-vijayawada,Hyderabad to Vijayawada,Rainbow Tours And Travels,18:55,07h 35m,02:30,2.5,390,27,Non A/C Seater / Sleeper (2+1)
https://www.redbus.in/bus-tickets/hyderabad-to-vijayawada,Hyderabad to Vijayawada,Mahi Trans Solutions,21:30,07h 00m,04:30,2.9,504,31,Non A/C Seater / Sleeper (2+1)
https://www.redbus.in/bus-tickets/hyderabad-to-vijayawada,Hyderabad to Vijayawada,Mahi Trans Solutions,21:35,06h 40m,04:15,2.9,801,34,Non A/C Seater / Sleeper (2+1)
https://www.redbus.in/bus-tickets/hyderabad-to-vijayawada,Hyderabad to Vijayawada,Shyamoli Paribahan Pvt Ltd,19:50,07h 40m,03:30,4.5,841,13,A/C Seater/Sleeper (2+1)
https://www.redbus.in/bus-tickets/hyderabad-to-vijayawada,Hyderabad to Vijayawada,KPM BUS,21:46,06h 29m,04:15,2.8,333,27,A/C Sleeper (2+1)
https://www.redbus.in/bus-tickets/hyderabad-to-vijayawada,Hyderabad to Vijayawada,Navayuga Travels,13:25,07h 45m,21:10,2.8,1390,24,Non A/C Seater / Sleeper (2+1)
https://www.redbus.in/bus-tickets/hyderabad-to-vijayawada,Hyderabad to Vijayawada,Siva Sankar Travels,22:05,05h 55m,04:00,2.7,664,31,A/C Seater / Sleeper (2+1)
https://www.redbus.in/bus-tickets/hyderabad-to-vijayawada,Hyderabad to Vijayawada,Morning Star Travels,22:20,05h 35m,03:55,2.7,1290,22,A/C Sleeper (2+1)
https://www.redbus.in/bus-tickets/hyderabad-to-vijayawada,Hyderabad to Vijayawada,KKaveri Travels,18:30,07h 30m,02:00,2.6,670,23,Non A/C Seater / Sleeper (2+1)
https://www.redbus.in/bus-tickets/hyderabad-to-vijayawada,Hyderabad to Vijayawada,Siri Tours and Travels,22:13,05h 47m,04:00,2.5,560,26,Non A/C Seater / Sleeper (2+1)
https://www.redbus.in/bus-tickets/hyderabad-to-vijayawada,Hyderabad to Vijayawada,Siri Tours and Travels,22:25,05h 55m,04:20,2.5,999,21,A/C Sleeper (2+1)
https://www.redbus.in/bus-tickets/hyderabad-to-vijayawada,Hyderabad to Vijayawada,Siri Tours and Travels,22:01,06h 14m,04:15,2.5,560,30,Non A/C Seater / Sleeper (2+1)
https://www.redbus.in/bus-tickets/hyderabad-to-vijayawada,Hyderabad to Vijayawada,Siri Tours and Travels,21:58,06h 17m,04:15,2.5,459,31,Non A/C Seater / Sleeper (2+1)
https://www.redbus.in/bus-tickets/hyderabad-to-vijayawada,Hyderabad to Vijayawada,KRT Tours and Travels,22:55,06h 25m,05:20,2.3,700,28,Scania AC Multi Axle Sleeper (2+1)
https://www.redbus.in/bus-tickets/hyderabad-to-vijayawada,Hyderabad to Vijayawada,Ajay Bus,21:50,07h 05m,04:55,2.2,540,29,A/C Seater / Sleeper (2+1)
https://www.redbus.in/bus-tickets/hyderabad-to-vijayawada,Hyderabad to Vijayawada,REDLINES TOURS AND TRAVELS,22:05,06h 25m,04:30,2.1,549,32,A/C Seater / Sleeper (2+1)
https://www.redbus.in/bus-tickets/hyderabad-to-vijayawada,Hyderabad to Vijayawada,Ajay Bus,21:50,06h 10m,04:00,2.2,610,29,Non A/C Seater / Sleeper (2+1)
https://www.redbus.in/bus-tickets/hyderabad-to-vijayawada,Hyderabad to Vijayawada,DMR Travels,21:16,06h 14m,03:30,1.7,900,30,A/C Sleeper (2+1)
https://www.redbus.in/bus-tickets/hyderabad-to-vijayawada,Hyderabad to Vijayawada,SVR Tours and Travels,15:15,06h 45m,22:00,2.9,890,4,A/C Seater / Sleeper (2+1)
https://www.redbus.in/bus-tickets/hyderabad-to-vijayawada,Hyderabad to Vijayawada,Komali Travels,22:10,06h 20m,04:30,3.8,532,29,Non A/C Seater / Sleeper (2+1)
https://www.redbus.in/bus-tickets/hyderabad-to-vijayawada,Hyderabad to Vijayawada,Mayuri Travels,14:38,06h 32m,21:10,3.7,1110,16,Non A/C Seater / Sleeper (2+1)
https://www.redbus.in/bus-tickets/hyderabad-to-vijayawada,Hyderabad to Vijayawada,Yolo Bus,22:46,06h 38m,05:24,3.6,1760,44,A/C Seater/Sleeper (2+1)
https://www.redbus.in/bus-tickets/hyderabad-to-vijayawada,Hyderabad to Vijayawada,Ajay Bus,21:50,06h 30m,04:20,2.2,540,30,A/C Seater / Sleeper (2+1)
https://www.redbus.in/bus-tickets/hyderabad-to-vijayawada,Hyderabad to Vijayawada,Sri Rama Travels,22:15,06h 00m,04:15,1.8,610,23,Non A/C Seater / Sleeper (2+1)
https://www.redbus.in/bus-tickets/karimnagar-to-hyderabad,Karimnagar to Hyderabad,IRA Transports,18:30,02h 05m,20:35,3.9,499,30,A/C Sleeper (2+1)
https://www.redbus.in/bus-tickets/karimnagar-to-hyderabad,Karimnagar to Hyderabad,Orange Tours and Travels,18:45,03h 20m,22:05,4.0,500,28,Scania AC Multi Axle Sleeper (2+1)
https://www.redbus.in/bus-tickets/karimnagar-to-hyderabad,Karimnagar to Hyderabad,Mythri Tours And Travels,18:40,02h 45m,21:25,4.6,1159,17,A/C Sleeper (2+1)
https://www.redbus.in/bus-tickets/karimnagar-to-hyderabad,Karimnagar to Hyderabad,IRA Transports,19:00,05h 00m,00:00,3.9,1199,25,VE A/C Sleeper (2+1)
https://www.redbus.in/bus-tickets/karimnagar-to-hyderabad,Karimnagar to Hyderabad,Tranzindia Travels,17:45,02h 45m,20:30,2.7,1350,19,VE A/C Sleeper (2+1)
https://www.redbus.in/bus-tickets/karimnagar-to-hyderabad,Karimnagar to Hyderabad,Dhanunjaya Travels,19:35,02h 25m,22:00,1.8,2000,26,A/C Sleeper (2+1)
https://www.redbus.in/bus-tickets/karimnagar-to-hyderabad,Karimnagar to Hyderabad,Harikrishna Travels,21:00,02h 59m,23:59,2.5,3799,32,Non A/C Seater / Sleeper (2+1)
https://www.redbus.in/bus-tickets/hyderabad-to-mancherial,Hyderabad to Mancherial,DNR Express,21:30,04h 30m,02:00,3.3,1000,24,AC Sleeper (2+1)
https://www.redbus.in/bus-tickets/hyderabad-to-mancherial,Hyderabad to Mancherial,IPS Bus Service,15:30,04h 50m,20:20,2.6,1000,30,NON A/C Sleeper (2+2)
https://www.redbus.in/bus-tickets/hyderabad-to-adilabad,Hyderabad to Adilabad,Orange Tours and Travels,18:00,05h 15m,23:15,3.9,550,46,Volvo Multi-Axle A/C (2+2)
https://www.redbus.in/bus-tickets/hyderabad-to-adilabad,Hyderabad to Adilabad,Sahara Tours and Travels,18:00,05h 15m,23:15,3.8,449,38,Bharat Benz A/C Seater (2+2)
https://www.redbus.in/bus-tickets/hyderabad-to-adilabad,Hyderabad to Adilabad,Savera Tours and Travels,22:15,07h 15m,05:30,3.8,594,15,NON A/C Sleeper (2+1)
https://www.redbus.in/bus-tickets/hyderabad-to-adilabad,Hyderabad to Adilabad,Sahara Tours and Travels,22:30,06h 15m,04:45,3.7,650,3,A/C Sleeper (2+1)
https://www.redbus.in/bus-tickets/hyderabad-to-adilabad,Hyderabad to Adilabad,Muskan Travels,21:30,08h 30m,06:00,3.4,495,24,NON A/C Semi Sleeper (2+2)
https://www.redbus.in/bus-tickets/hyderabad-to-adilabad,Hyderabad to Adilabad,MDK TOURS AND TRAVELS,22:00,07h 30m,05:30,3.2,399,32,Non A/C Seater / Sleeper (2+1)
https://www.redbus.in/bus-tickets/hyderabad-to-adilabad,Hyderabad to Adilabad,Metro Tours and Travels,22:15,07h 00m,05:15,3.4,585,20,NON A/C Sleeper (2+1)
https://www.redbus.in/bus-tickets/hyderabad-to-adilabad,Hyderabad to Adilabad,GDR Tours and Travels,18:00,05h 15m,23:15,3.0,400,44,Bharat Benz A/C Seater (2+2)
https://www.redbus.in/bus-tickets/hyderabad-to-adilabad,Hyderabad to Adilabad,Sahara Tours and Travels,22:00,06h 30m,04:30,3.1,450,24,Non AC Seater (2+2)
https://www.redbus.in/bus-tickets/hyderabad-to-adilabad,Hyderabad to Adilabad,Sitara Travels,22:00,07h 15m,05:15,3.3,399,35,NON A/C Airbus (2+2)
https://www.redbus.in/bus-tickets/hyderabad-to-adilabad,Hyderabad to Adilabad,Orange Tours and Travels,22:00,05h 45m,03:45,3.3,900,29,A/C Sleeper (2+1)
https://www.redbus.in/bus-tickets/hyderabad-to-adilabad,Hyderabad to Adilabad,Diamond Travels,22:30,06h 30m,05:00,3.5,400,24,NON A/C Seater (2+1)
https://www.redbus.in/bus-tickets/hyderabad-to-adilabad,Hyderabad to Adilabad,IntrCity SmartBus,22:55,06h 00m,04:55,3.8,749,16,AC Sleeper (2+1)
https://www.redbus.in/bus-tickets/hyderabad-to-adilabad,Hyderabad to Adilabad,Hans Travels (I) Private Limited,15:30,07h 00m,22:30,3.0,1200,13,Volvo 9600 Multi-Axle A/C Sleeper (2+1)
https://www.redbus.in/bus-tickets/hyderabad-to-adilabad,Hyderabad to Adilabad,Pooja Travels,20:45,07h 05m,03:50,3.7,760,22,A/C Sleeper (2+1)
https://www.redbus.in/bus-tickets/hyderabad-to-adilabad,Hyderabad to Adilabad,Pooja Travels,21:00,08h 10m,05:10,2.9,570,16,NON A/C Seater (2+2)
https://www.redbus.in/bus-tickets/hyderabad-to-adilabad,Hyderabad to Adilabad,Diamond Travels,21:30,06h 15m,03:45,2.6,1000,21,AC Sleeper (2+1)
https://www.redbus.in/bus-tickets/hyderabad-to-adilabad,Hyderabad to Adilabad,Kaleswari Travels,23:00,06h 15m,05:15,2.0,1891,8,Non A/C Seater / Sleeper (2+1)
https://www.redbus.in/bus-tickets/hyderabad-to-adilabad,Hyderabad to Adilabad,Orange Tours and Travels,22:00,05h 45m,03:45,2.3,1320,4,A/C Sleeper (2+1)
https://www.redbus.in/bus-tickets/hyderabad-to-adilabad,Hyderabad to Adilabad,Pooja Travels,22:00,07h 40m,05:40,2.2,760,19,NON A/C Sleeper (2+1)
https://www.redbus.in/bus-tickets/hyderabad-to-adilabad,Hyderabad to Adilabad,New Royal Travels (Raipur),12:10,06h 50m,19:00,1.2,905,32,VE A/C Sleeper (2+1)
https://www.redbus.in/bus-tickets/hyderabad-to-adilabad,Hyderabad to Adilabad,Zingbus Plus,22:45,05h 45m,04:30,4.4,565,25,VE A/C Sleeper (2+1)
https://www.redbus.in/bus-tickets/hyderabad-to-adilabad,Hyderabad to Adilabad,New Galaxy Travels,22:15,05h 45m,04:00,3.2,4500,30,A/C Sleeper (2+1)
https://www.redbus.in/bus-tickets/hyderabad-to-adilabad,Hyderabad to Adilabad,Saini Travels Pvt. Ltd.,22:00,05h 00m,03:00,4.0,2000,36,Bharat Benz A/C Sleeper (2+1)
https://www.redbus.in/bus-tickets/hyderabad-to-adilabad,Hyderabad to Adilabad,Saini Travels Pvt. Ltd.,22:30,05h 00m,03:30,4.0,1100,19,Volvo 9600 Multi-Axle A/C Sleeper (2+1)
https://www.redbus.in/bus-tickets/hyderabad-to-adilabad,Hyderabad to Adilabad,Vijayant Travels,21:40,05h 30m,03:10,4.0,899,24,Volvo 9600 Multi-Axle A/C Sleeper (2+1)
https://www.redbus.in/bus-tickets/hyderabad-to-adilabad,Hyderabad to Adilabad,Vijayant Travels,21:45,05h 30m,03:15,4.0,800,22,A/C Sleeper (2+1)
https://www.redbus.in/bus-tickets/hyderabad-to-adilabad,Hyderabad to Adilabad,Saini Travels Pvt. Ltd.,22:10,05h 00m,03:10,4.0,1000,21,Volvo Multi Axle Sleeper B11R (2+1)
https://www.redbus.in/bus-tickets/hyderabad-to-adilabad,Hyderabad to Adilabad,Saini Travels Pvt. Ltd.,21:30,05h 45m,03:15,4.0,904,18,A/C Sleeper (2+1)
https://www.redbus.in/bus-tickets/hyderabad-to-adilabad,Hyderabad to Adilabad,JAI MARUTHI TRAVELS,23:00,05h 45m,04:45,3.9,1300,29,Volvo Multi Axle A/C Sleeper I-Shift B11R (2+1)
https://www.redbus.in/bus-tickets/hyderabad-to-adilabad,Hyderabad to Adilabad,DNR Express,21:40,05h 45m,03:25,3.4,2000,36,Bharat Benz A/C Sleeper (2+1)
https://www.redbus.in/bus-tickets/hyderabad-to-adilabad,Hyderabad to Adilabad,Shree Khurana Shabrij Travels,22:30,04h 45m,03:15,3.1,1200,10,A/C Sleeper (2+1)
https://www.redbus.in/bus-tickets/hyderabad-to-adilabad,Hyderabad to Adilabad,SRS Travels,22:00,05h 30m,03:30,3.2,1300,22,A/C Sleeper (2+1)
https://www.redbus.in/bus-tickets/hyderabad-to-adilabad,Hyderabad to Adilabad,Pooja Travels,20:00,08h 35m,04:35,2.9,760,18,A/C Sleeper (2+1)
https://www.redbus.in/bus-tickets/hyderabad-to-adilabad,Hyderabad to Adilabad,Muskan Travels,22:15,07h 15m,05:30,2.1,720,17,NON A/C Sleeper (2+1)
https://www.redbus.in/bus-tickets/hyderabad-to-adilabad,Hyderabad to Adilabad,ARB Express,22:15,05h 10m,03:25,2.9,1199,30,Bharat Benz A/C Sleeper (2+1)
https://www.redbus.in/bus-tickets/hyderabad-to-adilabad,Hyderabad to Adilabad,Ashirwad Travels,20:30,05h 00m,01:30,4.3,1600,9,AC Sleeper (2+1)
https://www.redbus.in/bus-tickets/hyderabad-to-adilabad,Hyderabad to Adilabad,Dhanunjaya Travels,20:45,05h 45m,02:30,1.8,3000,24,A/C Sleeper (2+1)
https://www.redbus.in/bus-tickets/hyderabad-to-adilabad,Hyderabad to Adilabad,Dhanunjaya Travels,20:15,06h 15m,02:30,1.8,5000,36,Volvo 9600 Multi-Axle A/C Sleeper (2+1)
https://www.redbus.in/bus-tickets/hyderabad-to-adilabad,Hyderabad to Adilabad,Travel Point World LLP,09:30,05h 05m,14:35,1.7,2202,17,A/C Seater / Sleeper (2+2)
https://www.redbus.in/bus-tickets/hyderabad-to-adilabad,Hyderabad to Adilabad,New Royal Travels (Raipur),20:00,06h 00m,02:00,1.2,1429,25,A/C Sleeper (2+1)
https://www.redbus.in/bus-tickets/hyderabad-to-adilabad,Hyderabad to Adilabad,New Royal Travels (Raipur),17:30,05h 30m,23:00,1.2,1260,19,Bharat Benz A/C Sleeper (2+1)
https://www.redbus.in/bus-tickets/hyderabad-to-adilabad,Hyderabad to Adilabad,Royal Travels (Raipur),15:15,05h 45m,21:00,1.2,1238,28,A/C Sleeper (2+1)
https://www.redbus.in/bus-tickets/hyderabad-to-adilabad,Hyderabad to Adilabad,DNR Express,18:30,07h 15m,01:45,3.4,1428.57,36,AC Sleeper (2+1)
https://www.redbus.in/bus-tickets/hyderabad-to-adilabad,Hyderabad to Adilabad,DNR Express,22:40,05h 45m,04:25,3.4,2000,36,AC Sleeper (2+1)
https://www.redbus.in/bus-tickets/hyderabad-to-adilabad,Hyderabad to Adilabad,Shree Savariya Travels & Transport,23:00,05h 40m,04:40,3.0,3499,8,A/C Seater/Sleeper (2+1)
https://www.redbus.in/bus-tickets/hyderabad-to-adilabad,Hyderabad to Adilabad,Pooja Travels (Nagpur),22:00,07h 00m,05:00,2.8,1710,14,Mercedes Benz A/C Sleeper (2+1)
https://www.redbus.in/bus-tickets/hyderabad-to-adilabad,Hyderabad to Adilabad,Dhanunjaya Travels,20:30,06h 00m,02:30,1.8,5000,6,A/C Sleeper (2+1)
https://www.redbus.in/bus-tickets/hyderabad-to-nirmal,Hyderabad to Nirmal,Sahara Tours and Travels,18:00,03h 45m,21:45,3.8,449,38,Bharat Benz A/C Seater (2+2)
https://www.redbus.in/bus-tickets/hyderabad-to-nirmal,Hyderabad to Nirmal,MDK TOURS AND TRAVELS,22:00,05h 00m,03:00,3.1,399,34,Non A/C Seater / Sleeper (2+1)
https://www.redbus.in/bus-tickets/hyderabad-to-nirmal,Hyderabad to Nirmal,GDR Tours and Travels,18:00,04h 00m,22:00,2.4,400,44,Bharat Benz A/C Seater (2+2)
https://www.redbus.in/bus-tickets/hyderabad-to-nirmal,Hyderabad to Nirmal,Sitara Travels,22:00,06h 15m,04:15,2.7,399,35,NON A/C Airbus (2+2)
https://www.redbus.in/bus-tickets/hyderabad-to-nirmal,Hyderabad to Nirmal,New Royal Travels (Raipur),12:10,05h 45m,17:55,3.6,905,32,VE A/C Sleeper (2+1)
https://www.redbus.in/bus-tickets/hyderabad-to-nirmal,Hyderabad to Nirmal,Royal Travels (Raipur),15:15,04h 45m,20:00,3.6,1238,17,A/C Sleeper (2+1)
https://www.redbus.in/bus-tickets/hyderabad-to-nirmal,Hyderabad to Nirmal,New Royal Travels (Raipur),17:30,04h 15m,21:45,3.6,1260,19,Bharat Benz A/C Sleeper (2+1)
https://www.redbus.in/bus-tickets/hyderabad-to-nirmal,Hyderabad to Nirmal,Orange Tours and Travels,18:00,04h 00m,22:00,3.1,500,46,Volvo Multi-Axle A/C (2+2)
https://www.redbus.in/bus-tickets/hyderabad-to-nirmal,Hyderabad to Nirmal,Orange Tours and Travels,18:00,05h 15m,23:15,3.4,900,27,Bharat Benz A/C Sleeper (2+1)
https://www.redbus.in/bus-tickets/hyderabad-to-nirmal,Hyderabad to Nirmal,New Royal Travels (Raipur),20:00,04h 45m,00:45,3.6,1429,24,A/C Sleeper (2+1)
https://www.redbus.in/bus-tickets/hyderabad-to-nirmal,Hyderabad to Nirmal,Saini Travels Pvt. Ltd.,22:00,04h 00m,02:00,4.0,2000,36,Bharat Benz A/C Sleeper (2+1)
https://www.redbus.in/bus-tickets/hyderabad-to-nirmal,Hyderabad to Nirmal,Ameena Travels,22:00,05h 00m,03:00,4.4,855,19,A/C Sleeper (2+1)
https://www.redbus.in/bus-tickets/hyderabad-to-nirmal,Hyderabad to Nirmal,Orange Tours and Travels,22:00,04h 00m,02:00,4.2,850,29,A/C Sleeper (2+1)
https://www.redbus.in/bus-tickets/hyderabad-to-nirmal,Hyderabad to Nirmal,Mahadev Bus Service,22:00,03h 00m,01:00,3.5,2000,41,Non A/C Seater / Sleeper (2+1)
https://www.redbus.in/bus-tickets/hyderabad-to-nirmal,Hyderabad to Nirmal,Saini Travels Pvt. Ltd.,22:10,04h 00m,02:10,4.0,1000,17,Volvo Multi Axle Sleeper B11R (2+1)
https://www.redbus.in/bus-tickets/hyderabad-to-nirmal,Hyderabad to Nirmal,Savera Tours and Travels,22:15,06h 00m,04:15,3.7,594,17,NON A/C Sleeper (2+1)
https://www.redbus.in/bus-tickets/hyderabad-to-nirmal,Hyderabad to Nirmal,Muskan Travels,22:15,03h 45m,02:00,3.5,720,19,NON A/C Sleeper (2+1)
https://www.redbus.in/bus-tickets/hyderabad-to-nirmal,Hyderabad to Nirmal,Ameena Travels,22:25,04h 35m,03:00,4.4,810,30,A/C Sleeper (2+1)
https://www.redbus.in/bus-tickets/hyderabad-to-nirmal,Hyderabad to Nirmal,Saini Travels Pvt. Ltd.,22:30,04h 00m,02:30,4.0,1300,41,Volvo 9600 Multi-Axle A/C Sleeper (2+1)
https://www.redbus.in/bus-tickets/hyderabad-to-nirmal,Hyderabad to Nirmal,Shree Savariya Travels & Transport,23:00,04h 20m,03:20,3.0,3499,8,A/C Seater/Sleeper (2+1)
https://www.redbus.in/bus-tickets/hyderabad-to-nirmal,Hyderabad to Nirmal,Travel Point World LLP,09:30,04h 55m,14:25,1.7,2202,17,A/C Seater / Sleeper (2+2)
https://www.redbus.in/bus-tickets/hyderabad-to-nirmal,Hyderabad to Nirmal,Pooja Travels,20:00,06h 30m,02:30,2.2,760,18,A/C Sleeper (2+1)
https://www.redbus.in/bus-tickets/hyderabad-to-nirmal,Hyderabad to Nirmal,Pooja Travels,20:45,07h 30m,04:15,2.2,760,22,A/C Sleeper (2+1)
https://www.redbus.in/bus-tickets/hyderabad-to-nirmal,Hyderabad to Nirmal,Pooja Travels,21:00,05h 00m,02:00,2.2,570,17,NON A/C Seater (2+2)
https://www.redbus.in/bus-tickets/hyderabad-to-nirmal,Hyderabad to Nirmal,Shri Mahadev (f.d.m),21:50,06h 00m,03:50,1.5,2550,32,NON A/C Sleeper (2+1)
https://www.redbus.in/bus-tickets/hyderabad-to-nirmal,Hyderabad to Nirmal,Pooja Travels,22:00,04h 30m,02:30,2.2,760,22,NON A/C Sleeper (2+1)
https://www.redbus.in/bus-tickets/hyderabad-to-nirmal,Hyderabad to Nirmal,Pooja Travels (Nagpur),22:00,05h 15m,03:15,2.2,1710,14,Mercedes Benz A/C Sleeper (2+1)
https://www.redbus.in/bus-tickets/hyderabad-to-nirmal,Hyderabad to Nirmal,Metro Tours and Travels,22:15,06h 00m,04:15,2.7,585,30,NON A/C Sleeper (2+1)
https://www.redbus.in/bus-tickets/hyderabad-to-nirmal,Hyderabad to Nirmal,ARB Express,22:15,03h 40m,01:55,2.9,1199,30,Bharat Benz A/C Sleeper (2+1)
https://www.redbus.in/bus-tickets/hyderabad-to-karimnagar,Hyderabad to Karimnagar,IPS Bus Service,15:30,03h 10m,18:40,2.6,1000,30,NON A/C Sleeper (2+2)
https://www.redbus.in/bus-tickets/hyderabad-to-karimnagar,Hyderabad to Karimnagar,DNR Express,21:30,02h 29m,23:59,1.7,1000,25,AC Sleeper (2+1)
https://www.redbus.in/bus-tickets/hyderabad-to-karimnagar,Hyderabad to Karimnagar,Bhumi travels,22:00,05h 00m,03:00,2.1,2000,36,AC Seater (2+2)
https://www.redbus.in/bus-tickets/hyderabad-to-karimnagar,Hyderabad to Karimnagar,Shree Saipooja Travels,23:10,03h 20m,02:30,2.6,3000,42,A/C Seater/Sleeper (2+1)
https://www.redbus.in/bus-tickets/kothagudem-to-hyderabad,Kothagudem to Hyderabad,BSR Tours And Travels,23:30,06h 30m,06:00,4.7,980,22,Volvo Multi-Axle A/C Sleeper (2+1)
https://www.redbus.in/bus-tickets/kothagudem-to-hyderabad,Kothagudem to Hyderabad,BSR Tours And Travels,23:15,06h 45m,06:00,4.7,780,10,A/C Sleeper (2+1)
https://www.redbus.in/bus-tickets/kothagudem-to-hyderabad,Kothagudem to Hyderabad,Bharathi Tours & Travels,23:00,06h 30m,05:30,4.8,790,25,A/C Sleeper (2+1)
https://www.redbus.in/bus-tickets/kothagudem-to-hyderabad,Kothagudem to Hyderabad,SAIRAJ TRAVELS,23:00,06h 30m,05:30,4.8,800,8,A/C Sleeper (2+1)
https://www.redbus.in/bus-tickets/kothagudem-to-hyderabad,Kothagudem to Hyderabad,Bharathi Tours & Travels,23:10,05h 50m,05:00,3.9,500,23,Non A/C Seater / Sleeper (2+1)
https://www.redbus.in/bus-tickets/kothagudem-to-hyderabad,Kothagudem to Hyderabad,VSR Tours and Travels,23:30,06h 30m,06:00,3.9,764,18,A/C Sleeper (2+1)
https://www.redbus.in/bus-tickets/kothagudem-to-hyderabad,Kothagudem to Hyderabad,Bharathi Tours & Travels,23:25,05h 35m,05:00,4.0,890,15,A/C Sleeper (2+1)
https://www.redbus.in/bus-tickets/kothagudem-to-hyderabad,Kothagudem to Hyderabad,Bharathi Tours & Travels,23:00,06h 00m,05:00,4.4,500,25,Non A/C Seater / Sleeper (2+1)
https://www.redbus.in/bus-tickets/kothagudem-to-hyderabad,Kothagudem to Hyderabad,SAIRAJ TRAVELS,23:00,07h 15m,06:15,4.8,670,10,A/C Seater / Sleeper (2+1)
https://www.redbus.in/bus-tickets/kothagudem-to-hyderabad,Kothagudem to Hyderabad,Morning Star Travels,23:30,05h 05m,04:35,3.2,1090,30,A/C Sleeper (2+1)
https://www.redbus.in/bus-tickets/kothagudem-to-hyderabad,Kothagudem to Hyderabad,Nani’s Sai Krishna Travels,23:09,05h 51m,05:00,2.9,500,31,Non A/C Seater / Sleeper (2+1)
https://www.redbus.in/bus-tickets/kothagudem-to-hyderabad,Kothagudem to Hyderabad,YASHWANTH BUS,23:10,05h 50m,05:00,2.7,450,29,Non A/C Seater / Sleeper (2+1)
https://www.redbus.in/bus-tickets/kothagudem-to-hyderabad,Kothagudem to Hyderabad,MAHABAHUSRIKVRTRAVELS,01:30,05h 15m,06:45,3.1,1093,24,A/C Seater / Sleeper (2+1)
https://www.redbus.in/bus-tickets/kothagudem-to-hyderabad,Kothagudem to Hyderabad,MAHABAHUSRIKVRTRAVELS,01:30,04h 30m,06:00,2.2,950,26,Non A/C Seater / Sleeper (2+1)
https://www.redbus.in/bus-tickets/kothagudem-to-hyderabad,Kothagudem to Hyderabad,Morning Star Travels,16:25,05h 20m,21:45,2.4,690,16,A/C Sleeper (2+1)
https://www.redbus.in/bus-tickets/kothagudem-to-hyderabad,Kothagudem to Hyderabad,Shyamoli Paribahan Pvt Ltd,16:50,06h 20m,23:10,4.2,1188,11,A/C Sleeper (2+1)
https://www.redbus.in/bus-tickets/kothagudem-to-hyderabad,Kothagudem to Hyderabad,Morning Star Travels,23:05,05h 40m,04:45,3.1,1090,27,A/C Sleeper (2+1)
https://www.redbus.in/bus-tickets/hyderabad-to-kothagudem,Hyderabad to Kothagudem,BSR Tours And Travels,22:00,06h 30m,04:30,4.7,680,6,A/C Sleeper (2+1)
https://www.redbus.in/bus-tickets/hyderabad-to-kothagudem,Hyderabad to Kothagudem,BSR Tours And Travels,22:00,06h 30m,04:30,4.5,880,16,Volvo Multi-Axle A/C Sleeper (2+1)
https://www.redbus.in/bus-tickets/hyderabad-to-kothagudem,Hyderabad to Kothagudem,Bharathi Tours & Travels,21:20,08h 10m,05:30,4.3,500,23,Non A/C Seater / Sleeper (2+1)
https://www.redbus.in/bus-tickets/hyderabad-to-kothagudem,Hyderabad to Kothagudem,VSR Tours and Travels,23:00,05h 50m,04:50,4.3,719,18,A/C Sleeper (2+1)
https://www.redbus.in/bus-tickets/hyderabad-to-kothagudem,Hyderabad to Kothagudem,SAIRAJ TRAVELS,22:15,06h 45m,05:00,4.4,700,14,A/C Sleeper (2+1)
https://www.redbus.in/bus-tickets/hyderabad-to-kothagudem,Hyderabad to Kothagudem,Bharathi Tours & Travels,22:20,06h 30m,04:50,4.1,790,17,A/C Sleeper (2+1)
https://www.redbus.in/bus-tickets/hyderabad-to-kothagudem,Hyderabad to Kothagudem,Bharathi Tours & Travels,22:20,07h 35m,05:55,3.8,500,12,Non A/C Seater / Sleeper (2+1)
https://www.redbus.in/bus-tickets/hyderabad-to-kothagudem,Hyderabad to Kothagudem,Bharathi Tours & Travels,21:20,08h 10m,05:30,4.2,790,21,A/C Sleeper (2+1)
https://www.redbus.in/bus-tickets/hyderabad-to-kothagudem,Hyderabad to Kothagudem,YASHWANTH BUS,21:30,07h 21m,04:51,4.6,450,15,Non A/C Seater / Sleeper (2+1)
https://www.redbus.in/bus-tickets/hyderabad-to-kothagudem,Hyderabad to Kothagudem,Morning Star Travels,22:50,05h 40m,04:30,3.4,890,27,A/C Sleeper (2+1)
https://www.redbus.in/bus-tickets/hyderabad-to-kothagudem,Hyderabad to Kothagudem,SAIRAJ TRAVELS,22:15,06h 45m,05:00,3.9,600,25,A/C Seater / Sleeper (2+1)
https://www.redbus.in/bus-tickets/hyderabad-to-kothagudem,Hyderabad to Kothagudem,Nani’s Sai Krishna Travels,22:20,06h 40m,05:00,3.1,500,35,Non A/C Seater / Sleeper (2+1)
https://www.redbus.in/bus-tickets/hyderabad-to-kothagudem,Hyderabad to Kothagudem,MAHABAHUSRIKVRTRAVELS,16:00,07h 30m,23:30,1.8,808,36,Non A/C Seater / Sleeper (2+1)
https://www.redbus.in/bus-tickets/hyderabad-to-kothagudem,Hyderabad to Kothagudem,Gupta Travels Galaxy,18:00,05h 45m,23:45,1.0,500,49,NON A/C Seater / Sleeper (2+2)
https://www.redbus.in/bus-tickets/hyderabad-to-kothagudem,Hyderabad to Kothagudem,Morning Star Travels,23:20,05h 00m,04:20,3.1,890,28,A/C Sleeper (2+1)
https://www.redbus.in/bus-tickets/hyderabad-to-kothagudem,Hyderabad to Kothagudem,Gupta Travels Galaxy,21:00,06h 45m,03:45,1.0,600,39,A/C Seater / Sleeper (2+2)
https://www.redbus.in/bus-tickets/hyderabad-to-kothagudem,Hyderabad to Kothagudem,Gupta Travels Galaxy,17:15,04h 30m,21:45,1.0,1000,3,VE A/C Sleeper (2+1)
https://www.redbus.in/bus-tickets/hyderabad-to-kothagudem,Hyderabad to Kothagudem,Maa Bankeshwari -Gupta Travels Galaxy,19:15,05h 45m,01:00,1.0,400,50,NON A/C Seater / Sleeper (2+2)
https://www.redbus.in/bus-tickets/hyderabad-to-sathupalli,Hyderabad to Sathupally,Mozo travels,22:40,06h 25m,05:05,4.3,550,24,A/C Seater / Sleeper (2+1)
https://www.redbus.in/bus-tickets/hyderabad-to-sathupalli,Hyderabad to Sathupally,Sri Venkateswara Travels,22:30,06h 30m,05:00,3.9,450,20,Non A/C Seater / Sleeper (2+1)
https://www.redbus.in/bus-tickets/hyderabad-to-sathupalli,Hyderabad to Sathupally,Sri KVR Travels,22:00,06h 50m,04:50,4.5,1150,17,A/C Sleeper (2+1)
https://www.redbus.in/bus-tickets/hyderabad-to-sathupalli,Hyderabad to Sathupally,Bharathi Tours & Travels,21:20,07h 40m,05:00,4.1,500,22,Non A/C Seater / Sleeper (2+1)
https://www.redbus.in/bus-tickets/hyderabad-to-sathupalli,Hyderabad to Sathupally,Sri Krishna Travels(VGN),20:40,08h 20m,05:00,3.9,450,22,NON A/C Hi-Tech (2+2)
https://www.redbus.in/bus-tickets/hyderabad-to-sathupalli,Hyderabad to Sathupally,Mythri Tours And Travels,23:00,05h 15m,04:15,4.1,809,13,A/C Sleeper (2+1)
https://www.redbus.in/bus-tickets/hyderabad-to-sathupalli,Hyderabad to Sathupally,Sri KVR Travels,22:00,06h 45m,04:45,3.4,500,26,Non A/C Seater / Sleeper (2+1)
https://www.redbus.in/bus-tickets/hyderabad-to-sathupalli,Hyderabad to Sathupally,SBS Tours and Travels,20:30,07h 30m,04:00,4.5,555,23,Non A/C Seater / Sleeper (2+1)
https://www.redbus.in/bus-tickets/hyderabad-to-sathupalli,Hyderabad to Sathupally,Sri Sai Balaji Travels,22:20,06h 10m,04:30,4.4,889,25,A/C Sleeper (2+1)
https://www.redbus.in/bus-tickets/hyderabad-to-sathupalli,Hyderabad to Sathupally,KVR Tours and Travels,21:30,07h 30m,05:00,3.9,485,29,A/C Seater / Sleeper (2+1)
https://www.redbus.in/bus-tickets/hyderabad-to-sathupalli,Hyderabad to Sathupally,Seshadri Travels,21:30,07h 00m,04:30,3.5,333,26,A/C Seater / Sleeper (2+1)
https://www.redbus.in/bus-tickets/hyderabad-to-sathupalli,Hyderabad to Sathupally,Tirumala Travels,22:00,07h 15m,05:15,4.6,489,23,A/C Seater / Sleeper (2+1)
https://www.redbus.in/bus-tickets/hyderabad-to-sathupalli,Hyderabad to Sathupally,Sri Krishna Travels,22:00,06h 00m,04:00,4.4,1400,28,Volvo Multi-Axle A/C Sleeper (2+1)
https://www.redbus.in/bus-tickets/hyderabad-to-sathupalli,Hyderabad to Sathupally,Sri Rama Travels,21:30,07h 00m,04:30,4.5,666,32,A/C Seater / Sleeper (2+1)
https://www.redbus.in/bus-tickets/hyderabad-to-sathupalli,Hyderabad to Sathupally,MR Travels,21:30,07h 00m,04:30,4.3,1000,19,A/C Sleeper (2+1)
https://www.redbus.in/bus-tickets/hyderabad-to-sathupalli,Hyderabad to Sathupally,Hanuman Travels,22:30,06h 30m,05:00,3.4,618,32,A/C Seater / Sleeper (2+1)
https://www.redbus.in/bus-tickets/hyderabad-to-sathupalli,Hyderabad to Sathupally,Morning Star Travels,22:25,06h 25m,04:50,3.6,990,31,A/C Sleeper (2+1)
https://www.redbus.in/bus-tickets/hyderabad-to-sathupalli,Hyderabad to Sathupally,KVR Tours and Travels,20:00,07h 01m,03:01,2.9,618,24,A/C Sleeper (2+1)
https://www.redbus.in/bus-tickets/hyderabad-to-sathupalli,Hyderabad to Sathupally,KVR Tours and Travels,21:00,08h 00m,05:00,1.5,417,29,Non A/C Seater / Sleeper (2+1)
https://www.redbus.in/bus-tickets/hyderabad-to-sathupalli,Hyderabad to Sathupally,Sri Krishna Travels,19:00,06h 00m,01:00,2.2,1600,23,A/C Sleeper (2+1)
https://www.redbus.in/bus-tickets/hyderabad-to-sathupalli,Hyderabad to Sathupally,Jayanthi Travels,20:30,07h 00m,03:30,4.2,999,35,A/C Sleeper (2+1)
https://www.redbus.in/bus-tickets/hyderabad-to-sathupalli,Hyderabad to Sathupally,Puri Jagannadh Tours And Travels,19:05,07h 55m,03:00,3.9,555,40,Non A/C Seater / Sleeper (2+1)
https://www.redbus.in/bus-tickets/hyderabad-to-sathupalli,Hyderabad to Sathupally,Sri Krishna Travels(VGN),20:35,08h 45m,05:20,3.8,560,26,Non A/C Seater / Sleeper (2+1)
https://www.redbus.in/bus-tickets/hyderabad-to-sathupalli,Hyderabad to Sathupally,Sri Krishna Travels,17:30,06h 00m,23:30,3.8,900,26,Non A/C Seater / Sleeper (2+1)
https://www.redbus.in/bus-tickets/hyderabad-to-sathupalli,Hyderabad to Sathupally,Mahadevv travels,22:00,05h 30m,03:30,3.5,379,19,Non A/C Seater / Sleeper (2+1)
https://www.redbus.in/bus-tickets/hyderabad-to-sathupalli,Hyderabad to Sathupally,Siri Tours and Travels,21:50,06h 10m,04:00,3.5,560,26,Non A/C Seater / Sleeper (2+1)
https://www.redbus.in/bus-tickets/hyderabad-to-sathupalli,Hyderabad to Sathupally,Siri Tours and Travels,18:30,07h 35m,02:05,3.5,610,23,A/C Seater / Sleeper (2+1)
https://www.redbus.in/bus-tickets/hyderabad-to-sathupalli,Hyderabad to Sathupally,DMR Travels,20:20,07h 40m,04:00,3.2,1299,30,A/C Sleeper (2+1)
https://www.redbus.in/bus-tickets/hyderabad-to-sathupalli,Hyderabad to Sathupally,SVN TOURS & TRAVELS,22:15,06h 35m,04:50,3.1,903,23,A/C Semi Sleeper / Sleeper (2+1)
https://www.redbus.in/bus-tickets/hyderabad-to-sathupalli,Hyderabad to Sathupally,Sri Rama Travels,21:30,07h 00m,04:30,4.5,666,21,A/C Seater / Sleeper (2+1)
https://www.redbus.in/bus-tickets/hyderabad-to-sathupalli,Hyderabad to Sathupally,Siva Sankar Travels,20:45,07h 45m,04:30,2.7,664,37,A/C Seater / Sleeper (3+1)
https://www.redbus.in/bus-tickets/hyderabad-to-sathupalli,Hyderabad to Sathupally,SRI VEERANJANEYA TOURS AND TRAVELS,21:00,07h 40m,04:40,1.9,3000,45,NON A/C Semi Sleeper (2+2)
https://www.redbus.in/bus-tickets/hyderabad-to-sathupalli,Hyderabad to Sathupally,Sri Krishna Travels,19:30,05h 30m,01:00,3.8,900,28,Non A/C Seater / Sleeper (2+1)
https://www.redbus.in/bus-tickets/hyderabad-to-sathupalli,Hyderabad to Sathupally,Sri KVR Travels,20:30,08h 00m,04:30,3.8,2222,41,A/C Seater / Sleeper (2+1)
https://www.redbus.in/bus-tickets/hyderabad-to-sathupalli,Hyderabad to Sathupally,Sri Krishna Travels(VGN),20:40,08h 20m,05:00,3.8,699,15,A/C Sleeper (2+1)
https://www.redbus.in/bus-tickets/hyderabad-to-sathupalli,Hyderabad to Sathupally,KVR Tours and Travels,21:30,07h 30m,05:00,3.5,2850,36,Non A/C Seater / Sleeper (2+1)
https://www.redbus.in/bus-tickets/hyderabad-to-sathupalli,Hyderabad to Sathupally,Sri Srinivasa Buses,21:40,06h 10m,03:50,2.5,415,25,Non A/C Seater / Sleeper (2+1)
https://www.redbus.in/bus-tickets/hyderabad-to-sathupalli,Hyderabad to Sathupally,SRI VEERANJANEYA TOURS AND TRAVELS,21:00,07h 40m,04:40,1.9,3000,30,A/C Sleeper (2+1)
https://www.redbus.in/bus-tickets/kolkata-to-digha,Kolkata to Digha,Express Line,09:20,02h 35m,11:55,4.2,299,25,Volvo 9600 Multi Axle Semi-Sleeper (2+2)
https://www.redbus.in/bus-tickets/kolkata-to-digha,Kolkata to Digha,Bhorpet Travels,23:50,04h 10m,04:00,4.6,500,32,A/C Seater/Sleeper (2+1)
https://www.redbus.in/bus-tickets/kolkata-to-digha,Kolkata to Digha,Sagufta Travels (Kojagor),15:50,04h 30m,20:20,2.1,315,8,A/C Seater (2+3)
https://www.redbus.in/bus-tickets/digha-to-kolkata,Digha to Kolkata,Shyamoli Paribahan Pvt Ltd,13:45,05h 10m,18:55,4.4,400,13,VE A/C Seater (2+2)
https://www.redbus.in/bus-tickets/digha-to-kolkata,Digha to Kolkata,Mayuri Express,10:30,05h 00m,15:30,3.9,350,13,AC Seater (2+2)
https://www.redbus.in/bus-tickets/digha-to-kolkata,Digha to Kolkata,Mayuri Express,11:15,04h 45m,16:00,3.9,300,30,A/C Seater (2+3)
https://www.redbus.in/bus-tickets/digha-to-kolkata,Digha to Kolkata,Bhorpet Travels,09:20,04h 40m,14:00,4.4,700,14,A/C Seater/Sleeper (2+1)
https://www.redbus.in/bus-tickets/digha-to-kolkata,Digha to Kolkata,Monikanchan Bus Service,12:50,04h 10m,17:00,3.6,375,9,A/C Seater (2+3)
https://www.redbus.in/bus-tickets/digha-to-kolkata,Digha to Kolkata,Snemita Paribahan (Shinjini),23:35,04h 40m,04:15,2.3,420,16,AC Seater (2+3)
https://www.redbus.in/bus-tickets/digha-to-kolkata,Digha to Kolkata,Ankita Paribahan(Atithi),12:15,04h 30m,16:45,1.9,315,39,A/C Seater Push Back (2+3)
https://www.redbus.in/bus-tickets/digha-to-kolkata,Digha to Kolkata,Snemita Paribahan (SHINJINI),11:15,04h 30m,15:45,3.0,420,6,A/C Seater (2+3)
https://www.redbus.in/bus-tickets/digha-to-kolkata,Digha to Kolkata,Snemita Paribahan(Maa Chandi),12:10,04h 35m,16:45,1.7,420,29,A/C Push Back (2+3)
https://www.redbus.in/bus-tickets/digha-to-kolkata,Digha to Kolkata,Bengal Surface Transport,10:50,04h 50m,15:40,3.0,399,27,A/C Seater Push Back (2+3)
https://www.redbus.in/bus-tickets/digha-to-kolkata,Digha to Kolkata,City Express (Shinjini),11:15,04h 35m,15:50,2.7,420,10,AC Seater (2+3)
https://www.redbus.in/bus-tickets/digha-to-kolkata,Digha to Kolkata,Subhadip Travels(Narayan),12:20,04h 40m,17:00,2.2,378,54,A/C Executive (2+3)
https://www.redbus.in/bus-tickets/digha-to-kolkata,Digha to Kolkata,Subhadip Travels(Jahnabi),09:40,05h 00m,14:40,2.2,468,6,A/C Executive (2+3)
https://www.redbus.in/bus-tickets/digha-to-kolkata,Digha to Kolkata,Subhadip Travels(Kojagor),10:45,04h 45m,15:30,2.2,378,24,A/C Seater (2+3)
https://www.redbus.in/bus-tickets/digha-to-barasat-west-bengal,Digha to Barasat (West Bengal),SBSTC-DIGHA - BARASAT - 14:20 (DIGHA DEPOT) - BARASAT 3-U /14-20,14:20,04h 59m,19:19,4.6,170,38,Express(Non AC Seater)
https://www.redbus.in/bus-tickets/digha-to-barasat-west-bengal,Digha to Barasat (West Bengal),City Express,11:35,05h 21m,16:56,3.3,420,3,AC Seater (2+3)
https://www.redbus.in/bus-tickets/digha-to-barasat-west-bengal,Digha to Barasat (West Bengal),Vishwakarma Travels,13:45,05h 10m,18:55,3.0,310,40,AC Seater (2+3)
https://www.redbus.in/bus-tickets/digha-to-barasat-west-bengal,Digha to Barasat (West Bengal),Ankita Paribahan,14:45,05h 40m,20:25,3.0,405,41,A/C Seater Push Back (2+3)
https://www.redbus.in/bus-tickets/digha-to-barasat-west-bengal,Digha to Barasat (West Bengal),Arya Paribahan,14:55,05h 05m,20:00,4.9,350,30,AC Seater (2+3)
https://www.redbus.in/bus-tickets/digha-to-barasat-west-bengal,Digha to Barasat (West Bengal),The Joy Ride,21:15,06h 20m,03:35,3.6,650,46,A/C Seater / Sleeper (2+2)
https://www.redbus.in/bus-tickets/digha-to-barasat-west-bengal,Digha to Barasat (West Bengal),Aradhana Bus Service,09:25,07h 26m,16:51,2.1,600,51,A/C Seater / Sleeper (2+2)
https://www.redbus.in/bus-tickets/digha-to-barasat-west-bengal,Digha to Barasat (West Bengal),Rudraksha City Service,13:00,05h 26m,18:26,2.1,400,60,A/C Seater (2+3)
https://www.redbus.in/bus-tickets/digha-to-barasat-west-bengal,Digha to Barasat (West Bengal),Aradhana Bus Service,16:50,06h 40m,23:30,2.1,350,54,Non AC Seater (2+3)
https://www.redbus.in/bus-tickets/digha-to-barasat-west-bengal,Digha to Barasat (West Bengal),Aradhana Travel,18:35,05h 20m,23:55,1.0,600,18,A/C Seater / Sleeper (2+2)
https://www.redbus.in/bus-tickets/digha-to-barasat-west-bengal,Digha to Barasat (West Bengal),Aradhana Travel,21:45,06h 55m,04:40,1.0,500,13,Non AC Seater (2+3)
https://www.redbus.in/bus-tickets/digha-to-barasat-west-bengal,Digha to Barasat (West Bengal),Satya Paribahan,23:00,06h 10m,05:10,2.9,378,35,A/C Seater (2+3)
https://www.redbus.in/bus-tickets/digha-to-barasat-west-bengal,Digha to Barasat (West Bengal),Aradhana Bus Service,23:00,05h 55m,04:55,2.1,650,56,A/C Seater / Sleeper (2+2)
https://www.redbus.in/bus-tickets/durgapur-to-kolkata,Durgapur (West Bengal) to Kolkata,Shyamoli Paribahan Pvt Ltd,09:30,04h 00m,13:30,4.7,486,19,Volvo A/C Seater (2+2)
https://www.redbus.in/bus-tickets/durgapur-to-kolkata,Durgapur (West Bengal) to Kolkata,Greenline (Karunamoyee),09:40,03h 55m,13:35,4.2,486,9,Volvo A/C Seater (2+2)
https://www.redbus.in/bus-tickets/durgapur-to-kolkata,Durgapur (West Bengal) to Kolkata,SHYAMOLI Pvt. Ltd.(Karunamoyee),11:00,04h 00m,15:00,4.3,486,28,Volvo A/C Seater (2+2)
https://www.redbus.in/bus-tickets/durgapur-to-kolkata,Durgapur (West Bengal) to Kolkata,Greenline (Karunamoyee),15:40,03h 51m,19:31,4.2,486,17,Volvo A/C Seater (2+2)
https://www.redbus.in/bus-tickets/durgapur-to-kolkata,Durgapur (West Bengal) to Kolkata,Express Line (Karunamoyee),16:30,03h 55m,20:25,4.7,486,24,Scania Multi-Axle AC Semi Sleeper (2+2)
https://www.redbus.in/bus-tickets/barasat-west-bengal-to-digha,Barasat (West Bengal) to Digha,SBSTC-BARASAT - DIGHA - VIA - NIBEDITA SETU - 11:15 - BARASAT-D /11-30,11:15,04h 59m,16:14,3.7,170,50,Express(Non AC Seater)
https://www.redbus.in/bus-tickets/barasat-west-bengal-to-digha,Barasat (West Bengal) to Digha,Ankita Paribahan (SOHANA),12:30,05h 30m,18:00,3.5,360,43,AC Seater (2+3)
https://www.redbus.in/bus-tickets/barasat-west-bengal-to-digha,Barasat (West Bengal) to Digha,SANTOSH BUS SERVICE,22:35,06h 55m,05:30,1.8,549,35,A/C Seater / Sleeper (2+2)
https://www.redbus.in/bus-tickets/barasat-west-bengal-to-midnapore,Barasat (West Bengal) to Midnapore,WBTC (CTC) Barasat-Midnapur - 208|16:00,16:00,02h 15m,18:15,3.1,120,38,Non AC Seater (2+3)
https://www.redbus.in/bus-tickets/kolkata-to-durgapur,Kolkata to Durgapur (West Bengal),Greenline,09:15,03h 30m,12:45,4.6,486,8,Volvo A/C Seater (2+2)
https://www.redbus.in/bus-tickets/kolkata-to-durgapur,Kolkata to Durgapur (West Bengal),SHYAMOLI Pvt. Ltd.(Karunamoyee),09:15,03h 15m,12:30,4.0,486,15,Volvo Multi-Axle A/C Semi Sleeper (2+2)
https://www.redbus.in/bus-tickets/kolkata-to-durgapur,Kolkata to Durgapur (West Bengal),SHYAMOLI Pvt. Ltd.(Karunamoyee),10:00,04h 00m,14:00,4.2,486,26,Volvo B11R Multi Axle Seater (2+2)
https://www.redbus.in/bus-tickets/kolkata-to-durgapur,Kolkata to Durgapur (West Bengal),Shyamoli Paribahan Pvt Ltd,11:00,04h 00m,15:00,4.2,486,24,Volvo A/C Seater (2+2)
https://www.redbus.in/bus-tickets/kolkata-to-durgapur,Kolkata to Durgapur (West Bengal),Greenline,11:30,04h 00m,15:30,3.9,486,33,Volvo A/C Seater (2+2)
https://www.redbus.in/bus-tickets/kolkata-to-durgapur,Kolkata to Durgapur (West Bengal),SHYAMOLI Pvt. Ltd.(Karunamoyee),12:00,04h 00m,16:00,4.5,486,23,Volvo A/C Seater (2+2)
https://www.redbus.in/bus-tickets/kolkata-to-durgapur,Kolkata to Durgapur (West Bengal),SHYAMOLI Pvt. Ltd.(Karunamoyee),14:00,04h 00m,18:00,4.4,486,30,Volvo A/C Seater (2+2)
https://www.redbus.in/bus-tickets/kolkata-to-durgapur,Kolkata to Durgapur (West Bengal),Greenline,14:30,04h 00m,18:30,4.3,486,36,Volvo A/C Seater (2+2)
https://www.redbus.in/bus-tickets/kolkata-to-durgapur,Kolkata to Durgapur (West Bengal),Greenline,16:00,03h 15m,19:15,4.5,486,19,Volvo 9600 Multi Axle Semi-Sleeper (2+2)
https://www.redbus.in/bus-tickets/kolkata-to-durgapur,Kolkata to Durgapur (West Bengal),SHYAMOLI Pvt. Ltd.(Karunamoyee),16:00,04h 00m,20:00,4.0,486,20,Volvo A/C Seater (2+2)
https://www.redbus.in/bus-tickets/kolkata-to-durgapur,Kolkata to Durgapur (West Bengal),Royal Cruiser,19:30,03h 45m,23:15,3.6,500,21,Volvo A/C Seater (2+2)
https://www.redbus.in/bus-tickets/kolkata-to-durgapur,Kolkata to Durgapur (West Bengal),Greenline,20:00,03h 58m,23:58,4.4,1150,5,Volvo 9600 A/C Seater/Sleeper (2+1)
https://www.redbus.in/bus-tickets/barasat-west-bengal-to-kolaghat,Barasat (West Bengal) to Kolaghat,WBTC (CTC) Barasat-Midnapur - 208|16:00,16:00,01h 10m,17:10,2.7,69,38,Non AC Seater (2+3)
https://www.redbus.in/bus-tickets/barasat-west-bengal-to-contai-kanthi,Barasat (West Bengal) to Contai (Kanthi),SANTOSH BUS SERVICE,22:35,06h 00m,04:35,2.8,549,37,A/C Seater / Sleeper (2+2)
https://www.redbus.in/bus-tickets/kolkata-to-bolpur-west-bengal,Kolkata to Bolpur (West Bengal),WBTC (CTC) KOLKATA -BOLPUR - SURI (AC-VOLVO) - 104|14:30,14:30,03h 45m,18:15,4.4,375,36,A/C Seater (2+2)
https://www.redbus.in/bus-tickets/kolkata-to-suri,Kolkata to Suri,WBTC (CTC) KOLKATA -BOLPUR - SURI (AC-VOLVO) - 104|14:30,14:30,04h 40m,19:10,4.1,435,36,A/C Seater (2+2)
